Dataset,Partition_Mode,Cumulative_Profile,Strategy,N_Seeds,Baseline_F1_PreAttack_Mean,F1_Final_Mean,Delta_F1_Mean,ASR_Attack_Active_Mean,ASR_Critical_S12_S16_Mean,F1_Critical_S12_S16_Mean,ASR_Peak_Mean,ASR_Final_Mean,Final_Epsilon,First_Round_ASR_GT_0_10_Mean,First_Round_F1_LT_0_95_Mean
NBaIoT_MixedDevice_9Sources_Balanced,IID,Base,Adaptive_FixedCircuitBreaker,10,0.9932217676947965,0.9978888849451056,-0.0046671172503092275,0.001351254480286738,0.001431111111111111,0.9979133300253645,0.001888888888888889,0.0015555555555555555,0.2,,
NBaIoT_MixedDevice_9Sources_Balanced,IID,Base,Adaptive_NoAdaptiveWeighting,10,0.993213831115823,0.9979444413408676,-0.004730610225044474,0.00133452807646356,0.0013155555555555555,0.9979244404622568,0.001888888888888889,0.0014444444444444444,0.2,,
NBaIoT_MixedDevice_9Sources_Balanced,IID,Base,Adaptive_NoCircuitBreaker,10,0.9932217676947965,0.9978888849451056,-0.0046671172503092275,0.001351254480286738,0.001431111111111111,0.9978955521433341,0.001888888888888889,0.0015555555555555555,0.2,,
NBaIoT_MixedDevice_9Sources_Balanced,IID,Base,Adaptive_NoTemporalMemory,10,0.9932297043374596,0.9978888859739268,-0.0046591816364671915,0.0013667861409796891,0.001431111111111111,0.997879996658425,0.001888888888888889,0.0015555555555555555,0.2,,
NBaIoT_MixedDevice_9Sources_Balanced,IID,Base,Adaptive_Ultimate,10,0.9932217676947965,0.9978333290637609,-0.004611561368964434,0.001351254480286738,0.001431111111111111,0.9978577741440198,0.001888888888888889,0.0015555555555555555,0.2,,
NBaIoT_MixedDevice_9Sources_Balanced,IID,Base,FLAME,10,0.989196224405014,0.9977222184670694,-0.00852599406205542,0.0014528076463560333,0.0016133333333333334,0.9976311071357887,0.001888888888888889,0.0015555555555555555,0.2,,
NBaIoT_MixedDevice_9Sources_Balanced,IID,Base,FLTrust,10,0.9932297043374596,0.9979444418552716,-0.004714737517811984,0.001376344086021505,0.0014177777777777778,0.9979155523936789,0.001888888888888889,0.0015555555555555555,0.2,,
NBaIoT_MixedDevice_9Sources_Balanced,IID,Base,FedAvg,10,0.989175551395762,0.9979444416838034,-0.008768890288041342,0.0014348864994026286,0.0014488888888888889,0.9977822192112379,0.002,0.0013333333333333335,0.2,,
NBaIoT_MixedDevice_9Sources_Balanced,IID,Base,Krum,10,0.989708865494034,0.9969999913579765,-0.007291125863942383,0.0016021505376344087,0.0017733333333333334,0.997124434942339,0.002666666666666667,0.001888888888888889,0.2,,
NBaIoT_MixedDevice_9Sources_Balanced,IID,Extreme,Adaptive_FixedCircuitBreaker,10,0.9932217676947965,0.9978333307784588,-0.004611563083662296,0.001328554360812425,0.0013422222222222223,0.9978533294019056,0.001888888888888889,0.0014444444444444444,4.0,,
NBaIoT_MixedDevice_9Sources_Balanced,IID,Extreme,Adaptive_NoAdaptiveWeighting,10,0.993213831115823,0.9979444405521136,-0.0047306094362904675,0.0011541218637992831,0.0011155555555555556,0.997853328533591,0.001888888888888889,0.0012222222222222222,4.0,,
NBaIoT_MixedDevice_9Sources_Balanced,IID,Extreme,Adaptive_NoCircuitBreaker,10,0.9932217676947965,0.9978888865226292,-0.004667118827832706,0.001275985663082437,0.0012311111111111112,0.9979044405027286,0.001888888888888889,0.0013333333333333333,4.0,,
NBaIoT_MixedDevice_9Sources_Balanced,IID,Extreme,Adaptive_NoTemporalMemory,10,0.9932297043374596,0.9978888866598036,-0.0046591823223439245,0.0013249701314217441,0.0013244444444444445,0.997846662741412,0.001888888888888889,0.0013333333333333333,4.0,,
NBaIoT_MixedDevice_9Sources_Balanced,IID,Extreme,Adaptive_Ultimate,10,0.9932217676947965,0.9978888866598036,-0.004667118965007089,0.00131063321385902,0.0012755555555555554,0.9978199958730988,0.001888888888888889,0.0013333333333333333,4.0,,
NBaIoT_MixedDevice_9Sources_Balanced,IID,Extreme,FLAME,10,0.9892444201744242,0.9976666610082022,-0.00842224083377795,0.0012819593787335721,0.0012222222222222222,0.9975399923819867,0.0017777777777777779,0.0012222222222222222,4.0,,
NBaIoT_MixedDevice_9Sources_Balanced,IID,Extreme,FLTrust,10,0.9932297043374596,0.9978888865226292,-0.004659182185169542,0.001267622461170848,0.0012355555555555555,0.9979155516995739,0.001888888888888889,0.0013333333333333333,4.0,,
NBaIoT_MixedDevice_9Sources_Balanced,IID,Extreme,FedAvg,10,0.989175551395762,0.9955555070626309,-0.006379955666868886,0.003267622461170848,0.005666666666666666,0.9960022005968459,0.00788888888888889,0.007666666666666666,4.0,,
NBaIoT_MixedDevice_9Sources_Balanced,IID,Extreme,Krum,10,0.989708865494034,0.997111098113763,-0.0074022326197287994,0.001330943847072879,0.0012266666666666665,0.9970044306953587,0.0022222222222222222,0.0011111111111111111,4.0,,
NBaIoT_MixedDevice_9Sources_Balanced,NonIID_Dirichlet,Base,Adaptive_FixedCircuitBreaker,10,0.9816327928158687,0.9968888765430772,-0.015256083727208603,0.0020310633213859023,0.002111111111111111,0.996926656436804,0.0024444444444444444,0.0021111111111111113,0.2,,
NBaIoT_MixedDevice_9Sources_Balanced,NonIID_Dirichlet,Base,Adaptive_NoAdaptiveWeighting,10,0.9774136049623368,0.9973888844135658,-0.01997527945122901,0.0019199522102747908,0.001991111111111111,0.9972911064217953,0.0023333333333333335,0.001888888888888889,0.2,,
NBaIoT_MixedDevice_9Sources_Balanced,NonIID_Dirichlet,Base,Adaptive_NoCircuitBreaker,10,0.9816327928158687,0.996944432012899,-0.015311639197030246,0.0020298685782556753,0.0021066666666666664,0.9969288786555968,0.0024444444444444444,0.002,0.2,,
NBaIoT_MixedDevice_9Sources_Balanced,NonIID_Dirichlet,Base,Adaptive_NoTemporalMemory,10,0.9833141446341098,0.9968333210732556,-0.013519176439145807,0.0020262843488649943,0.002111111111111111,0.9969422125252898,0.0024444444444444444,0.0021111111111111113,0.2,,
NBaIoT_MixedDevice_9Sources_Balanced,NonIID_Dirichlet,Base,Adaptive_Ultimate,10,0.9816327928158687,0.9968888765430772,-0.015256083727208603,0.0020310633213859023,0.002111111111111111,0.996926656436804,0.0024444444444444444,0.0021111111111111113,0.2,,
NBaIoT_MixedDevice_9Sources_Balanced,NonIID_Dirichlet,Base,FLAME,10,0.9439644000997808,0.99683332625169,-0.0528689261519093,0.002091995221027479,0.0022311111111111112,0.9969533264478505,0.0034444444444444444,0.0023333333333333335,0.2,,7.0
NBaIoT_MixedDevice_9Sources_Balanced,NonIID_Dirichlet,Base,FLTrust,10,0.9833141446341098,0.9969444361624881,-0.013630291528378224,0.0020310633213859023,0.002111111111111111,0.9970088813072195,0.0024444444444444444,0.0021111111111111113,0.2,,
NBaIoT_MixedDevice_9Sources_Balanced,NonIID_Dirichlet,Base,FedAvg,10,0.9946347383321916,0.9981111085733791,-0.003476370241187543,0.0014671445639187575,0.001488888888888889,0.9979333305898409,0.0021111111111111113,0.0014444444444444446,0.2,,
NBaIoT_MixedDevice_9Sources_Balanced,NonIID_Dirichlet,Base,Krum,10,0.856492823128544,0.9362770540203453,-0.0797842308918012,0.00737037037037037,0.008804444444444445,0.938925364646537,0.04766666666666667,0.009222222222222222,0.2,7.0,7.0
NBaIoT_MixedDevice_9Sources_Balanced,NonIID_Dirichlet,Extreme,Adaptive_FixedCircuitBreaker,10,0.9816327928158687,0.9969999882371813,-0.015367195421312563,0.0019474313022700119,0.002,0.996993323215954,0.0023333333333333335,0.002,4.0,,
NBaIoT_MixedDevice_9Sources_Balanced,NonIID_Dirichlet,Extreme,Adaptive_NoAdaptiveWeighting,10,0.9774136049623368,0.9973333242454631,-0.019919719283126313,0.0019103942652329748,0.0019955555555555555,0.9972333251913043,0.0023333333333333335,0.0017777777777777779,4.0,,
NBaIoT_MixedDevice_9Sources_Balanced,NonIID_Dirichlet,Extreme,Adaptive_NoCircuitBreaker,10,0.9816327928158687,0.9968888750684464,-0.01525608225257763,0.001973715651135006,0.001928888888888889,0.9968777657166294,0.0025555555555555557,0.001888888888888889,4.0,,
NBaIoT_MixedDevice_9Sources_Balanced,NonIID_Dirichlet,Extreme,Adaptive_NoTemporalMemory,10,0.9833141446341098,0.9968333213476062,-0.01351917671349634,0.0020860215053763445,0.0021066666666666664,0.9968844347982652,0.0025555555555555557,0.002,4.0,,
NBaIoT_MixedDevice_9Sources_Balanced,NonIID_Dirichlet,Extreme,Adaptive_Ultimate,10,0.9816327928158687,0.996888877331832,-0.01525608451596322,0.0020430107526881723,0.002111111111111111,0.9968822123106047,0.0025555555555555557,0.0021111111111111113,4.0,,
NBaIoT_MixedDevice_9Sources_Balanced,NonIID_Dirichlet,Extreme,FLAME,10,0.9437614675370227,0.996666663511651,-0.05290519597462826,0.002554360812425328,0.002791111111111111,0.9966933304334621,0.004333333333333333,0.002666666666666667,4.0,,7.0
NBaIoT_MixedDevice_9Sources_Balanced,NonIID_Dirichlet,Extreme,FLTrust,10,0.9833141446341098,0.9967777659464186,-0.013463621312308816,0.00198805256869773,0.0018977777777777777,0.9968999893682433,0.0025555555555555557,0.001888888888888889,4.0,,
NBaIoT_MixedDevice_9Sources_Balanced,NonIID_Dirichlet,Extreme,FedAvg,10,0.9946347383321916,0.9792838687309562,0.015350869601235462,0.06811589008363203,0.19070222222222222,0.9895712832019588,0.20866666666666664,0.20811111111111114,4.0,62.0,92.5
NBaIoT_MixedDevice_9Sources_Balanced,NonIID_Dirichlet,Extreme,Krum,10,0.856492823128544,0.9408975267277006,-0.08440470359915658,0.008559139784946237,0.00883111111111111,0.9426568327193425,0.04966666666666667,0.008888888888888889,4.0,7.0,7.0
