Dataset,Partition_Mode,Strategy,Metric,Preferred_Direction,N_Paired_Seeds,Base_Mean,Extreme_Mean,Extreme_minus_Base,Paired_Diff_CI95_Low,Paired_Diff_CI95_High,Wilcoxon_W,Wilcoxon_p_raw,Cohen_dz,Wilcoxon_p_Holm,Significant_Holm_0_05
NBaIoT_MixedDevice_9Sources_Balanced,IID,Adaptive_Ultimate,ASR_Critical_S12_S16_Mean,lower,10,0.001431111111111111,0.0012755555555555554,-0.00015555555555555562,-0.00036064575731898686,4.953464620787565e-05,0.0,0.25,-0.5425795087952419,1.0,False
NBaIoT_MixedDevice_9Sources_Balanced,IID,Adaptive_Ultimate,F1_Critical_S12_S16_Mean,higher,10,0.9978577741440198,0.9978199958730988,-3.777827092098507e-05,-0.00017937950096254902,0.0001038229591205789,10.0,1.0,-0.190852487592746,1.0,False
NBaIoT_MixedDevice_9Sources_Balanced,IID,Adaptive_Ultimate,Malicious_Detection_Recall,higher,10,0.1903225806451613,0.9118279569892472,0.7215053763440861,0.37347180296065113,1.069538949727521,2.0,0.005859375,1.4830001848897036,0.029296875,True
NBaIoT_MixedDevice_9Sources_Balanced,IID,Adaptive_Ultimate,Detection_Delay_Mean,lower,2,4.5,4.5,0.0,-12.706204736432095,12.706204736432095,1.5,1.0,0.0,1.0,False
NBaIoT_MixedDevice_9Sources_Balanced,IID,Adaptive_Ultimate,Honest_Rejection_Rate,lower,10,0.1750826901874311,0.17122381477398016,-0.0038588754134509405,-0.018671495972754876,0.010953745145852997,10.5,0.609375,-0.1863595415347937,1.0,False
NBaIoT_MixedDevice_9Sources_Balanced,NonIID_Dirichlet,Adaptive_Ultimate,ASR_Critical_S12_S16_Mean,lower,10,0.0021111111111111113,0.0021111111111111113,0.0,-0.00037469164384665386,0.00037469164384665386,1.5,1.0,0.0,1.0,False
NBaIoT_MixedDevice_9Sources_Balanced,NonIID_Dirichlet,Adaptive_Ultimate,F1_Critical_S12_S16_Mean,higher,10,0.9969266564368038,0.9968822123106047,-4.4444126199216784e-05,-0.00024129144893194826,0.0001524031965335147,9.0,0.84375,-0.16151305573200198,1.0,False
NBaIoT_MixedDevice_9Sources_Balanced,NonIID_Dirichlet,Adaptive_Ultimate,Malicious_Detection_Recall,higher,10,0.4946236559139785,0.9365591397849464,0.4419354838709678,0.11299375236189246,0.7708772153800432,0.0,0.0078125,0.9610869345705785,0.0390625,True
NBaIoT_MixedDevice_9Sources_Balanced,NonIID_Dirichlet,Adaptive_Ultimate,Detection_Delay_Mean,lower,6,1.6666666666666667,0.8333333333333334,-0.8333333333333334,-2.0601710250383074,0.39350435837164055,0.0,0.25,-0.7128324356402512,0.75,False
NBaIoT_MixedDevice_9Sources_Balanced,NonIID_Dirichlet,Adaptive_Ultimate,Honest_Rejection_Rate,lower,10,0.2249173098125689,0.24002205071664826,0.015104740904079378,-0.007271465054523101,0.03748094686268186,2.0,0.09375,0.4828915473377506,0.375,False
