Profile,Round,Legacy_Stage,Attack_Active,Epsilon,Persistent_Attackers
Base,0,0,0,0.0,0
Base,1,0,0,0.0,0
Base,2,0,0,0.0,0
Base,3,0,0,0.0,0
Base,4,0,0,0.0,0
Base,5,0,0,0.0,0
Base,6,0,0,0.0,0
Base,7,1,1,0.2,1
Base,8,1,1,0.2,1
Base,9,1,1,0.2,1
Base,10,1,1,0.2,1
Base,11,1,1,0.2,1
Base,12,1,1,0.2,1
Base,13,2,1,0.2,1
Base,14,2,1,0.2,1
Base,15,2,1,0.2,1
Base,16,2,1,0.2,1
Base,17,2,1,0.2,1
Base,18,2,1,0.2,1
Base,19,3,1,0.2,1
Base,20,3,1,0.2,1
Base,21,3,1,0.2,1
Base,22,3,1,0.2,1
Base,23,3,1,0.2,1
Base,24,3,1,0.2,1
Base,25,4,1,0.2,1
Base,26,4,1,0.2,1
Base,27,4,1,0.2,1
Base,28,4,1,0.2,1
Base,29,4,1,0.2,1
Base,30,4,1,0.2,1
Base,31,5,1,0.2,1
Base,32,5,1,0.2,1
Base,33,5,1,0.2,1
Base,34,5,1,0.2,1
Base,35,5,1,0.2,1
Base,36,5,1,0.2,1
Base,37,5,1,0.2,1
Base,38,6,1,0.2,1
Base,39,6,1,0.2,1
Base,40,6,1,0.2,1
Base,41,6,1,0.2,1
Base,42,6,1,0.2,1
Base,43,6,1,0.2,1
Base,44,7,1,0.2,1
Base,45,7,1,0.2,1
Base,46,7,1,0.2,1
Base,47,7,1,0.2,1
Base,48,7,1,0.2,1
Base,49,7,1,0.2,1
Base,50,8,1,0.2,1
Base,51,8,1,0.2,1
Base,52,8,1,0.2,1
Base,53,8,1,0.2,1
Base,54,8,1,0.2,1
Base,55,8,1,0.2,1
Base,56,9,1,0.2,1
Base,57,9,1,0.2,1
Base,58,9,1,0.2,1
Base,59,9,1,0.2,1
Base,60,9,1,0.2,1
Base,61,9,1,0.2,1
Base,62,10,1,0.2,1
Base,63,10,1,0.2,1
Base,64,10,1,0.2,1
Base,65,10,1,0.2,1
Base,66,10,1,0.2,1
Base,67,10,1,0.2,1
Base,68,10,1,0.2,1
Base,69,11,1,0.2,1
Base,70,11,1,0.2,1
Base,71,11,1,0.2,1
Base,72,11,1,0.2,1
Base,73,11,1,0.2,1
Base,74,11,1,0.2,1
Base,75,12,1,0.2,1
Base,76,12,1,0.2,1
Base,77,12,1,0.2,1
Base,78,12,1,0.2,1
Base,79,12,1,0.2,1
Base,80,12,1,0.2,1
Base,81,13,1,0.2,1
Base,82,13,1,0.2,1
Base,83,13,1,0.2,1
Base,84,13,1,0.2,1
Base,85,13,1,0.2,1
Base,86,13,1,0.2,1
Base,87,14,1,0.2,1
Base,88,14,1,0.2,1
Base,89,14,1,0.2,1
Base,90,14,1,0.2,1
Base,91,14,1,0.2,1
Base,92,14,1,0.2,1
Base,93,15,1,0.2,1
Base,94,15,1,0.2,1
Base,95,15,1,0.2,1
Base,96,15,1,0.2,1
Base,97,15,1,0.2,1
Base,98,15,1,0.2,1
Base,99,16,1,0.2,1
Extreme,0,0,0,0.0,0
Extreme,1,0,0,0.0,0
Extreme,2,0,0,0.0,0
Extreme,3,0,0,0.0,0
Extreme,4,0,0,0.0,0
Extreme,5,0,0,0.0,0
Extreme,6,0,0,0.0,0
Extreme,7,1,1,0.2,1
Extreme,8,1,1,0.24130434782608695,1
Extreme,9,1,1,0.28260869565217395,1
Extreme,10,1,1,0.3239130434782609,1
Extreme,11,1,1,0.3652173913043478,1
Extreme,12,1,1,0.40652173913043477,1
Extreme,13,2,1,0.4478260869565217,1
Extreme,14,2,1,0.4891304347826087,1
Extreme,15,2,1,0.5304347826086957,1
Extreme,16,2,1,0.5717391304347826,1
Extreme,17,2,1,0.6130434782608696,1
Extreme,18,2,1,0.6543478260869565,1
Extreme,19,3,1,0.6956521739130435,1
Extreme,20,3,1,0.7369565217391303,1
Extreme,21,3,1,0.7782608695652173,1
Extreme,22,3,1,0.8195652173913044,1
Extreme,23,3,1,0.8608695652173912,1
Extreme,24,3,1,0.9021739130434783,1
Extreme,25,4,1,0.9434782608695653,1
Extreme,26,4,1,0.9847826086956522,1
Extreme,27,4,1,1.026086956521739,1
Extreme,28,4,1,1.067391304347826,1
Extreme,29,4,1,1.108695652173913,1
Extreme,30,4,1,1.15,1
Extreme,31,5,1,1.191304347826087,1
Extreme,32,5,1,1.2326086956521738,1
Extreme,33,5,1,1.2739130434782606,1
Extreme,34,5,1,1.315217391304348,1
Extreme,35,5,1,1.3565217391304347,1
Extreme,36,5,1,1.3978260869565218,1
Extreme,37,5,1,1.4391304347826086,1
Extreme,38,6,1,1.4804347826086954,1
Extreme,39,6,1,1.5217391304347825,1
Extreme,40,6,1,1.5630434782608693,1
Extreme,41,6,1,1.6043478260869564,1
Extreme,42,6,1,1.6456521739130434,1
Extreme,43,6,1,1.6869565217391305,1
Extreme,44,7,1,1.7282608695652173,1
Extreme,45,7,1,1.7695652173913043,1
Extreme,46,7,1,1.8108695652173912,1
Extreme,47,7,1,1.852173913043478,1
Extreme,48,7,1,1.893478260869565,1
Extreme,49,7,1,1.9347826086956519,1
Extreme,50,8,1,1.9760869565217392,1
Extreme,51,8,1,2.017391304347826,1
Extreme,52,8,1,2.0586956521739133,1
Extreme,53,8,1,2.1,1
Extreme,54,8,1,2.141304347826087,1
Extreme,55,8,1,2.1826086956521737,1
Extreme,56,9,1,2.223913043478261,1
Extreme,57,9,1,2.265217391304348,1
Extreme,58,9,1,2.306521739130435,1
Extreme,59,9,1,2.3478260869565215,1
Extreme,60,9,1,2.389130434782609,1
Extreme,61,9,1,2.430434782608696,1
Extreme,62,10,1,2.4717391304347824,1
Extreme,63,10,1,2.5130434782608697,1
Extreme,64,10,1,2.5543478260869565,1
Extreme,65,10,1,2.595652173913044,1
Extreme,66,10,1,2.63695652173913,1
Extreme,67,10,1,2.6782608695652175,1
Extreme,68,10,1,2.7195652173913043,1
Extreme,69,11,1,2.760869565217391,1
Extreme,70,11,1,2.8021739130434784,1
Extreme,71,11,1,2.8434782608695652,1
Extreme,72,11,1,2.8847826086956525,1
Extreme,73,11,1,2.926086956521739,1
Extreme,74,11,1,2.967391304347826,1
Extreme,75,12,1,3.008695652173913,1
Extreme,76,12,1,3.05,1
Extreme,77,12,1,3.091304347826087,1
Extreme,78,12,1,3.132608695652174,1
Extreme,79,12,1,3.173913043478261,1
Extreme,80,12,1,3.2152173913043476,1
Extreme,81,13,1,3.256521739130435,1
Extreme,82,13,1,3.2978260869565217,1
Extreme,83,13,1,3.339130434782609,1
Extreme,84,13,1,3.380434782608696,1
Extreme,85,13,1,3.4217391304347826,1
Extreme,86,13,1,3.46304347826087,1
Extreme,87,14,1,3.5043478260869563,1
Extreme,88,14,1,3.5456521739130435,1
Extreme,89,14,1,3.5869565217391304,1
Extreme,90,14,1,3.6282608695652177,1
Extreme,91,14,1,3.669565217391304,1
Extreme,92,14,1,3.7108695652173913,1
Extreme,93,15,1,3.7521739130434786,1
Extreme,94,15,1,3.793478260869565,1
Extreme,95,15,1,3.8347826086956522,1
Extreme,96,15,1,3.876086956521739,1
Extreme,97,15,1,3.9173913043478263,1
Extreme,98,15,1,3.9586956521739127,1
Extreme,99,16,1,4.0,1
