Dataset,Partition_Mode,Cumulative_Profile,Seed,Strategy,Baseline_F1_PreAttack,F1_Final,Delta_F1_PreAttack_to_Final,ASR_Attack_Active_Mean,ASR_Critical_S12_S16_Mean,F1_Critical_S12_S16_Mean,ASR_Peak,ASR_Final,Final_Epsilon,First_Round_ASR_GT_0_10,First_Round_F1_LT_0_95
NBaIoT_MixedDevice_9Sources_Balanced,IID,Base,43,Adaptive_FixedCircuitBreaker,0.9895237070333961,0.9949999984567897,-0.0054762914233935645,0.0036678614097968923,0.0041333333333333335,0.9947777706515631,0.0044444444444444444,0.0044444444444444444,0.2,,
NBaIoT_MixedDevice_9Sources_Balanced,IID,Base,43,Adaptive_NoAdaptiveWeighting,0.9895237070333961,0.9961111099108364,-0.006587402877440307,0.0035842293906810023,0.0036,0.9963555548834018,0.0044444444444444444,0.0044444444444444444,0.2,,
NBaIoT_MixedDevice_9Sources_Balanced,IID,Base,43,Adaptive_NoCircuitBreaker,0.9895237070333961,0.9949999984567897,-0.0054762914233935645,0.0036678614097968923,0.0041333333333333335,0.9947777706515631,0.0044444444444444444,0.0044444444444444444,0.2,,
NBaIoT_MixedDevice_9Sources_Balanced,IID,Base,43,Adaptive_NoTemporalMemory,0.9895237070333961,0.9949999984567897,-0.0054762914233935645,0.0036678614097968923,0.0041333333333333335,0.9947999930864058,0.0044444444444444444,0.0044444444444444444,0.2,,
NBaIoT_MixedDevice_9Sources_Balanced,IID,Base,43,Adaptive_Ultimate,0.9895237070333961,0.9949999984567897,-0.0054762914233935645,0.0036678614097968923,0.0041333333333333335,0.9947777706515631,0.0044444444444444444,0.0044444444444444444,0.2,,
NBaIoT_MixedDevice_9Sources_Balanced,IID,Base,43,FLAME,0.9883322597215869,0.9955555500685803,-0.007223290346993427,0.004097968936678614,0.004888888888888889,0.995888885850477,0.005555555555555556,0.005555555555555556,0.2,,
NBaIoT_MixedDevice_9Sources_Balanced,IID,Base,43,FLTrust,0.9895237070333961,0.9949999984567897,-0.0054762914233935645,0.0036678614097968923,0.0041333333333333335,0.9947999930864058,0.0044444444444444444,0.0044444444444444444,0.2,,
NBaIoT_MixedDevice_9Sources_Balanced,IID,Base,43,FedAvg,0.9883323422537309,0.9966666666666667,-0.0083343244129358,0.0038470728793309453,0.003333333333333333,0.9960666637654286,0.0044444444444444444,0.0033333333333333335,0.2,,
NBaIoT_MixedDevice_9Sources_Balanced,IID,Base,43,Krum,0.9887287976364387,0.9949999984567897,-0.006271200820350931,0.0027956989247311815,0.002533333333333333,0.9955999839642666,0.005555555555555556,0.0044444444444444444,0.2,,
NBaIoT_MixedDevice_9Sources_Balanced,IID,Base,44,Adaptive_FixedCircuitBreaker,0.9957936368066976,0.9972222213648831,-0.0014285845581855083,0.0021266427718040614,0.0022222222222222222,0.9972222213648831,0.0022222222222222222,0.0022222222222222222,0.2,,
NBaIoT_MixedDevice_9Sources_Balanced,IID,Base,44,Adaptive_NoAdaptiveWeighting,0.9957936368066976,0.9966666625514352,-0.0008730257447375767,0.002210274790919952,0.0022222222222222222,0.9966666625514351,0.0022222222222222222,0.0022222222222222222,0.2,,
NBaIoT_MixedDevice_9Sources_Balanced,IID,Base,44,Adaptive_NoCircuitBreaker,0.9957936368066976,0.9972222213648831,-0.0014285845581855083,0.0021266427718040614,0.0022222222222222222,0.9970444425445798,0.0022222222222222222,0.0022222222222222222,0.2,,
NBaIoT_MixedDevice_9Sources_Balanced,IID,Base,44,Adaptive_NoTemporalMemory,0.9957936368066976,0.9966666625514352,-0.0008730257447375767,0.0020908004778972516,0.0022222222222222222,0.9968444413717386,0.0022222222222222222,0.0022222222222222222,0.2,,
NBaIoT_MixedDevice_9Sources_Balanced,IID,Base,44,Adaptive_Ultimate,0.9957936368066976,0.9966666625514352,-0.0008730257447375767,0.0021266427718040614,0.0022222222222222222,0.9966666625514351,0.0022222222222222222,0.0022222222222222222,0.2,,
NBaIoT_MixedDevice_9Sources_Balanced,IID,Base,44,FLAME,0.9954761796736668,0.9972222213648831,-0.0017460416912163934,0.0021385902031063313,0.0022222222222222222,0.9971333319547314,0.0022222222222222222,0.0022222222222222222,0.2,,
NBaIoT_MixedDevice_9Sources_Balanced,IID,Base,44,FLTrust,0.9957936368066976,0.9972222213648831,-0.0014285845581855083,0.0021027479091995215,0.0022222222222222222,0.9971999987242789,0.0022222222222222222,0.0022222222222222222,0.2,,
NBaIoT_MixedDevice_9Sources_Balanced,IID,Base,44,FedAvg,0.9957142729766029,0.9977777777777778,-0.002063504801174898,0.002222222222222222,0.0022222222222222222,0.9975333329561041,0.0022222222222222222,0.0022222222222222222,0.2,,
NBaIoT_MixedDevice_9Sources_Balanced,IID,Base,44,Krum,0.9960317355476447,0.9977777750342902,-0.0017460394866455342,0.0021027479091995224,0.0017333333333333335,0.9978222204801079,0.0033333333333333335,0.0011111111111111111,0.2,,
NBaIoT_MixedDevice_9Sources_Balanced,IID,Base,45,Adaptive_FixedCircuitBreaker,0.9961109992333458,0.9983333328189299,-0.002222333585584102,0.0017204301075268815,0.001288888888888889,0.998311110617284,0.0022222222222222222,0.0022222222222222222,0.2,,
NBaIoT_MixedDevice_9Sources_Balanced,IID,Base,45,Adaptive_NoAdaptiveWeighting,0.9960316334436117,0.9977777750342902,-0.0017461415906785405,0.0015770609318996422,0.0011111111111111111,0.9977777750342902,0.0022222222222222222,0.0011111111111111111,0.2,,
NBaIoT_MixedDevice_9Sources_Balanced,IID,Base,45,Adaptive_NoCircuitBreaker,0.9961109992333458,0.9983333328189299,-0.002222333585584102,0.0017204301075268815,0.001288888888888889,0.998311110617284,0.0022222222222222222,0.0022222222222222222,0.2,,
NBaIoT_MixedDevice_9Sources_Balanced,IID,Base,45,Adaptive_NoTemporalMemory,0.9961109992333458,0.9983333328189299,-0.002222333585584102,0.001744324970131421,0.001288888888888889,0.9982666662139917,0.0022222222222222222,0.0022222222222222222,0.2,,
NBaIoT_MixedDevice_9Sources_Balanced,IID,Base,45,Adaptive_Ultimate,0.9961109992333458,0.9983333328189299,-0.002222333585584102,0.0017204301075268815,0.001288888888888889,0.998311110617284,0.0022222222222222222,0.0022222222222222222,0.2,,
NBaIoT_MixedDevice_9Sources_Balanced,IID,Base,45,FLAME,0.9963490971414528,0.9977777750342902,-0.0014286778928374044,0.001111111111111111,0.0011111111111111111,0.9977555528875139,0.0011111111111111111,0.0011111111111111111,0.2,,
NBaIoT_MixedDevice_9Sources_Balanced,IID,Base,45,FLTrust,0.9961109992333458,0.9983333328189299,-0.002222333585584102,0.0017084826762246116,0.0011555555555555555,0.9982666662139917,0.0022222222222222222,0.0022222222222222222,0.2,,
NBaIoT_MixedDevice_9Sources_Balanced,IID,Base,45,FedAvg,0.9961109797813732,0.9977777750342902,-0.0016667952529170194,0.001481481481481482,0.002,0.9973111099519882,0.0022222222222222222,0.0011111111111111111,0.2,,
NBaIoT_MixedDevice_9Sources_Balanced,IID,Base,45,Krum,0.9960316818516813,0.996111100308612,-7.941845693071325e-05,0.0011708482676224612,0.0013333333333333333,0.9965777622221492,0.0022222222222222222,0.0022222222222222222,0.2,,
NBaIoT_MixedDevice_9Sources_Balanced,IID,Base,46,Adaptive_FixedCircuitBreaker,0.9943640378242219,0.9983333328189299,-0.003969294994707995,0.001111111111111111,0.0011111111111111111,0.9983333328189299,0.0011111111111111111,0.0011111111111111111,0.2,,
NBaIoT_MixedDevice_9Sources_Balanced,IID,Base,46,Adaptive_NoAdaptiveWeighting,0.9943640378242219,0.9983333328189299,-0.003969294994707995,0.001111111111111111,0.0011111111111111111,0.9983333328189299,0.0011111111111111111,0.0011111111111111111,0.2,,
NBaIoT_MixedDevice_9Sources_Balanced,IID,Base,46,Adaptive_NoCircuitBreaker,0.9943640378242219,0.9983333328189299,-0.003969294994707995,0.001111111111111111,0.0011111111111111111,0.9983333328189299,0.0011111111111111111,0.0011111111111111111,0.2,,
NBaIoT_MixedDevice_9Sources_Balanced,IID,Base,46,Adaptive_NoTemporalMemory,0.9944434019972389,0.9983333328189299,-0.003889930821690979,0.001111111111111111,0.0011111111111111111,0.9983333328189299,0.0011111111111111111,0.0011111111111111111,0.2,,
NBaIoT_MixedDevice_9Sources_Balanced,IID,Base,46,Adaptive_Ultimate,0.9943640378242219,0.9983333328189299,-0.003969294994707995,0.001111111111111111,0.0011111111111111111,0.9983333328189299,0.0011111111111111111,0.0011111111111111111,0.2,,
NBaIoT_MixedDevice_9Sources_Balanced,IID,Base,46,FLAME,0.992299486759008,0.9972222145061513,-0.004922727747143307,0.001111111111111111,0.0011111111111111111,0.9977999972359359,0.0011111111111111111,0.0011111111111111111,0.2,,
NBaIoT_MixedDevice_9Sources_Balanced,IID,Base,46,FLTrust,0.9944434019972389,0.9983333328189299,-0.003889930821690979,0.001111111111111111,0.0011111111111111111,0.9983333328189299,0.0011111111111111111,0.0011111111111111111,0.2,,
NBaIoT_MixedDevice_9Sources_Balanced,IID,Base,46,FedAvg,0.993490263924764,0.9977777750342902,-0.0042875111095261875,0.001624850657108722,0.0013777777777777777,0.9977777754732482,0.0022222222222222222,0.0011111111111111111,0.2,,
NBaIoT_MixedDevice_9Sources_Balanced,IID,Base,46,Krum,0.9946821481562053,0.996111100308612,-0.0014289521524067927,0.0018518518518518508,0.0022222222222222222,0.9961111003086119,0.0022222222222222222,0.0022222222222222222,0.2,,
NBaIoT_MixedDevice_9Sources_Balanced,IID,Base,47,Adaptive_FixedCircuitBreaker,0.9957142180076054,0.9994444442729766,-0.003730226265371228,0.001111111111111111,0.0011111111111111111,0.9994444442729766,0.0011111111111111111,0.0011111111111111111,0.2,,
NBaIoT_MixedDevice_9Sources_Balanced,IID,Base,47,Adaptive_NoAdaptiveWeighting,0.9957142180076054,0.9994444442729766,-0.003730226265371228,0.001111111111111111,0.0011111111111111111,0.9994444442729766,0.0011111111111111111,0.0011111111111111111,0.2,,
NBaIoT_MixedDevice_9Sources_Balanced,IID,Base,47,Adaptive_NoCircuitBreaker,0.9957142180076054,0.9994444442729766,-0.003730226265371228,0.001111111111111111,0.0011111111111111111,0.9994444442729766,0.0011111111111111111,0.0011111111111111111,0.2,,
NBaIoT_MixedDevice_9Sources_Balanced,IID,Base,47,Adaptive_NoTemporalMemory,0.9957142180076054,0.9994444442729766,-0.003730226265371228,0.001111111111111111,0.0011111111111111111,0.9994444442729766,0.0011111111111111111,0.0011111111111111111,0.2,,
NBaIoT_MixedDevice_9Sources_Balanced,IID,Base,47,Adaptive_Ultimate,0.9957142180076054,0.9994444442729766,-0.003730226265371228,0.001111111111111111,0.0011111111111111111,0.9994444442729766,0.0011111111111111111,0.0011111111111111111,0.2,,
NBaIoT_MixedDevice_9Sources_Balanced,IID,Base,47,FLAME,0.9950792850757626,0.9994444442729766,-0.00436515919721403,0.001111111111111111,0.0011111111111111111,0.9994444442729766,0.0011111111111111111,0.0011111111111111111,0.2,,
NBaIoT_MixedDevice_9Sources_Balanced,IID,Base,47,FLTrust,0.9957142180076054,0.9994444442729766,-0.003730226265371228,0.001111111111111111,0.0011111111111111111,0.9994444442729766,0.0011111111111111111,0.0011111111111111111,0.2,,
NBaIoT_MixedDevice_9Sources_Balanced,IID,Base,47,FedAvg,0.994682492234067,0.9988888888888889,-0.00420639665482192,0.001111111111111111,0.0011111111111111111,0.998888888888889,0.0011111111111111111,0.0011111111111111111,0.2,,
NBaIoT_MixedDevice_9Sources_Balanced,IID,Base,47,Krum,0.9954761265665191,0.9988888888888889,-0.0034127623223698667,0.001111111111111111,0.0011111111111111111,0.998888888888889,0.0011111111111111111,0.0011111111111111111,0.2,,
NBaIoT_MixedDevice_9Sources_Balanced,IID,Base,48,Adaptive_FixedCircuitBreaker,0.9935713921951878,0.9983333328189299,-0.0047619406237421336,0.001230585424133811,0.0011111111111111111,0.9983333328189299,0.0033333333333333335,0.0011111111111111111,0.2,,
NBaIoT_MixedDevice_9Sources_Balanced,IID,Base,48,Adaptive_NoAdaptiveWeighting,0.9935713921951878,0.9983333328189299,-0.0047619406237421336,0.001230585424133811,0.0011111111111111111,0.998222221262002,0.0033333333333333335,0.0011111111111111111,0.2,,
NBaIoT_MixedDevice_9Sources_Balanced,IID,Base,48,Adaptive_NoCircuitBreaker,0.9935713921951878,0.9983333328189299,-0.0047619406237421336,0.001230585424133811,0.0011111111111111111,0.9983333328189299,0.0033333333333333335,0.0011111111111111111,0.2,,
NBaIoT_MixedDevice_9Sources_Balanced,IID,Base,48,Adaptive_NoTemporalMemory,0.9935713921951878,0.9983333328189299,-0.0047619406237421336,0.001230585424133811,0.0011111111111111111,0.9983333328189299,0.0033333333333333335,0.0011111111111111111,0.2,,
NBaIoT_MixedDevice_9Sources_Balanced,IID,Base,48,Adaptive_Ultimate,0.9935713921951878,0.9983333328189299,-0.0047619406237421336,0.001230585424133811,0.0011111111111111111,0.9983333328189299,0.0033333333333333335,0.0011111111111111111,0.2,,
NBaIoT_MixedDevice_9Sources_Balanced,IID,Base,48,FLAME,0.9928570910240145,0.9983333328189299,-0.005476241794915349,0.0019474313022700125,0.0023555555555555556,0.9970888875240033,0.0033333333333333335,0.0011111111111111111,0.2,,
NBaIoT_MixedDevice_9Sources_Balanced,IID,Base,48,FLTrust,0.9935713921951878,0.9983333328189299,-0.0047619406237421336,0.001230585424133811,0.0011111111111111111,0.9983333328189299,0.0033333333333333335,0.0011111111111111111,0.2,,
NBaIoT_MixedDevice_9Sources_Balanced,IID,Base,48,FedAvg,0.9928570931796159,0.9983333328189299,-0.0054762396393139845,0.001290322580645161,0.0011111111111111111,0.9980222204595316,0.0033333333333333335,0.0011111111111111111,0.2,,
NBaIoT_MixedDevice_9Sources_Balanced,IID,Base,48,Krum,0.9933332987942419,0.9972222007885864,-0.0038889019943444403,0.001242532855436081,0.00039999999999999996,0.9976444328257217,0.0022222222222222222,0.0,0.2,,
NBaIoT_MixedDevice_9Sources_Balanced,IID,Base,49,Adaptive_FixedCircuitBreaker,0.9924599188687087,0.9983333287036908,-0.005873409834982191,0.0,0.0,0.998333328703691,0.0,0.0,0.2,,
NBaIoT_MixedDevice_9Sources_Balanced,IID,Base,49,Adaptive_NoAdaptiveWeighting,0.9924599188687087,0.9983333287036908,-0.005873409834982191,0.0,0.0,0.998333328703691,0.0,0.0,0.2,,
NBaIoT_MixedDevice_9Sources_Balanced,IID,Base,49,Adaptive_NoCircuitBreaker,0.9924599188687087,0.9983333287036908,-0.005873409834982191,0.0,0.0,0.998333328703691,0.0,0.0,0.2,,
NBaIoT_MixedDevice_9Sources_Balanced,IID,Base,49,Adaptive_NoTemporalMemory,0.9924599188687087,0.9983333287036908,-0.005873409834982191,0.0,0.0,0.998333328703691,0.0,0.0,0.2,,
NBaIoT_MixedDevice_9Sources_Balanced,IID,Base,49,Adaptive_Ultimate,0.9924599188687087,0.9983333287036908,-0.005873409834982191,0.0,0.0,0.998333328703691,0.0,0.0,0.2,,
NBaIoT_MixedDevice_9Sources_Balanced,IID,Base,49,FLAME,0.9895216075677757,0.9983333287036908,-0.008811721135915107,0.0,0.0,0.998333328703691,0.0,0.0,0.2,,
NBaIoT_MixedDevice_9Sources_Balanced,IID,Base,49,FLTrust,0.9924599188687087,0.9983333287036908,-0.005873409834982191,0.0,0.0,0.998333328703691,0.0,0.0,0.2,,
NBaIoT_MixedDevice_9Sources_Balanced,IID,Base,49,FedAvg,0.9901576294501303,0.9983333287036908,-0.008175699253560542,0.0,0.0,0.998333328703691,0.0,0.0,0.2,,
NBaIoT_MixedDevice_9Sources_Balanced,IID,Base,49,Krum,0.988727548289777,0.9972222213648831,-0.008494673075106096,0.001290322580645161,0.0028888888888888888,0.9973999994855965,0.0033333333333333335,0.0033333333333333335,0.2,,
NBaIoT_MixedDevice_9Sources_Balanced,IID,Base,50,Adaptive_FixedCircuitBreaker,0.9863465469389961,0.9961110811040208,-0.009764534165024652,0.0006810035842293908,0.0011111111111111111,0.996599981913481,0.0011111111111111111,0.0011111111111111111,0.2,,
NBaIoT_MixedDevice_9Sources_Balanced,IID,Base,50,Adaptive_NoAdaptiveWeighting,0.9863465469389961,0.99666665020568,-0.010320103266683867,0.00035842293906810036,0.0011111111111111111,0.9963333080039343,0.0011111111111111111,0.0011111111111111111,0.2,,
NBaIoT_MixedDevice_9Sources_Balanced,IID,Base,50,Adaptive_NoCircuitBreaker,0.9863465469389961,0.9961110811040208,-0.009764534165024652,0.0006810035842293908,0.0011111111111111111,0.996599981913481,0.0011111111111111111,0.0011111111111111111,0.2,,
NBaIoT_MixedDevice_9Sources_Balanced,IID,Base,50,Adaptive_NoTemporalMemory,0.9863465469389961,0.99666665020568,-0.010320103266683867,0.0006810035842293908,0.0011111111111111111,0.99666665020568,0.0011111111111111111,0.0011111111111111111,0.2,,
NBaIoT_MixedDevice_9Sources_Balanced,IID,Base,50,Adaptive_Ultimate,0.9863465469389961,0.9961110811040208,-0.009764534165024652,0.0006810035842293908,0.0011111111111111111,0.996599981913481,0.0011111111111111111,0.0011111111111111111,0.2,,
NBaIoT_MixedDevice_9Sources_Balanced,IID,Base,50,FLAME,0.9545871225123449,0.9972222145061513,-0.04263509199380644,0.0006332138590203107,0.0011111111111111111,0.9967555395335179,0.0011111111111111111,0.0011111111111111111,0.2,,
NBaIoT_MixedDevice_9Sources_Balanced,IID,Base,50,FLTrust,0.9863465469389961,0.99666665020568,-0.010320103266683867,0.0006571087216248507,0.0011111111111111111,0.99666665020568,0.0011111111111111111,0.0011111111111111111,0.2,,
NBaIoT_MixedDevice_9Sources_Balanced,IID,Base,50,FedAvg,0.9537439738749843,0.99666665020568,-0.042922676330695686,0.0004778972520908005,0.0011111111111111111,0.99666665020568,0.0011111111111111111,0.0011111111111111111,0.2,,
NBaIoT_MixedDevice_9Sources_Balanced,IID,Base,50,Krum,0.9578869819258112,0.9961110811040208,-0.03822409917820957,0.00034647550776583036,0.0011111111111111111,0.99617774939622,0.0011111111111111111,0.0011111111111111111,0.2,,
NBaIoT_MixedDevice_9Sources_Balanced,IID,Base,51,Adaptive_FixedCircuitBreaker,0.9921427538434889,0.9983333328189299,-0.006190578975440952,0.001111111111111111,0.0011111111111111111,0.9983333328189299,0.0011111111111111111,0.0011111111111111111,0.2,,
NBaIoT_MixedDevice_9Sources_Balanced,IID,Base,51,Adaptive_NoAdaptiveWeighting,0.9921427538434889,0.9983333328189299,-0.006190578975440952,0.001111111111111111,0.0011111111111111111,0.9983333328189299,0.0011111111111111111,0.0011111111111111111,0.2,,
NBaIoT_MixedDevice_9Sources_Balanced,IID,Base,51,Adaptive_NoCircuitBreaker,0.9921427538434889,0.9983333328189299,-0.006190578975440952,0.001111111111111111,0.0011111111111111111,0.9983333328189299,0.0011111111111111111,0.0011111111111111111,0.2,,
NBaIoT_MixedDevice_9Sources_Balanced,IID,Base,51,Adaptive_NoTemporalMemory,0.9921427560971036,0.9983333328189299,-0.006190576721826324,0.001111111111111111,0.0011111111111111111,0.9983333328189299,0.0011111111111111111,0.0011111111111111111,0.2,,
NBaIoT_MixedDevice_9Sources_Balanced,IID,Base,51,Adaptive_Ultimate,0.9921427538434889,0.9983333328189299,-0.006190578975440952,0.001111111111111111,0.0011111111111111111,0.9983333328189299,0.0011111111111111111,0.0011111111111111111,0.2,,
NBaIoT_MixedDevice_9Sources_Balanced,IID,Base,51,FLAME,0.9911902840582238,0.9972222145061513,-0.0060319304479274916,0.001111111111111111,0.0011111111111111111,0.9972222145061513,0.0011111111111111111,0.0011111111111111111,0.2,,
NBaIoT_MixedDevice_9Sources_Balanced,IID,Base,51,FLTrust,0.9921427560971036,0.9983333328189299,-0.006190576721826324,0.001111111111111111,0.0011111111111111111,0.9983333328189299,0.0011111111111111111,0.0011111111111111111,0.2,,
NBaIoT_MixedDevice_9Sources_Balanced,IID,Base,51,FedAvg,0.990555367982403,0.9983333328189299,-0.007777964836526929,0.001111111111111111,0.0011111111111111111,0.9983333328189299,0.0011111111111111111,0.0011111111111111111,0.2,,
NBaIoT_MixedDevice_9Sources_Balanced,IID,Base,51,Krum,0.9902379625927793,0.9972222145061513,-0.0069842519133720415,0.001278375149342891,0.0011111111111111111,0.9972222145061513,0.0022222222222222222,0.0011111111111111111,0.2,,
NBaIoT_MixedDevice_9Sources_Balanced,IID,Base,52,Adaptive_FixedCircuitBreaker,0.9961904661963167,0.9994444442729766,-0.003253978076659947,0.0007526881720430104,0.0011111111111111111,0.9994444442729766,0.0022222222222222222,0.0011111111111111111,0.2,,
NBaIoT_MixedDevice_9Sources_Balanced,IID,Base,52,Adaptive_NoAdaptiveWeighting,0.9961904661963167,0.9994444442729766,-0.003253978076659947,0.0010513739545997608,0.0006666666666666666,0.9994444442729766,0.0022222222222222222,0.0011111111111111111,0.2,,
NBaIoT_MixedDevice_9Sources_Balanced,IID,Base,52,Adaptive_NoCircuitBreaker,0.9961904661963167,0.9994444442729766,-0.003253978076659947,0.0007526881720430104,0.0011111111111111111,0.9994444442729766,0.0022222222222222222,0.0011111111111111111,0.2,,
NBaIoT_MixedDevice_9Sources_Balanced,IID,Base,52,Adaptive_NoTemporalMemory,0.9961904661963167,0.9994444442729766,-0.003253978076659947,0.0009199522102747906,0.0011111111111111111,0.9994444442729766,0.0022222222222222222,0.0011111111111111111,0.2,,
NBaIoT_MixedDevice_9Sources_Balanced,IID,Base,52,Adaptive_Ultimate,0.9961904661963167,0.9994444442729766,-0.003253978076659947,0.0007526881720430104,0.0011111111111111111,0.9994444442729766,0.0022222222222222222,0.0011111111111111111,0.2,,
NBaIoT_MixedDevice_9Sources_Balanced,IID,Base,52,FLAME,0.9962698305163037,0.9988888888888889,-0.002619058372585248,0.001266427718040621,0.0011111111111111111,0.998888888888889,0.0022222222222222222,0.0011111111111111111,0.2,,
NBaIoT_MixedDevice_9Sources_Balanced,IID,Base,52,FLTrust,0.9961904661963167,0.9994444442729766,-0.003253978076659947,0.0010633213859020307,0.0011111111111111111,0.9994444442729766,0.0022222222222222222,0.0011111111111111111,0.2,,
NBaIoT_MixedDevice_9Sources_Balanced,IID,Base,52,FedAvg,0.9961110982999485,0.9988888888888889,-0.002777790588940454,0.001182795698924731,0.0011111111111111111,0.998888888888889,0.0022222222222222222,0.0011111111111111111,0.2,,
NBaIoT_MixedDevice_9Sources_Balanced,IID,Base,52,Krum,0.995952373579242,0.9983333328189299,-0.002380959239687841,0.002831541218637994,0.003288888888888889,0.9977999973456758,0.0033333333333333335,0.0022222222222222222,0.2,,
NBaIoT_MixedDevice_9Sources_Balanced,IID,Extreme,43,Adaptive_FixedCircuitBreaker,0.9895237070333961,0.9944444375857254,-0.004920730552329333,0.003237753882915172,0.003422222222222222,0.9949555417763524,0.0044444444444444444,0.0044444444444444444,4.0,,
NBaIoT_MixedDevice_9Sources_Balanced,IID,Extreme,43,Adaptive_NoAdaptiveWeighting,0.9895237070333961,0.9966666625514352,-0.007142955518039118,0.0028793309438470737,0.0022222222222222222,0.9961333215500247,0.0044444444444444444,0.0022222222222222222,4.0,,
NBaIoT_MixedDevice_9Sources_Balanced,IID,Extreme,43,Adaptive_NoCircuitBreaker,0.9895237070333961,0.9944444375857254,-0.004920730552329333,0.003237753882915172,0.003422222222222222,0.9949555417763524,0.0044444444444444444,0.0044444444444444444,4.0,,
NBaIoT_MixedDevice_9Sources_Balanced,IID,Extreme,43,Adaptive_NoTemporalMemory,0.9895237070333961,0.9944444375857254,-0.004920730552329333,0.0032497013142174422,0.003466666666666667,0.9949333198764923,0.0044444444444444444,0.0044444444444444444,4.0,,
NBaIoT_MixedDevice_9Sources_Balanced,IID,Extreme,43,Adaptive_Ultimate,0.9895237070333961,0.9944444375857254,-0.004920730552329333,0.003237753882915172,0.003422222222222222,0.9949555417763524,0.0044444444444444444,0.0044444444444444444,4.0,,
NBaIoT_MixedDevice_9Sources_Balanced,IID,Extreme,43,FLAME,0.9882528937358908,0.9966666625514352,-0.008413768815544453,0.002855436081242534,0.0022222222222222222,0.996088873429259,0.0044444444444444444,0.0022222222222222222,4.0,,
NBaIoT_MixedDevice_9Sources_Balanced,IID,Extreme,43,FLTrust,0.9895237070333961,0.9944444375857254,-0.004920730552329333,0.0032497013142174422,0.003466666666666667,0.9949333198764923,0.0044444444444444444,0.0044444444444444444,4.0,,
NBaIoT_MixedDevice_9Sources_Balanced,IID,Extreme,43,FedAvg,0.9883323422537309,0.9933332592584362,-0.005000917004705285,0.005925925925925926,0.007644444444444445,0.9943555278324325,0.01,0.01,4.0,,
NBaIoT_MixedDevice_9Sources_Balanced,IID,Extreme,43,Krum,0.9887287976364387,0.9955555336075734,-0.006826735971134701,0.002652329749103942,0.0022222222222222222,0.995866650960155,0.005555555555555556,0.0022222222222222222,4.0,,
NBaIoT_MixedDevice_9Sources_Balanced,IID,Extreme,44,Adaptive_FixedCircuitBreaker,0.9957936368066976,0.9966666625514352,-0.0008730257447375767,0.0021266427718040614,0.0022222222222222222,0.9970222201920419,0.0022222222222222222,0.0022222222222222222,4.0,,
NBaIoT_MixedDevice_9Sources_Balanced,IID,Extreme,44,Adaptive_NoAdaptiveWeighting,0.9957936368066976,0.9966666625514352,-0.0008730257447375767,0.002222222222222222,0.0022222222222222222,0.9966666625514351,0.0022222222222222222,0.0022222222222222222,4.0,,
NBaIoT_MixedDevice_9Sources_Balanced,IID,Extreme,44,Adaptive_NoCircuitBreaker,0.9957936368066976,0.9972222213648831,-0.0014285845581855083,0.0021266427718040614,0.0022222222222222222,0.9970666648971176,0.0022222222222222222,0.0022222222222222222,4.0,,
NBaIoT_MixedDevice_9Sources_Balanced,IID,Extreme,44,Adaptive_NoTemporalMemory,0.9957936368066976,0.9972222213648831,-0.0014285845581855083,0.0021266427718040614,0.0022222222222222222,0.9969777754869661,0.0022222222222222222,0.0022222222222222222,4.0,,
NBaIoT_MixedDevice_9Sources_Balanced,IID,Extreme,44,Adaptive_Ultimate,0.9957936368066976,0.9972222213648831,-0.0014285845581855083,0.0021266427718040614,0.0022222222222222222,0.9966888849039731,0.0022222222222222222,0.0022222222222222222,4.0,,
NBaIoT_MixedDevice_9Sources_Balanced,IID,Extreme,44,FLAME,0.9955555422299857,0.9966666625514352,-0.0011111203214495546,0.0021505376344086013,0.0022222222222222222,0.9969333307818903,0.0022222222222222222,0.0022222222222222222,4.0,,
NBaIoT_MixedDevice_9Sources_Balanced,IID,Extreme,44,FLTrust,0.9957936368066976,0.9972222213648831,-0.0014285845581855083,0.0021266427718040614,0.0022222222222222222,0.9971333319547314,0.0022222222222222222,0.0022222222222222222,4.0,,
NBaIoT_MixedDevice_9Sources_Balanced,IID,Extreme,44,FedAvg,0.9957142729766029,0.9966666625514352,-0.0009523895748323463,0.003357228195937873,0.0053777777777777765,0.9967333296090488,0.0077777777777777776,0.0077777777777777776,4.0,,
NBaIoT_MixedDevice_9Sources_Balanced,IID,Extreme,44,Krum,0.9960317355476447,0.9972222213648831,-0.0011904858172384625,0.002556750298685782,0.002711111111111111,0.9970666660493825,0.0033333333333333335,0.0022222222222222222,4.0,,
NBaIoT_MixedDevice_9Sources_Balanced,IID,Extreme,45,Adaptive_FixedCircuitBreaker,0.9961109992333458,0.9983333328189299,-0.002222333585584102,0.001421744324970132,0.0011111111111111111,0.9983333328189299,0.0022222222222222222,0.0011111111111111111,4.0,,
NBaIoT_MixedDevice_9Sources_Balanced,IID,Extreme,45,Adaptive_NoAdaptiveWeighting,0.9960316334436117,0.9972222145061513,-0.001190581062539664,0.001158900836320191,0.0011555555555555555,0.9972444369272769,0.0022222222222222222,0.0022222222222222222,4.0,,
NBaIoT_MixedDevice_9Sources_Balanced,IID,Extreme,45,Adaptive_NoCircuitBreaker,0.9961109992333458,0.9983333328189299,-0.002222333585584102,0.001421744324970132,0.0011111111111111111,0.9983333328189299,0.0022222222222222222,0.0011111111111111111,4.0,,
NBaIoT_MixedDevice_9Sources_Balanced,IID,Extreme,45,Adaptive_NoTemporalMemory,0.9961109992333458,0.9983333328189299,-0.002222333585584102,0.0014336917562724016,0.0011111111111111111,0.9983333328189299,0.0022222222222222222,0.0011111111111111111,4.0,,
NBaIoT_MixedDevice_9Sources_Balanced,IID,Extreme,45,Adaptive_Ultimate,0.9961109992333458,0.9983333328189299,-0.002222333585584102,0.001421744324970132,0.0011111111111111111,0.9983333328189299,0.0022222222222222222,0.0011111111111111111,4.0,,
NBaIoT_MixedDevice_9Sources_Balanced,IID,Extreme,45,FLAME,0.9963490971414528,0.9977777750342902,-0.0014286778928374044,0.001111111111111111,0.0011111111111111111,0.9977777750342902,0.0011111111111111111,0.0011111111111111111,4.0,,
NBaIoT_MixedDevice_9Sources_Balanced,IID,Extreme,45,FLTrust,0.9961109992333458,0.9983333328189299,-0.002222333585584102,0.0014336917562724016,0.0011111111111111111,0.9983333328189299,0.0022222222222222222,0.0011111111111111111,4.0,,
NBaIoT_MixedDevice_9Sources_Balanced,IID,Extreme,45,FedAvg,0.9961109797813732,0.9966666666666667,-0.0005556868852935049,0.002317801672640382,0.0029333333333333334,0.996688887208503,0.0033333333333333335,0.0033333333333333335,4.0,,
NBaIoT_MixedDevice_9Sources_Balanced,IID,Extreme,45,Krum,0.9960316818516813,0.996111100308612,-7.941845693071325e-05,0.0011708482676224612,0.0013333333333333333,0.9965777622221492,0.0022222222222222222,0.0022222222222222222,4.0,,
NBaIoT_MixedDevice_9Sources_Balanced,IID,Extreme,46,Adaptive_FixedCircuitBreaker,0.9943640378242219,0.9983333328189299,-0.003969294994707995,0.001111111111111111,0.0011111111111111111,0.9983333328189299,0.0011111111111111111,0.0011111111111111111,4.0,,
NBaIoT_MixedDevice_9Sources_Balanced,IID,Extreme,46,Adaptive_NoAdaptiveWeighting,0.9943640378242219,0.9983333328189299,-0.003969294994707995,0.001111111111111111,0.0011111111111111111,0.9983333328189299,0.0011111111111111111,0.0011111111111111111,4.0,,
NBaIoT_MixedDevice_9Sources_Balanced,IID,Extreme,46,Adaptive_NoCircuitBreaker,0.9943640378242219,0.9983333328189299,-0.003969294994707995,0.001111111111111111,0.0011111111111111111,0.9983333328189299,0.0011111111111111111,0.0011111111111111111,4.0,,
NBaIoT_MixedDevice_9Sources_Balanced,IID,Extreme,46,Adaptive_NoTemporalMemory,0.9944434019972389,0.9983333328189299,-0.003889930821690979,0.001111111111111111,0.0011111111111111111,0.9983333328189299,0.0011111111111111111,0.0011111111111111111,4.0,,
NBaIoT_MixedDevice_9Sources_Balanced,IID,Extreme,46,Adaptive_Ultimate,0.9943640378242219,0.9983333328189299,-0.003969294994707995,0.001111111111111111,0.0011111111111111111,0.9983333328189299,0.0011111111111111111,0.0011111111111111111,4.0,,
NBaIoT_MixedDevice_9Sources_Balanced,IID,Extreme,46,FLAME,0.992299486759008,0.9977777750342902,-0.005478288275282184,0.001111111111111111,0.0011111111111111111,0.9977777750342902,0.0011111111111111111,0.0011111111111111111,4.0,,
NBaIoT_MixedDevice_9Sources_Balanced,IID,Extreme,46,FLTrust,0.9944434019972389,0.9983333328189299,-0.003889930821690979,0.001111111111111111,0.0011111111111111111,0.9983333328189299,0.0011111111111111111,0.0011111111111111111,4.0,,
NBaIoT_MixedDevice_9Sources_Balanced,IID,Extreme,46,FedAvg,0.993490263924764,0.9911107160318235,0.002379547892940481,0.007108721624850657,0.015288888888888887,0.9930664918877574,0.021111111111111112,0.021111111111111112,4.0,,
NBaIoT_MixedDevice_9Sources_Balanced,IID,Extreme,46,Krum,0.9946821481562053,0.996111100308612,-0.0014289521524067927,0.0018518518518518508,0.0022222222222222222,0.9961111003086119,0.0022222222222222222,0.0022222222222222222,4.0,,
NBaIoT_MixedDevice_9Sources_Balanced,IID,Extreme,47,Adaptive_FixedCircuitBreaker,0.9957142180076054,0.9994444442729766,-0.003730226265371228,0.001111111111111111,0.0011111111111111111,0.9994444442729766,0.0011111111111111111,0.0011111111111111111,4.0,,
NBaIoT_MixedDevice_9Sources_Balanced,IID,Extreme,47,Adaptive_NoAdaptiveWeighting,0.9957142180076054,0.9994444442729766,-0.003730226265371228,0.001111111111111111,0.0011111111111111111,0.9994444442729766,0.0011111111111111111,0.0011111111111111111,4.0,,
NBaIoT_MixedDevice_9Sources_Balanced,IID,Extreme,47,Adaptive_NoCircuitBreaker,0.9957142180076054,0.9994444442729766,-0.003730226265371228,0.001111111111111111,0.0011111111111111111,0.9994444442729766,0.0011111111111111111,0.0011111111111111111,4.0,,
NBaIoT_MixedDevice_9Sources_Balanced,IID,Extreme,47,Adaptive_NoTemporalMemory,0.9957142180076054,0.9994444442729766,-0.003730226265371228,0.001111111111111111,0.0011111111111111111,0.9994444442729766,0.0011111111111111111,0.0011111111111111111,4.0,,
NBaIoT_MixedDevice_9Sources_Balanced,IID,Extreme,47,Adaptive_Ultimate,0.9957142180076054,0.9994444442729766,-0.003730226265371228,0.001111111111111111,0.0011111111111111111,0.9994444442729766,0.0011111111111111111,0.0011111111111111111,4.0,,
NBaIoT_MixedDevice_9Sources_Balanced,IID,Extreme,47,FLAME,0.9951586549318778,0.9988888888888889,-0.0037302339570111087,0.001111111111111111,0.0011111111111111111,0.998888888888889,0.0011111111111111111,0.0011111111111111111,4.0,,
NBaIoT_MixedDevice_9Sources_Balanced,IID,Extreme,47,FLTrust,0.9957142180076054,0.9994444442729766,-0.003730226265371228,0.001111111111111111,0.0011111111111111111,0.9994444442729766,0.0011111111111111111,0.0011111111111111111,4.0,,
NBaIoT_MixedDevice_9Sources_Balanced,IID,Extreme,47,FedAvg,0.994682492234067,0.9966666666666667,-0.0019841744325996835,0.0016606929510155314,0.0027555555555555554,0.9974888877709178,0.0044444444444444444,0.0033333333333333335,4.0,,
NBaIoT_MixedDevice_9Sources_Balanced,IID,Extreme,47,Krum,0.9954761265665191,0.9977777750342902,-0.0023016484677711446,0.001111111111111111,0.0011111111111111111,0.9977777750342902,0.0011111111111111111,0.0011111111111111111,4.0,,
NBaIoT_MixedDevice_9Sources_Balanced,IID,Extreme,48,Adaptive_FixedCircuitBreaker,0.9935713921951878,0.9983333328189299,-0.0047619406237421336,0.001254480286738351,0.0011111111111111111,0.9981999989506164,0.0033333333333333335,0.0011111111111111111,4.0,,
NBaIoT_MixedDevice_9Sources_Balanced,IID,Extreme,48,Adaptive_NoAdaptiveWeighting,0.9935713921951878,0.9983333328189299,-0.0047619406237421336,0.001254480286738351,0.0011111111111111111,0.9979333312139894,0.0033333333333333335,0.0011111111111111111,4.0,,
NBaIoT_MixedDevice_9Sources_Balanced,IID,Extreme,48,Adaptive_NoCircuitBreaker,0.9935713921951878,0.9983333328189299,-0.0047619406237421336,0.001254480286738351,0.0011111111111111111,0.9981999989506164,0.0033333333333333335,0.0011111111111111111,4.0,,
NBaIoT_MixedDevice_9Sources_Balanced,IID,Extreme,48,Adaptive_NoTemporalMemory,0.9935713921951878,0.9983333328189299,-0.0047619406237421336,0.001242532855436081,0.0011111111111111111,0.9981999989506164,0.0033333333333333335,0.0011111111111111111,4.0,,
NBaIoT_MixedDevice_9Sources_Balanced,IID,Extreme,48,Adaptive_Ultimate,0.9935713921951878,0.9983333328189299,-0.0047619406237421336,0.001254480286738351,0.0011111111111111111,0.9981999989506164,0.0033333333333333335,0.0011111111111111111,4.0,,
NBaIoT_MixedDevice_9Sources_Balanced,IID,Extreme,48,FLAME,0.9930158227994462,0.9983333328189299,-0.005317510019483662,0.0013859020310633217,0.0011111111111111111,0.9978222188888816,0.0033333333333333335,0.0011111111111111111,4.0,,
NBaIoT_MixedDevice_9Sources_Balanced,IID,Extreme,48,FLTrust,0.9935713921951878,0.9983333328189299,-0.0047619406237421336,0.001242532855436081,0.0011111111111111111,0.9981999989506164,0.0033333333333333335,0.0011111111111111111,4.0,,
NBaIoT_MixedDevice_9Sources_Balanced,IID,Extreme,48,FedAvg,0.9928570931796159,0.9961111099108364,-0.0032540167312204993,0.003524492234169652,0.0044444444444444444,0.9961111099108364,0.005555555555555556,0.0044444444444444444,4.0,,
NBaIoT_MixedDevice_9Sources_Balanced,IID,Extreme,48,Krum,0.9933332987942419,0.9966666296292181,-0.0033333308349762225,0.000967741935483871,0.0005333333333333333,0.9967110893139616,0.0022222222222222222,0.0,4.0,,
NBaIoT_MixedDevice_9Sources_Balanced,IID,Extreme,49,Adaptive_FixedCircuitBreaker,0.9924599188687087,0.9983333287036908,-0.005873409834982191,0.0,0.0,0.998333328703691,0.0,0.0,4.0,,
NBaIoT_MixedDevice_9Sources_Balanced,IID,Extreme,49,Adaptive_NoAdaptiveWeighting,0.9924599188687087,0.9983333287036908,-0.005873409834982191,0.0,0.0,0.998333328703691,0.0,0.0,4.0,,
NBaIoT_MixedDevice_9Sources_Balanced,IID,Extreme,49,Adaptive_NoCircuitBreaker,0.9924599188687087,0.9983333287036908,-0.005873409834982191,0.0,0.0,0.998333328703691,0.0,0.0,4.0,,
NBaIoT_MixedDevice_9Sources_Balanced,IID,Extreme,49,Adaptive_NoTemporalMemory,0.9924599188687087,0.9983333287036908,-0.005873409834982191,0.0,0.0,0.998333328703691,0.0,0.0,4.0,,
NBaIoT_MixedDevice_9Sources_Balanced,IID,Extreme,49,Adaptive_Ultimate,0.9924599188687087,0.9983333287036908,-0.005873409834982191,0.0,0.0,0.998333328703691,0.0,0.0,4.0,,
NBaIoT_MixedDevice_9Sources_Balanced,IID,Extreme,49,FLAME,0.9893628632501993,0.9983333287036908,-0.00897046545349156,0.0,0.0,0.9981555488957214,0.0,0.0,4.0,,
NBaIoT_MixedDevice_9Sources_Balanced,IID,Extreme,49,FLTrust,0.9924599188687087,0.9983333287036908,-0.005873409834982191,0.0,0.0,0.998333328703691,0.0,0.0,4.0,,
NBaIoT_MixedDevice_9Sources_Balanced,IID,Extreme,49,FedAvg,0.9901576294501303,0.9966666666666667,-0.006509037216536395,0.0013978494623655914,0.0036000000000000003,0.9969999992386822,0.006666666666666667,0.006666666666666667,4.0,,
NBaIoT_MixedDevice_9Sources_Balanced,IID,Extreme,49,Krum,0.988727548289777,0.9977777750342902,-0.009050226744513168,0.0010394265232974908,0.0011111111111111111,0.9977777750342902,0.0011111111111111111,0.0011111111111111111,4.0,,
NBaIoT_MixedDevice_9Sources_Balanced,IID,Extreme,50,Adaptive_FixedCircuitBreaker,0.9863465469389961,0.9972222145061513,-0.01087566756715519,0.0006929510155316607,0.0011111111111111111,0.996688872777699,0.0011111111111111111,0.0011111111111111111,4.0,,
NBaIoT_MixedDevice_9Sources_Balanced,IID,Extreme,50,Adaptive_NoAdaptiveWeighting,0.9863465469389961,0.99666665020568,-0.010320103266683867,0.00037037037037037035,0.0011111111111111111,0.99666665020568,0.0011111111111111111,0.0011111111111111111,4.0,,
NBaIoT_MixedDevice_9Sources_Balanced,IID,Extreme,50,Adaptive_NoCircuitBreaker,0.9863465469389961,0.9972222145061513,-0.01087566756715519,0.0006929510155316607,0.0011111111111111111,0.996688872777699,0.0011111111111111111,0.0011111111111111111,4.0,,
NBaIoT_MixedDevice_9Sources_Balanced,IID,Extreme,50,Adaptive_NoTemporalMemory,0.9863465469389961,0.9972222145061513,-0.01087566756715519,0.0007048984468339307,0.0011111111111111111,0.996688872777699,0.0011111111111111111,0.0011111111111111111,4.0,,
NBaIoT_MixedDevice_9Sources_Balanced,IID,Extreme,50,Adaptive_Ultimate,0.9863465469389961,0.9972222145061513,-0.01087566756715519,0.0006929510155316607,0.0011111111111111111,0.996688872777699,0.0011111111111111111,0.0011111111111111111,4.0,,
NBaIoT_MixedDevice_9Sources_Balanced,IID,Extreme,50,FLAME,0.9547516541374256,0.9961110811040208,-0.041359426966595225,0.0007048984468339307,0.0011111111111111111,0.9965110893208354,0.0011111111111111111,0.0011111111111111111,4.0,,
NBaIoT_MixedDevice_9Sources_Balanced,IID,Extreme,50,FLTrust,0.9863465469389961,0.9972222145061513,-0.01087566756715519,0.0006810035842293908,0.0011111111111111111,0.996688872777699,0.0011111111111111111,0.0011111111111111111,4.0,,
NBaIoT_MixedDevice_9Sources_Balanced,IID,Extreme,50,FedAvg,0.9537439738749843,0.9938888870027429,-0.040144913127758586,0.0033333333333333327,0.007333333333333333,0.99355555467764,0.0077777777777777776,0.0077777777777777776,4.0,,
NBaIoT_MixedDevice_9Sources_Balanced,IID,Extreme,50,Krum,0.9578869819258112,0.9972222007885864,-0.039335218862775134,0.0009557945041816007,0.0010222222222222221,0.9968444285870203,0.0011111111111111111,0.0,4.0,,
NBaIoT_MixedDevice_9Sources_Balanced,IID,Extreme,51,Adaptive_FixedCircuitBreaker,0.9921427538434889,0.9983333328189299,-0.006190578975440952,0.001111111111111111,0.0011111111111111111,0.9983333328189299,0.0011111111111111111,0.0011111111111111111,4.0,,
NBaIoT_MixedDevice_9Sources_Balanced,IID,Extreme,51,Adaptive_NoAdaptiveWeighting,0.9921427538434889,0.9983333328189299,-0.006190578975440952,0.001111111111111111,0.0011111111111111111,0.9983333328189299,0.0011111111111111111,0.0011111111111111111,4.0,,
NBaIoT_MixedDevice_9Sources_Balanced,IID,Extreme,51,Adaptive_NoCircuitBreaker,0.9921427538434889,0.9983333328189299,-0.006190578975440952,0.001111111111111111,0.0011111111111111111,0.9983333328189299,0.0011111111111111111,0.0011111111111111111,4.0,,
NBaIoT_MixedDevice_9Sources_Balanced,IID,Extreme,51,Adaptive_NoTemporalMemory,0.9921427560971036,0.9983333328189299,-0.006190576721826324,0.001111111111111111,0.0011111111111111111,0.9983333328189299,0.0011111111111111111,0.0011111111111111111,4.0,,
NBaIoT_MixedDevice_9Sources_Balanced,IID,Extreme,51,Adaptive_Ultimate,0.9921427538434889,0.9983333328189299,-0.006190578975440952,0.001111111111111111,0.0011111111111111111,0.9983333328189299,0.0011111111111111111,0.0011111111111111111,4.0,,
NBaIoT_MixedDevice_9Sources_Balanced,IID,Extreme,51,FLAME,0.9913489932454418,0.9972222145061513,-0.005873221260709549,0.001111111111111111,0.0011111111111111111,0.9965555346569207,0.0011111111111111111,0.0011111111111111111,4.0,,
NBaIoT_MixedDevice_9Sources_Balanced,IID,Extreme,51,FLTrust,0.9921427560971036,0.9983333328189299,-0.006190576721826324,0.001111111111111111,0.0011111111111111111,0.9983333328189299,0.0011111111111111111,0.0011111111111111111,4.0,,
NBaIoT_MixedDevice_9Sources_Balanced,IID,Extreme,51,FedAvg,0.990555367982403,0.9972222213648831,-0.006666853382480187,0.0016606929510155316,0.0027555555555555554,0.9973111103909463,0.0044444444444444444,0.0044444444444444444,4.0,,
NBaIoT_MixedDevice_9Sources_Balanced,IID,Extreme,51,Krum,0.9902379625927793,0.9972222007885864,-0.006984238195807069,0.0007885304659498208,0.0,0.9962888383051811,0.0011111111111111111,0.0,4.0,,
NBaIoT_MixedDevice_9Sources_Balanced,IID,Extreme,52,Adaptive_FixedCircuitBreaker,0.9961904661963167,0.9988888888888889,-0.0026984226925722554,0.0012186379928315408,0.0011111111111111111,0.998888888888889,0.0022222222222222222,0.0011111111111111111,4.0,,
NBaIoT_MixedDevice_9Sources_Balanced,IID,Extreme,52,Adaptive_NoAdaptiveWeighting,0.9961904661963167,0.9994444442729766,-0.003253978076659947,0.0003225806451612903,0.0,0.9994444442729766,0.0022222222222222222,0.0,4.0,,
NBaIoT_MixedDevice_9Sources_Balanced,IID,Extreme,52,Adaptive_NoCircuitBreaker,0.9961904661963167,0.9988888875171451,-0.002698421320828426,0.0006929510155316607,0.0,0.9993555551920437,0.0022222222222222222,0.0,4.0,,
NBaIoT_MixedDevice_9Sources_Balanced,IID,Extreme,52,Adaptive_NoTemporalMemory,0.9961904661963167,0.9988888888888889,-0.0026984226925722554,0.001158900836320191,0.0008888888888888888,0.998888888888889,0.0022222222222222222,0.0,4.0,,
NBaIoT_MixedDevice_9Sources_Balanced,IID,Extreme,52,Adaptive_Ultimate,0.9961904661963167,0.9988888888888889,-0.0026984226925722554,0.0010394265232974913,0.0004444444444444444,0.998888888888889,0.0022222222222222222,0.0,4.0,,
NBaIoT_MixedDevice_9Sources_Balanced,IID,Extreme,52,FLAME,0.9963491935135141,0.9988888888888889,-0.0025396953753747953,0.001278375149342891,0.0011111111111111111,0.998888888888889,0.0022222222222222222,0.0011111111111111111,4.0,,
NBaIoT_MixedDevice_9Sources_Balanced,IID,Extreme,52,FLTrust,0.9961904661963167,0.9988888875171451,-0.002698421320828426,0.0006093189964157706,0.0,0.9994222220027433,0.0022222222222222222,0.0,4.0,,
NBaIoT_MixedDevice_9Sources_Balanced,IID,Extreme,52,FedAvg,0.9961110982999485,0.9972222145061513,-0.0011111162062028557,0.0023894862604540022,0.004533333333333333,0.9977111074416937,0.0077777777777777776,0.0077777777777777776,4.0,,
NBaIoT_MixedDevice_9Sources_Balanced,IID,Extreme,52,Krum,0.995952373579242,0.9994444442729766,-0.0034920706937345836,0.0002150537634408602,0.0,0.9990222211385448,0.0022222222222222222,0.0,4.0,,
NBaIoT_MixedDevice_9Sources_Balanced,NonIID_Dirichlet,Base,43,Adaptive_FixedCircuitBreaker,0.9865824317795452,0.9944444170094667,-0.007861985229921542,0.003464755077658305,0.003333333333333333,0.9946888674141734,0.005555555555555556,0.0033333333333333335,0.2,,
NBaIoT_MixedDevice_9Sources_Balanced,NonIID_Dirichlet,Base,43,Adaptive_NoAdaptiveWeighting,0.9865819053661701,0.9949999861110725,-0.008418080744902467,0.0035364396654719247,0.003333333333333333,0.9949999861110724,0.005555555555555556,0.0033333333333333335,0.2,,
NBaIoT_MixedDevice_9Sources_Balanced,NonIID_Dirichlet,Base,43,Adaptive_NoCircuitBreaker,0.9865824317795452,0.9944444170094667,-0.007861985229921542,0.003464755077658305,0.003333333333333333,0.9946888674141734,0.005555555555555556,0.0033333333333333335,0.2,,
NBaIoT_MixedDevice_9Sources_Balanced,NonIID_Dirichlet,Base,43,Adaptive_NoTemporalMemory,0.9869016172552545,0.9944444170094667,-0.007542799754212237,0.003464755077658305,0.003333333333333333,0.9947555357063661,0.005555555555555556,0.0033333333333333335,0.2,,
NBaIoT_MixedDevice_9Sources_Balanced,NonIID_Dirichlet,Base,43,Adaptive_Ultimate,0.9865824317795452,0.9944444170094667,-0.007861985229921542,0.003464755077658305,0.003333333333333333,0.9946888674141734,0.005555555555555556,0.0033333333333333335,0.2,,
NBaIoT_MixedDevice_9Sources_Balanced,NonIID_Dirichlet,Base,43,FLAME,0.6791462255581969,0.9955555500685803,-0.3164093245103834,0.0031899641577060947,0.003333333333333333,0.9951333214608744,0.0033333333333333335,0.0033333333333333335,0.2,,7.0
NBaIoT_MixedDevice_9Sources_Balanced,NonIID_Dirichlet,Base,43,FLTrust,0.9869016172552545,0.9949999861110725,-0.00809836885581805,0.003464755077658305,0.003333333333333333,0.9949999861110724,0.005555555555555556,0.0033333333333333335,0.2,,
NBaIoT_MixedDevice_9Sources_Balanced,NonIID_Dirichlet,Base,43,FedAvg,0.991189415613281,0.9977777750342902,-0.0065883594210092156,0.0025209080047789733,0.0015555555555555557,0.9966888779354871,0.0044444444444444444,0.0011111111111111111,0.2,,
NBaIoT_MixedDevice_9Sources_Balanced,NonIID_Dirichlet,Base,43,Krum,0.5954941973786217,0.9532409698169223,-0.35774677243830055,0.002389486260454002,0.0022222222222222222,0.9575303891139483,0.0033333333333333335,0.0022222222222222222,0.2,,7.0
NBaIoT_MixedDevice_9Sources_Balanced,NonIID_Dirichlet,Base,44,Adaptive_FixedCircuitBreaker,0.9958730048990373,0.996111100308612,-0.00023809540957475672,0.0021624850657108717,0.0022222222222222222,0.9961111003086119,0.0022222222222222222,0.0022222222222222222,0.2,,
NBaIoT_MixedDevice_9Sources_Balanced,NonIID_Dirichlet,Base,44,Adaptive_NoAdaptiveWeighting,0.9957936408239995,0.9966666625514352,-0.0008730217274357521,0.0020908004778972516,0.0022222222222222222,0.9966666625514351,0.0022222222222222222,0.0022222222222222222,0.2,,
NBaIoT_MixedDevice_9Sources_Balanced,NonIID_Dirichlet,Base,44,Adaptive_NoCircuitBreaker,0.9958730048990373,0.996111100308612,-0.00023809540957475672,0.0021624850657108717,0.0022222222222222222,0.9961111003086119,0.0022222222222222222,0.0022222222222222222,0.2,,
NBaIoT_MixedDevice_9Sources_Balanced,NonIID_Dirichlet,Base,44,Adaptive_NoTemporalMemory,0.9958730048990373,0.996111100308612,-0.00023809540957475672,0.0021624850657108717,0.0022222222222222222,0.9961111003086119,0.0022222222222222222,0.0022222222222222222,0.2,,
NBaIoT_MixedDevice_9Sources_Balanced,NonIID_Dirichlet,Base,44,Adaptive_Ultimate,0.9958730048990373,0.996111100308612,-0.00023809540957475672,0.0021624850657108717,0.0022222222222222222,0.9961111003086119,0.0022222222222222222,0.0022222222222222222,0.2,,
NBaIoT_MixedDevice_9Sources_Balanced,NonIID_Dirichlet,Base,44,FLAME,0.9956349018957773,0.9966666625514352,-0.0010317606556579095,0.0020191158900836315,0.0022222222222222222,0.9966666625514351,0.0022222222222222222,0.0022222222222222222,0.2,,
NBaIoT_MixedDevice_9Sources_Balanced,NonIID_Dirichlet,Base,44,FLTrust,0.9958730048990373,0.996111100308612,-0.00023809540957475672,0.0021624850657108717,0.0022222222222222222,0.9961111003086119,0.0022222222222222222,0.0022222222222222222,0.2,,
NBaIoT_MixedDevice_9Sources_Balanced,NonIID_Dirichlet,Base,44,FedAvg,0.9958730055358874,0.9972222213648831,-0.0013492158289957201,0.002222222222222222,0.0022222222222222222,0.9972222213648831,0.0022222222222222222,0.0022222222222222222,0.2,,
NBaIoT_MixedDevice_9Sources_Balanced,NonIID_Dirichlet,Base,44,Krum,0.9910300576989234,0.9888877776666556,0.002142280032267796,0.0018518518518518513,0.0021777777777777776,0.9893991733011182,0.0022222222222222222,0.0022222222222222222,0.2,,
NBaIoT_MixedDevice_9Sources_Balanced,NonIID_Dirichlet,Base,45,Adaptive_FixedCircuitBreaker,0.9683736304551761,0.9977777777777778,-0.02940414732260166,0.0025925925925925925,0.003333333333333333,0.9977333332647461,0.0033333333333333335,0.0033333333333333335,0.2,,
NBaIoT_MixedDevice_9Sources_Balanced,NonIID_Dirichlet,Base,45,Adaptive_NoAdaptiveWeighting,0.9637090246045725,0.9977777777777778,-0.034068753173205235,0.002305854241338112,0.0030666666666666663,0.9976888887517146,0.0033333333333333335,0.0033333333333333335,0.2,,
NBaIoT_MixedDevice_9Sources_Balanced,NonIID_Dirichlet,Base,45,Adaptive_NoCircuitBreaker,0.9683736304551761,0.9977777777777778,-0.02940414732260166,0.0025925925925925925,0.003333333333333333,0.9977333332647461,0.0033333333333333335,0.0033333333333333335,0.2,,
NBaIoT_MixedDevice_9Sources_Balanced,NonIID_Dirichlet,Base,45,Adaptive_NoTemporalMemory,0.9707838293967237,0.9977777777777778,-0.026993948381054067,0.0025567502986857823,0.003333333333333333,0.9977777777777778,0.0033333333333333335,0.0033333333333333335,0.2,,
NBaIoT_MixedDevice_9Sources_Balanced,NonIID_Dirichlet,Base,45,Adaptive_Ultimate,0.9683736304551761,0.9977777777777778,-0.02940414732260166,0.0025925925925925925,0.003333333333333333,0.9977333332647461,0.0033333333333333335,0.0033333333333333335,0.2,,
NBaIoT_MixedDevice_9Sources_Balanced,NonIID_Dirichlet,Base,45,FLAME,0.9965872356183766,0.9977777777777778,-0.0011905421594011756,0.0018399044205495811,0.0022222222222222222,0.9977777777777778,0.0022222222222222222,0.0022222222222222222,0.2,,
NBaIoT_MixedDevice_9Sources_Balanced,NonIID_Dirichlet,Base,45,FLTrust,0.9707838293967237,0.9977777777777778,-0.026993948381054067,0.002592592592592592,0.003333333333333333,0.9977777777777778,0.0033333333333333335,0.0033333333333333335,0.2,,
NBaIoT_MixedDevice_9Sources_Balanced,NonIID_Dirichlet,Base,45,FedAvg,0.9970634741081288,0.9977777777777778,-0.0007143036696489746,0.0019354838709677413,0.0022222222222222222,0.9977777777777778,0.0022222222222222222,0.0022222222222222222,0.2,,
NBaIoT_MixedDevice_9Sources_Balanced,NonIID_Dirichlet,Base,45,Krum,0.9618860404356538,0.9872219027697915,-0.02533586233413765,0.007753882915173237,0.01751111111111111,0.989421906174765,0.022222222222222223,0.021111111111111112,0.2,,
NBaIoT_MixedDevice_9Sources_Balanced,NonIID_Dirichlet,Base,46,Adaptive_FixedCircuitBreaker,0.959611496068551,0.9966666666666667,-0.037055170598115694,0.003034647550776584,0.003333333333333333,0.9966666666666667,0.0033333333333333335,0.0033333333333333335,0.2,,
NBaIoT_MixedDevice_9Sources_Balanced,NonIID_Dirichlet,Base,46,Adaptive_NoAdaptiveWeighting,0.9233698115001836,0.9966666666666667,-0.0732968551664831,0.003010752688172044,0.003333333333333333,0.9966666666666667,0.0033333333333333335,0.0033333333333333335,0.2,,
NBaIoT_MixedDevice_9Sources_Balanced,NonIID_Dirichlet,Base,46,Adaptive_NoCircuitBreaker,0.959611496068551,0.9972222213648831,-0.03761072529633214,0.003022700119474314,0.003288888888888889,0.9966888888545954,0.0033333333333333335,0.0022222222222222222,0.2,,
NBaIoT_MixedDevice_9Sources_Balanced,NonIID_Dirichlet,Base,46,Adaptive_NoTemporalMemory,0.9690383829768218,0.9966666666666667,-0.027628283689844935,0.003046594982078854,0.003333333333333333,0.9966666666666667,0.0033333333333333335,0.0033333333333333335,0.2,,
NBaIoT_MixedDevice_9Sources_Balanced,NonIID_Dirichlet,Base,46,Adaptive_Ultimate,0.959611496068551,0.9966666666666667,-0.037055170598115694,0.003034647550776584,0.003333333333333333,0.9966666666666667,0.0033333333333333335,0.0033333333333333335,0.2,,
NBaIoT_MixedDevice_9Sources_Balanced,NonIID_Dirichlet,Base,46,FLAME,0.9829657274794731,0.9972222213648831,-0.01425649388541006,0.001959378733572281,0.0022222222222222222,0.9972222213648831,0.0022222222222222222,0.0022222222222222222,0.2,,
NBaIoT_MixedDevice_9Sources_Balanced,NonIID_Dirichlet,Base,46,FLTrust,0.9690383829768218,0.9966666666666667,-0.027628283689844935,0.003046594982078854,0.003333333333333333,0.9966666666666667,0.0033333333333333335,0.0033333333333333335,0.2,,
NBaIoT_MixedDevice_9Sources_Balanced,NonIID_Dirichlet,Base,46,FedAvg,0.9978571350430331,0.9994444442729766,-0.0015873092299435454,0.0017682198327359623,0.0011111111111111111,0.9985111106790121,0.0022222222222222222,0.0011111111111111111,0.2,,
NBaIoT_MixedDevice_9Sources_Balanced,NonIID_Dirichlet,Base,46,Krum,0.5338131501357228,0.49731374937499784,0.036499400760725,0.001111111111111111,0.0011111111111111111,0.515084233644182,0.0011111111111111111,0.0011111111111111111,0.2,,7.0
NBaIoT_MixedDevice_9Sources_Balanced,NonIID_Dirichlet,Base,47,Adaptive_FixedCircuitBreaker,0.9955555406132303,0.9983333328189299,-0.002777792205699625,0.001111111111111111,0.0011111111111111111,0.9990666664471878,0.0011111111111111111,0.0011111111111111111,0.2,,
NBaIoT_MixedDevice_9Sources_Balanced,NonIID_Dirichlet,Base,47,Adaptive_NoAdaptiveWeighting,0.9956349089995291,0.9994444442729766,-0.0038095352734475174,0.001111111111111111,0.0011111111111111111,0.9994444442729766,0.0011111111111111111,0.0011111111111111111,0.2,,
NBaIoT_MixedDevice_9Sources_Balanced,NonIID_Dirichlet,Base,47,Adaptive_NoCircuitBreaker,0.9955555406132303,0.9983333328189299,-0.002777792205699625,0.001111111111111111,0.0011111111111111111,0.9990666664471878,0.0011111111111111111,0.0011111111111111111,0.2,,
NBaIoT_MixedDevice_9Sources_Balanced,NonIID_Dirichlet,Base,47,Adaptive_NoTemporalMemory,0.9960317140404301,0.9983333328189299,-0.00230161877849977,0.001111111111111111,0.0011111111111111111,0.9990666664471878,0.0011111111111111111,0.0011111111111111111,0.2,,
NBaIoT_MixedDevice_9Sources_Balanced,NonIID_Dirichlet,Base,47,Adaptive_Ultimate,0.9955555406132303,0.9983333328189299,-0.002777792205699625,0.001111111111111111,0.0011111111111111111,0.9990666664471878,0.0011111111111111111,0.0011111111111111111,0.2,,
NBaIoT_MixedDevice_9Sources_Balanced,NonIID_Dirichlet,Base,47,FLAME,0.9954761348952589,0.9988888888888889,-0.0034127539936300577,0.001111111111111111,0.0011111111111111111,0.999288888765432,0.0011111111111111111,0.0011111111111111111,0.2,,
NBaIoT_MixedDevice_9Sources_Balanced,NonIID_Dirichlet,Base,47,FLTrust,0.9960317140404301,0.9983333328189299,-0.00230161877849977,0.001111111111111111,0.0011111111111111111,0.9990666664471878,0.0011111111111111111,0.0011111111111111111,0.2,,
NBaIoT_MixedDevice_9Sources_Balanced,NonIID_Dirichlet,Base,47,FedAvg,0.9956349044923124,0.9988888888888889,-0.003253984396576537,0.001111111111111111,0.0011111111111111111,0.99902222218107,0.0011111111111111111,0.0011111111111111111,0.2,,
NBaIoT_MixedDevice_9Sources_Balanced,NonIID_Dirichlet,Base,47,Krum,0.9937300626820045,0.9944444170094667,-0.0007143543274622521,0.005161290322580647,0.0036,0.9949999878120336,0.006666666666666667,0.0033333333333333335,0.2,,
NBaIoT_MixedDevice_9Sources_Balanced,NonIID_Dirichlet,Base,48,Adaptive_FixedCircuitBreaker,0.9919840409793387,0.9972222213648831,-0.005238180385544466,0.0033333333333333344,0.003333333333333333,0.9963333325308639,0.0033333333333333335,0.0033333333333333335,0.2,,
NBaIoT_MixedDevice_9Sources_Balanced,NonIID_Dirichlet,Base,48,Adaptive_NoAdaptiveWeighting,0.991349119560532,0.9977777750342902,-0.00642865547375826,0.003082437275985663,0.0024000000000000002,0.99688888414265,0.0033333333333333335,0.0011111111111111111,0.2,,
NBaIoT_MixedDevice_9Sources_Balanced,NonIID_Dirichlet,Base,48,Adaptive_NoCircuitBreaker,0.9919840409793387,0.9972222213648831,-0.005238180385544466,0.0033333333333333344,0.003333333333333333,0.9963333325308639,0.0033333333333333335,0.0033333333333333335,0.2,,
NBaIoT_MixedDevice_9Sources_Balanced,NonIID_Dirichlet,Base,48,Adaptive_NoTemporalMemory,0.9922221566224086,0.9966666666666667,-0.004444510044258054,0.0033333333333333344,0.003333333333333333,0.996288888072702,0.0033333333333333335,0.0033333333333333335,0.2,,
NBaIoT_MixedDevice_9Sources_Balanced,NonIID_Dirichlet,Base,48,Adaptive_Ultimate,0.9919840409793387,0.9972222213648831,-0.005238180385544466,0.0033333333333333344,0.003333333333333333,0.9963333325308639,0.0033333333333333335,0.0033333333333333335,0.2,,
NBaIoT_MixedDevice_9Sources_Balanced,NonIID_Dirichlet,Base,48,FLAME,0.9908728694603689,0.9972222145061513,-0.00634934504578244,0.002413381123058543,0.0011111111111111111,0.9973333266117791,0.011111111111111112,0.0011111111111111111,0.2,,
NBaIoT_MixedDevice_9Sources_Balanced,NonIID_Dirichlet,Base,48,FLTrust,0.9922221566224086,0.9966666666666667,-0.004444510044258054,0.0033333333333333344,0.003333333333333333,0.996288888072702,0.0033333333333333335,0.0033333333333333335,0.2,,
NBaIoT_MixedDevice_9Sources_Balanced,NonIID_Dirichlet,Base,48,FedAvg,0.9935713939588615,0.9988888875171451,-0.0053174935582835925,0.0013978494623655918,0.0011111111111111111,0.9980888862551401,0.0033333333333333335,0.0011111111111111111,0.2,,
NBaIoT_MixedDevice_9Sources_Balanced,NonIID_Dirichlet,Base,48,Krum,0.9889678791999457,0.9844432152663913,0.004524663933554329,0.021326164874551978,0.023066666666666666,0.9853546189175408,0.024444444444444446,0.024444444444444446,0.2,,
NBaIoT_MixedDevice_9Sources_Balanced,NonIID_Dirichlet,Base,49,Adaptive_FixedCircuitBreaker,0.9820613678410808,0.9983333287036908,-0.01627196086261007,0.0,0.0,0.998333328703691,0.0,0.0,0.2,,
NBaIoT_MixedDevice_9Sources_Balanced,NonIID_Dirichlet,Base,49,Adaptive_NoAdaptiveWeighting,0.9814248238581464,0.9983333287036908,-0.016908504845544403,0.0,0.0,0.998333328703691,0.0,0.0,0.2,,
NBaIoT_MixedDevice_9Sources_Balanced,NonIID_Dirichlet,Base,49,Adaptive_NoCircuitBreaker,0.9820613678410808,0.9983333287036908,-0.01627196086261007,0.0,0.0,0.998333328703691,0.0,0.0,0.2,,
NBaIoT_MixedDevice_9Sources_Balanced,NonIID_Dirichlet,Base,49,Adaptive_NoTemporalMemory,0.9826242631092945,0.9983333287036908,-0.015709065594396332,0.0,0.0,0.998333328703691,0.0,0.0,0.2,,
NBaIoT_MixedDevice_9Sources_Balanced,NonIID_Dirichlet,Base,49,Adaptive_Ultimate,0.9820613678410808,0.9983333287036908,-0.01627196086261007,0.0,0.0,0.998333328703691,0.0,0.0,0.2,,
NBaIoT_MixedDevice_9Sources_Balanced,NonIID_Dirichlet,Base,49,FLAME,0.8964956999519406,0.9977777668037867,-0.10128206685184615,0.0,0.0,0.9977777668037866,0.0,0.0,0.2,,
NBaIoT_MixedDevice_9Sources_Balanced,NonIID_Dirichlet,Base,49,FLTrust,0.9826242631092945,0.9983333287036908,-0.015709065594396332,0.0,0.0,0.998333328703691,0.0,0.0,0.2,,
NBaIoT_MixedDevice_9Sources_Balanced,NonIID_Dirichlet,Base,49,FedAvg,0.9953967484791331,0.9972222213648831,-0.001825472885750079,0.0016726403823178013,0.003333333333333333,0.9976888887517146,0.0033333333333333335,0.0033333333333333335,0.2,,
NBaIoT_MixedDevice_9Sources_Balanced,NonIID_Dirichlet,Base,49,Krum,0.8830914092510324,0.9916660879227724,-0.10857467867174009,0.0008602150537634408,0.0,0.9918883534281489,0.014444444444444444,0.0,0.2,,
NBaIoT_MixedDevice_9Sources_Balanced,NonIID_Dirichlet,Base,50,Adaptive_FixedCircuitBreaker,0.9526360971637965,0.9949999243815725,-0.042363827217775984,0.0009438470728793307,0.0011111111111111111,0.995333272632925,0.0011111111111111111,0.0011111111111111111,0.2,,
NBaIoT_MixedDevice_9Sources_Balanced,NonIID_Dirichlet,Base,50,Adaptive_NoAdaptiveWeighting,0.9524637542389529,0.99666665020568,-0.04420289596672711,0.0008721624850657105,0.0011111111111111111,0.99666665020568,0.0011111111111111111,0.0011111111111111111,0.2,,
NBaIoT_MixedDevice_9Sources_Balanced,NonIID_Dirichlet,Base,50,Adaptive_NoCircuitBreaker,0.9526360971637965,0.9949999243815725,-0.042363827217775984,0.0009438470728793307,0.0011111111111111111,0.995333272632925,0.0011111111111111111,0.0011111111111111111,0.2,,
NBaIoT_MixedDevice_9Sources_Balanced,NonIID_Dirichlet,Base,50,Adaptive_NoTemporalMemory,0.955460460848213,0.9949999243815725,-0.039539463533359465,0.0009318996415770605,0.0011111111111111111,0.9954221651707209,0.0011111111111111111,0.0011111111111111111,0.2,,
NBaIoT_MixedDevice_9Sources_Balanced,NonIID_Dirichlet,Base,50,Adaptive_Ultimate,0.9526360971637965,0.9949999243815725,-0.042363827217775984,0.0009438470728793307,0.0011111111111111111,0.995333272632925,0.0011111111111111111,0.0011111111111111111,0.2,,
NBaIoT_MixedDevice_9Sources_Balanced,NonIID_Dirichlet,Base,50,FLAME,0.9482280320458712,0.993888871913533,-0.045660839867661784,0.0031063321385902017,0.004,0.9941777584635746,0.005555555555555556,0.0044444444444444444,0.2,,
NBaIoT_MixedDevice_9Sources_Balanced,NonIID_Dirichlet,Base,50,FLTrust,0.955460460848213,0.9955555061722908,-0.040095045324077816,0.0009438470728793307,0.0011111111111111111,0.9957777361449827,0.0011111111111111111,0.0011111111111111111,0.2,,
NBaIoT_MixedDevice_9Sources_Balanced,NonIID_Dirichlet,Base,50,FedAvg,0.9903170669517941,0.99666665020568,-0.006349583253885904,0.0009318996415770605,0.0011111111111111111,0.997111101646057,0.0011111111111111111,0.0011111111111111111,0.2,,
NBaIoT_MixedDevice_9Sources_Balanced,NonIID_Dirichlet,Base,50,Krum,0.6849646778153122,0.9783303838578029,-0.2933657060424907,0.02295101553166069,0.03155555555555556,0.9788862578008477,0.38222222222222224,0.03222222222222222,0.2,7.0,7.0
NBaIoT_MixedDevice_9Sources_Balanced,NonIID_Dirichlet,Base,51,Adaptive_FixedCircuitBreaker,0.9880947736793593,0.9977777750342902,-0.009683001354930942,0.001111111111111111,0.0011111111111111111,0.9977777750342902,0.0011111111111111111,0.0011111111111111111,0.2,,
NBaIoT_MixedDevice_9Sources_Balanced,NonIID_Dirichlet,Base,51,Adaptive_NoAdaptiveWeighting,0.9881741482423363,0.9977777750342902,-0.009603626791953923,0.001111111111111111,0.0011111111111111111,0.9977777750342902,0.0011111111111111111,0.0011111111111111111,0.2,,
NBaIoT_MixedDevice_9Sources_Balanced,NonIID_Dirichlet,Base,51,Adaptive_NoCircuitBreaker,0.9880947736793593,0.9977777750342902,-0.009683001354930942,0.001111111111111111,0.0011111111111111111,0.9977777750342902,0.0011111111111111111,0.0011111111111111111,0.2,,
NBaIoT_MixedDevice_9Sources_Balanced,NonIID_Dirichlet,Base,51,Adaptive_NoTemporalMemory,0.988650472513343,0.9977777750342902,-0.009127302520947178,0.001111111111111111,0.0011111111111111111,0.9977777750342902,0.0011111111111111111,0.0011111111111111111,0.2,,
NBaIoT_MixedDevice_9Sources_Balanced,NonIID_Dirichlet,Base,51,Adaptive_Ultimate,0.9880947736793593,0.9977777750342902,-0.009683001354930942,0.001111111111111111,0.0011111111111111111,0.9977777750342902,0.0011111111111111111,0.0011111111111111111,0.2,,
NBaIoT_MixedDevice_9Sources_Balanced,NonIID_Dirichlet,Base,51,FLAME,0.9595546714722202,0.9977777750342902,-0.03822310356207004,0.001111111111111111,0.0011111111111111111,0.9977777750342902,0.0011111111111111111,0.0011111111111111111,0.2,,
NBaIoT_MixedDevice_9Sources_Balanced,NonIID_Dirichlet,Base,51,FLTrust,0.988650472513343,0.9977777750342902,-0.009127302520947178,0.001111111111111111,0.0011111111111111111,0.9977777750342902,0.0011111111111111111,0.0011111111111111111,0.2,,
NBaIoT_MixedDevice_9Sources_Balanced,NonIID_Dirichlet,Base,51,FedAvg,0.9928569540866753,0.9977777750342902,-0.004920820947614923,0.001111111111111111,0.0011111111111111111,0.9977777750342902,0.0011111111111111111,0.0011111111111111111,0.2,,
NBaIoT_MixedDevice_9Sources_Balanced,NonIID_Dirichlet,Base,51,Krum,0.9540464027952835,0.9938887361072916,-0.03984233331200804,0.006105137395459973,0.0021333333333333334,0.9934220924663691,0.014444444444444444,0.0011111111111111111,0.2,,
NBaIoT_MixedDevice_9Sources_Balanced,NonIID_Dirichlet,Base,52,Adaptive_FixedCircuitBreaker,0.9955555446795719,0.9972222213648831,-0.0016666766853112858,0.002556750298685782,0.0022222222222222222,0.9972222213648831,0.0033333333333333335,0.0022222222222222222,0.2,,
NBaIoT_MixedDevice_9Sources_Balanced,NonIID_Dirichlet,Base,52,Adaptive_NoAdaptiveWeighting,0.9956349124289454,0.9977777777777778,-0.0021428653488323457,0.0020788530465949816,0.0022222222222222222,0.9977777777777778,0.0022222222222222222,0.0022222222222222222,0.2,,
NBaIoT_MixedDevice_9Sources_Balanced,NonIID_Dirichlet,Base,52,Adaptive_NoCircuitBreaker,0.9955555446795719,0.9972222213648831,-0.0016666766853112858,0.002556750298685782,0.0022222222222222222,0.9972222213648831,0.0033333333333333335,0.0022222222222222222,0.2,,
NBaIoT_MixedDevice_9Sources_Balanced,NonIID_Dirichlet,Base,52,Adaptive_NoTemporalMemory,0.9955555446795719,0.9972222213648831,-0.0016666766853112858,0.002544802867383512,0.0022222222222222222,0.9972222213648831,0.0033333333333333335,0.0022222222222222222,0.2,,
NBaIoT_MixedDevice_9Sources_Balanced,NonIID_Dirichlet,Base,52,Adaptive_Ultimate,0.9955555446795719,0.9972222213648831,-0.0016666766853112858,0.002556750298685782,0.0022222222222222222,0.9972222213648831,0.0033333333333333335,0.0022222222222222222,0.2,,
NBaIoT_MixedDevice_9Sources_Balanced,NonIID_Dirichlet,Base,52,FLAME,0.9946825026203234,0.9955555336075734,-0.0008730309872500008,0.004169653524492233,0.004977777777777777,0.9963777656446724,0.005555555555555556,0.005555555555555556,0.2,,
NBaIoT_MixedDevice_9Sources_Balanced,NonIID_Dirichlet,Base,52,FLTrust,0.9955555446795719,0.9972222213648831,-0.0016666766853112858,0.002544802867383512,0.0022222222222222222,0.9972888878052119,0.0033333333333333335,0.0022222222222222222,0.2,,
NBaIoT_MixedDevice_9Sources_Balanced,NonIID_Dirichlet,Base,52,FedAvg,0.9965872850528097,0.9994444442729766,-0.0028571592201669382,0.0,0.0,0.9994444442729766,0.0,0.0,0.2,,
NBaIoT_MixedDevice_9Sources_Balanced,NonIID_Dirichlet,Base,52,Krum,0.9779043538929402,0.99333330041136,-0.015428946518419862,0.004193548387096773,0.004666666666666667,0.9932666338064159,0.005555555555555556,0.0044444444444444444,0.2,,
NBaIoT_MixedDevice_9Sources_Balanced,NonIID_Dirichlet,Extreme,43,Adaptive_FixedCircuitBreaker,0.9865824317795452,0.9944444170094667,-0.007861985229921542,0.003464755077658305,0.003333333333333333,0.9944444170094668,0.005555555555555556,0.0033333333333333335,4.0,,
NBaIoT_MixedDevice_9Sources_Balanced,NonIID_Dirichlet,Extreme,43,Adaptive_NoAdaptiveWeighting,0.9865819053661701,0.9944443827153635,-0.00786247734919343,0.003464755077658304,0.0031111111111111114,0.9939999499309846,0.005555555555555556,0.0022222222222222222,4.0,,
NBaIoT_MixedDevice_9Sources_Balanced,NonIID_Dirichlet,Extreme,43,Adaptive_NoCircuitBreaker,0.9865824317795452,0.9944444170094667,-0.007861985229921542,0.003464755077658305,0.003333333333333333,0.9944444170094668,0.005555555555555556,0.0033333333333333335,4.0,,
NBaIoT_MixedDevice_9Sources_Balanced,NonIID_Dirichlet,Extreme,43,Adaptive_NoTemporalMemory,0.9869016172552545,0.9944444170094667,-0.007542799754212237,0.003464755077658305,0.003333333333333333,0.9944444170094668,0.005555555555555556,0.0033333333333333335,4.0,,
NBaIoT_MixedDevice_9Sources_Balanced,NonIID_Dirichlet,Extreme,43,Adaptive_Ultimate,0.9865824317795452,0.9944444170094667,-0.007861985229921542,0.003464755077658305,0.003333333333333333,0.9944444170094668,0.005555555555555556,0.0033333333333333335,4.0,,
NBaIoT_MixedDevice_9Sources_Balanced,NonIID_Dirichlet,Extreme,43,FLAME,0.6779207109213417,0.9949999984567897,-0.317079287535448,0.005137395459976104,0.005066666666666666,0.9946888882098764,0.006666666666666667,0.0044444444444444444,4.0,,7.0
NBaIoT_MixedDevice_9Sources_Balanced,NonIID_Dirichlet,Extreme,43,FLTrust,0.9869016172552545,0.9944444170094667,-0.007542799754212237,0.003464755077658305,0.003333333333333333,0.9944444170094668,0.005555555555555556,0.0033333333333333335,4.0,,
NBaIoT_MixedDevice_9Sources_Balanced,NonIID_Dirichlet,Extreme,43,FedAvg,0.991189415613281,0.9977777750342902,-0.0065883594210092156,0.002544802867383513,0.0016444444444444445,0.996733323779117,0.0044444444444444444,0.0011111111111111111,4.0,,
NBaIoT_MixedDevice_9Sources_Balanced,NonIID_Dirichlet,Extreme,43,Krum,0.5954941973786217,0.9938888417348899,-0.39839464435626815,0.0032855436081242542,0.003333333333333333,0.9933110329139627,0.0044444444444444444,0.0033333333333333335,4.0,,7.0
NBaIoT_MixedDevice_9Sources_Balanced,NonIID_Dirichlet,Extreme,44,Adaptive_FixedCircuitBreaker,0.9958730048990373,0.9966666625514352,-0.0007936576523979166,0.0021505376344086013,0.0022222222222222222,0.9966666625514351,0.0022222222222222222,0.0022222222222222222,4.0,,
NBaIoT_MixedDevice_9Sources_Balanced,NonIID_Dirichlet,Extreme,44,Adaptive_NoAdaptiveWeighting,0.9957936408239995,0.9972222213648831,-0.0014285805408836838,0.0020908004778972516,0.0022222222222222222,0.9972222213648831,0.0022222222222222222,0.0022222222222222222,4.0,,
NBaIoT_MixedDevice_9Sources_Balanced,NonIID_Dirichlet,Extreme,44,Adaptive_NoCircuitBreaker,0.9958730048990373,0.9955555336075734,0.00031747129146386666,0.002556750298685782,0.0022222222222222222,0.9955555336075733,0.0033333333333333335,0.0022222222222222222,4.0,,
NBaIoT_MixedDevice_9Sources_Balanced,NonIID_Dirichlet,Extreme,44,Adaptive_NoTemporalMemory,0.9958730048990373,0.9966666625514352,-0.0007936576523979166,0.0029151732377538844,0.003288888888888889,0.9961777762277083,0.0033333333333333335,0.0022222222222222222,4.0,,
NBaIoT_MixedDevice_9Sources_Balanced,NonIID_Dirichlet,Extreme,44,Adaptive_Ultimate,0.9958730048990373,0.9961111099108364,-0.0002381050117991057,0.002962962962962964,0.003333333333333333,0.9961111099108364,0.0033333333333333335,0.0033333333333333335,4.0,,
NBaIoT_MixedDevice_9Sources_Balanced,NonIID_Dirichlet,Extreme,44,FLAME,0.9956349018957773,0.9966666625514352,-0.0010317606556579095,0.0019832735961768213,0.0022222222222222222,0.9966666625514351,0.0022222222222222222,0.0022222222222222222,4.0,,
NBaIoT_MixedDevice_9Sources_Balanced,NonIID_Dirichlet,Extreme,44,FLTrust,0.9958730048990373,0.9955555336075734,0.00031747129146386666,0.0023536439665471916,0.0022222222222222222,0.9955555336075733,0.0033333333333333335,0.0022222222222222222,4.0,,
NBaIoT_MixedDevice_9Sources_Balanced,NonIID_Dirichlet,Extreme,44,FedAvg,0.9958730055358874,0.9977777777777778,-0.0019047722418903401,0.002222222222222222,0.0022222222222222222,0.9977777777777778,0.0022222222222222222,0.0022222222222222222,4.0,,
NBaIoT_MixedDevice_9Sources_Balanced,NonIID_Dirichlet,Extreme,44,Krum,0.9910300576989234,0.9888877776666556,0.002142280032267796,0.0018996415770609312,0.0022222222222222222,0.9892436100840726,0.0022222222222222222,0.0022222222222222222,4.0,,
NBaIoT_MixedDevice_9Sources_Balanced,NonIID_Dirichlet,Extreme,45,Adaptive_FixedCircuitBreaker,0.9683736304551761,0.9972222213648831,-0.02884859090970704,0.002747909199522103,0.003333333333333333,0.9972222213648831,0.0033333333333333335,0.0033333333333333335,4.0,,
NBaIoT_MixedDevice_9Sources_Balanced,NonIID_Dirichlet,Extreme,45,Adaptive_NoAdaptiveWeighting,0.9637090246045725,0.9972222213648831,-0.033513196760310615,0.002735961768219833,0.003333333333333333,0.9972222213648831,0.0033333333333333335,0.0033333333333333335,4.0,,
NBaIoT_MixedDevice_9Sources_Balanced,NonIID_Dirichlet,Extreme,45,Adaptive_NoCircuitBreaker,0.9683736304551761,0.9972222213648831,-0.02884859090970704,0.002747909199522103,0.003333333333333333,0.9972222213648831,0.0033333333333333335,0.0033333333333333335,4.0,,
NBaIoT_MixedDevice_9Sources_Balanced,NonIID_Dirichlet,Extreme,45,Adaptive_NoTemporalMemory,0.9707838293967237,0.9972222213648831,-0.026438391968159447,0.002724014336917563,0.003333333333333333,0.9972222213648831,0.0033333333333333335,0.0033333333333333335,4.0,,
NBaIoT_MixedDevice_9Sources_Balanced,NonIID_Dirichlet,Extreme,45,Adaptive_Ultimate,0.9683736304551761,0.9972222213648831,-0.02884859090970704,0.002747909199522103,0.003333333333333333,0.9972222213648831,0.0033333333333333335,0.0033333333333333335,4.0,,
NBaIoT_MixedDevice_9Sources_Balanced,NonIID_Dirichlet,Extreme,45,FLAME,0.9967459786136335,0.9972222213648831,-0.0004762427512496892,0.002210274790919952,0.0032444444444444443,0.9977555555212619,0.0033333333333333335,0.0033333333333333335,4.0,,
NBaIoT_MixedDevice_9Sources_Balanced,NonIID_Dirichlet,Extreme,45,FLTrust,0.9707838293967237,0.9972222213648831,-0.026438391968159447,0.002747909199522103,0.003333333333333333,0.9972222213648831,0.0033333333333333335,0.0033333333333333335,4.0,,
NBaIoT_MixedDevice_9Sources_Balanced,NonIID_Dirichlet,Extreme,45,FedAvg,0.9970634741081288,0.9977777777777778,-0.0007143036696489746,0.001947431302270011,0.0022222222222222222,0.9977777777777778,0.0022222222222222222,0.0022222222222222222,4.0,,
NBaIoT_MixedDevice_9Sources_Balanced,NonIID_Dirichlet,Extreme,45,Krum,0.9618860404356538,0.9938887964663663,-0.032002756030712454,0.007682198327359619,0.010133333333333334,0.9945554865490916,0.012222222222222223,0.012222222222222223,4.0,,
NBaIoT_MixedDevice_9Sources_Balanced,NonIID_Dirichlet,Extreme,46,Adaptive_FixedCircuitBreaker,0.959611496068551,0.9977777777777778,-0.03816628170922676,0.0020549581839904413,0.0022222222222222222,0.9977777777777778,0.0022222222222222222,0.0022222222222222222,4.0,,
NBaIoT_MixedDevice_9Sources_Balanced,NonIID_Dirichlet,Extreme,46,Adaptive_NoAdaptiveWeighting,0.9233698115001836,0.9972222213648831,-0.07385240986469954,0.0025567502986857827,0.003333333333333333,0.9972222213648831,0.0033333333333333335,0.0033333333333333335,4.0,,
NBaIoT_MixedDevice_9Sources_Balanced,NonIID_Dirichlet,Extreme,46,Adaptive_NoCircuitBreaker,0.959611496068551,0.9977777750342902,-0.03816627896573921,0.0019115890083632023,0.001511111111111111,0.9977333317283933,0.0033333333333333335,0.0011111111111111111,4.0,,
NBaIoT_MixedDevice_9Sources_Balanced,NonIID_Dirichlet,Extreme,46,Adaptive_NoTemporalMemory,0.9690383829768218,0.9972222213648831,-0.028183838388061377,0.0027240143369175623,0.0022222222222222222,0.9972222213648831,0.0033333333333333335,0.0022222222222222222,4.0,,
NBaIoT_MixedDevice_9Sources_Balanced,NonIID_Dirichlet,Extreme,46,Adaptive_Ultimate,0.959611496068551,0.9972222213648831,-0.03761072529633214,0.002198327359617682,0.0022222222222222222,0.9972222213648831,0.0033333333333333335,0.0022222222222222222,4.0,,
NBaIoT_MixedDevice_9Sources_Balanced,NonIID_Dirichlet,Extreme,46,FLAME,0.9819843930898964,0.9972222213648831,-0.015237828274986764,0.001959378733572281,0.0022222222222222222,0.9972222213648831,0.0022222222222222222,0.0022222222222222222,4.0,,
NBaIoT_MixedDevice_9Sources_Balanced,NonIID_Dirichlet,Extreme,46,FLTrust,0.9690383829768218,0.9972222145061513,-0.028183831529329573,0.0022700119474313024,0.0012,0.9975111062551327,0.0033333333333333335,0.0011111111111111111,4.0,,
NBaIoT_MixedDevice_9Sources_Balanced,NonIID_Dirichlet,Extreme,46,FedAvg,0.9978571350430331,0.9994444442729766,-0.0015873092299435454,0.0017682198327359623,0.0011111111111111111,0.9985999996227709,0.0022222222222222222,0.0011111111111111111,4.0,,
NBaIoT_MixedDevice_9Sources_Balanced,NonIID_Dirichlet,Extreme,46,Krum,0.5338131501357228,0.49731374937499784,0.036499400760725,0.001111111111111111,0.0011111111111111111,0.515084233644182,0.0011111111111111111,0.0011111111111111111,4.0,,7.0
NBaIoT_MixedDevice_9Sources_Balanced,NonIID_Dirichlet,Extreme,47,Adaptive_FixedCircuitBreaker,0.9955555406132303,0.9983333328189299,-0.002777792205699625,0.001111111111111111,0.0011111111111111111,0.9987999999176955,0.0011111111111111111,0.0011111111111111111,4.0,,
NBaIoT_MixedDevice_9Sources_Balanced,NonIID_Dirichlet,Extreme,47,Adaptive_NoAdaptiveWeighting,0.9956349089995291,0.9988888888888889,-0.003253979889359826,0.001111111111111111,0.0011111111111111111,0.9992666665500686,0.0011111111111111111,0.0011111111111111111,4.0,,
NBaIoT_MixedDevice_9Sources_Balanced,NonIID_Dirichlet,Extreme,47,Adaptive_NoCircuitBreaker,0.9955555406132303,0.9983333328189299,-0.002777792205699625,0.001111111111111111,0.0011111111111111111,0.9987999999176955,0.0011111111111111111,0.0011111111111111111,4.0,,
NBaIoT_MixedDevice_9Sources_Balanced,NonIID_Dirichlet,Extreme,47,Adaptive_NoTemporalMemory,0.9960317140404301,0.9977777750342902,-0.001746060993860099,0.001111111111111111,0.0011111111111111111,0.9987111106721532,0.0011111111111111111,0.0011111111111111111,4.0,,
NBaIoT_MixedDevice_9Sources_Balanced,NonIID_Dirichlet,Extreme,47,Adaptive_Ultimate,0.9955555406132303,0.9983333328189299,-0.002777792205699625,0.001111111111111111,0.0011111111111111111,0.9987999999176955,0.0011111111111111111,0.0011111111111111111,4.0,,
NBaIoT_MixedDevice_9Sources_Balanced,NonIID_Dirichlet,Extreme,47,FLAME,0.9955554975004789,0.9988888888888889,-0.0033333913884100452,0.001111111111111111,0.0011111111111111111,0.9989555555349794,0.0011111111111111111,0.0011111111111111111,4.0,,
NBaIoT_MixedDevice_9Sources_Balanced,NonIID_Dirichlet,Extreme,47,FLTrust,0.9960317140404301,0.9977777750342902,-0.001746060993860099,0.001111111111111111,0.0011111111111111111,0.9987777775377227,0.0011111111111111111,0.0011111111111111111,4.0,,
NBaIoT_MixedDevice_9Sources_Balanced,NonIID_Dirichlet,Extreme,47,FedAvg,0.9956349044923124,0.9983333328189299,-0.0026984283266174858,0.001135005973715651,0.0012,0.9991555554183813,0.0022222222222222222,0.0022222222222222222,4.0,,
NBaIoT_MixedDevice_9Sources_Balanced,NonIID_Dirichlet,Extreme,47,Krum,0.9937300626820045,0.9949999861110725,-0.001269923429068065,0.005268817204301077,0.004222222222222222,0.9947999916597884,0.006666666666666667,0.0033333333333333335,4.0,,
NBaIoT_MixedDevice_9Sources_Balanced,NonIID_Dirichlet,Extreme,48,Adaptive_FixedCircuitBreaker,0.9919840409793387,0.9972222213648831,-0.005238180385544466,0.0033333333333333344,0.003333333333333333,0.9963333325308639,0.0033333333333333335,0.0033333333333333335,4.0,,
NBaIoT_MixedDevice_9Sources_Balanced,NonIID_Dirichlet,Extreme,48,Adaptive_NoAdaptiveWeighting,0.991349119560532,0.9977777750342902,-0.00642865547375826,0.003082437275985663,0.0024000000000000002,0.9968444396159005,0.0033333333333333335,0.0011111111111111111,4.0,,
NBaIoT_MixedDevice_9Sources_Balanced,NonIID_Dirichlet,Extreme,48,Adaptive_NoCircuitBreaker,0.9919840409793387,0.9972222213648831,-0.005238180385544466,0.0033333333333333344,0.003333333333333333,0.9963333325308639,0.0033333333333333335,0.0033333333333333335,4.0,,
NBaIoT_MixedDevice_9Sources_Balanced,NonIID_Dirichlet,Extreme,48,Adaptive_NoTemporalMemory,0.9922221566224086,0.9966666666666667,-0.004444510044258054,0.0033333333333333344,0.003333333333333333,0.996288888072702,0.0033333333333333335,0.0033333333333333335,4.0,,
NBaIoT_MixedDevice_9Sources_Balanced,NonIID_Dirichlet,Extreme,48,Adaptive_Ultimate,0.9919840409793387,0.9972222213648831,-0.005238180385544466,0.0033333333333333344,0.003333333333333333,0.9963333325308639,0.0033333333333333335,0.0033333333333333335,4.0,,
NBaIoT_MixedDevice_9Sources_Balanced,NonIID_Dirichlet,Extreme,48,FLAME,0.9912697377993782,0.9972222145061513,-0.005952476706773124,0.003428912783751494,0.0016444444444444445,0.997133326481463,0.012222222222222223,0.0011111111111111111,4.0,,
NBaIoT_MixedDevice_9Sources_Balanced,NonIID_Dirichlet,Extreme,48,FLTrust,0.9922221566224086,0.9966666666666667,-0.004444510044258054,0.0033333333333333344,0.003333333333333333,0.996288888072702,0.0033333333333333335,0.0033333333333333335,4.0,,
NBaIoT_MixedDevice_9Sources_Balanced,NonIID_Dirichlet,Extreme,48,FedAvg,0.9935713939588615,0.9838862579723665,0.009685135986495008,0.02021505376344086,0.045644444444444446,0.9863985294639603,0.07,0.07,4.0,,
NBaIoT_MixedDevice_9Sources_Balanced,NonIID_Dirichlet,Extreme,48,Krum,0.9889678791999457,0.9833316664999834,0.005636212699962284,0.022234169653524496,0.025999999999999995,0.9839541312980835,0.02666666666666667,0.02666666666666667,4.0,,
NBaIoT_MixedDevice_9Sources_Balanced,NonIID_Dirichlet,Extreme,49,Adaptive_FixedCircuitBreaker,0.9820613678410808,0.9983333287036908,-0.01627196086261007,0.0,0.0,0.998333328703691,0.0,0.0,4.0,,
NBaIoT_MixedDevice_9Sources_Balanced,NonIID_Dirichlet,Extreme,49,Adaptive_NoAdaptiveWeighting,0.9814248238581464,0.9983333287036908,-0.016908504845544403,0.0,0.0,0.998333328703691,0.0,0.0,4.0,,
NBaIoT_MixedDevice_9Sources_Balanced,NonIID_Dirichlet,Extreme,49,Adaptive_NoCircuitBreaker,0.9820613678410808,0.9983333287036908,-0.01627196086261007,0.0,0.0,0.998333328703691,0.0,0.0,4.0,,
NBaIoT_MixedDevice_9Sources_Balanced,NonIID_Dirichlet,Extreme,49,Adaptive_NoTemporalMemory,0.9826242631092945,0.9983333287036908,-0.015709065594396332,0.0,0.0,0.998333328703691,0.0,0.0,4.0,,
NBaIoT_MixedDevice_9Sources_Balanced,NonIID_Dirichlet,Extreme,49,Adaptive_Ultimate,0.9820613678410808,0.9983333287036908,-0.01627196086261007,0.0,0.0,0.998333328703691,0.0,0.0,4.0,,
NBaIoT_MixedDevice_9Sources_Balanced,NonIID_Dirichlet,Extreme,49,FLAME,0.896946417405435,0.9977777668037867,-0.1008313493983517,0.0,0.0,0.9977777668037866,0.0,0.0,4.0,,
NBaIoT_MixedDevice_9Sources_Balanced,NonIID_Dirichlet,Extreme,49,FLTrust,0.9826242631092945,0.9983333287036908,-0.015709065594396332,0.0,0.0,0.998333328703691,0.0,0.0,4.0,,
NBaIoT_MixedDevice_9Sources_Balanced,NonIID_Dirichlet,Extreme,49,FedAvg,0.9953967484791331,0.888131543812803,0.10726520466633005,0.3535722819593788,0.9644888888888888,0.9446714663763279,1.0,0.9988888888888889,4.0,60.0,86.0
NBaIoT_MixedDevice_9Sources_Balanced,NonIID_Dirichlet,Extreme,49,Krum,0.8830914092510324,0.9916660879227724,-0.10857467867174009,0.0008602150537634408,0.0,0.9918883534281489,0.014444444444444444,0.0,4.0,,
NBaIoT_MixedDevice_9Sources_Balanced,NonIID_Dirichlet,Extreme,50,Adaptive_FixedCircuitBreaker,0.9526360971637965,0.9949999243815725,-0.042363827217775984,0.0009438470728793307,0.0011111111111111111,0.9953554959045537,0.0011111111111111111,0.0011111111111111111,4.0,,
NBaIoT_MixedDevice_9Sources_Balanced,NonIID_Dirichlet,Extreme,50,Adaptive_NoAdaptiveWeighting,0.9524637542389529,0.99666665020568,-0.04420289596672711,0.0008721624850657105,0.0011111111111111111,0.99666665020568,0.0011111111111111111,0.0011111111111111111,4.0,,
NBaIoT_MixedDevice_9Sources_Balanced,NonIID_Dirichlet,Extreme,50,Adaptive_NoCircuitBreaker,0.9526360971637965,0.9949999243815725,-0.042363827217775984,0.0009438470728793307,0.0011111111111111111,0.9953554959045537,0.0011111111111111111,0.0011111111111111111,4.0,,
NBaIoT_MixedDevice_9Sources_Balanced,NonIID_Dirichlet,Extreme,50,Adaptive_NoTemporalMemory,0.955460460848213,0.9949999243815725,-0.039539463533359465,0.0009318996415770605,0.0011111111111111111,0.99544438816799,0.0011111111111111111,0.0011111111111111111,4.0,,
NBaIoT_MixedDevice_9Sources_Balanced,NonIID_Dirichlet,Extreme,50,Adaptive_Ultimate,0.9526360971637965,0.9949999243815725,-0.042363827217775984,0.0009438470728793307,0.0011111111111111111,0.9953554959045537,0.0011111111111111111,0.0011111111111111111,4.0,,
NBaIoT_MixedDevice_9Sources_Balanced,NonIID_Dirichlet,Extreme,50,FLAME,0.9475535238846513,0.9911111111111112,-0.04355758722645986,0.005902031063321383,0.008977777777777777,0.9909111100617279,0.01,0.008888888888888889,4.0,,
NBaIoT_MixedDevice_9Sources_Balanced,NonIID_Dirichlet,Extreme,50,FLTrust,0.955460460848213,0.9955555061722908,-0.040095045324077816,0.0009438470728793307,0.0011111111111111111,0.9957777361449827,0.0011111111111111111,0.0011111111111111111,4.0,,
NBaIoT_MixedDevice_9Sources_Balanced,NonIID_Dirichlet,Extreme,50,FedAvg,0.9903170669517941,0.9335986699894199,0.05671839696237424,0.2957108721624851,0.8852,0.9784872939502547,1.0,1.0,4.0,64.0,99.0
NBaIoT_MixedDevice_9Sources_Balanced,NonIID_Dirichlet,Extreme,50,Krum,0.6849646778153122,0.9799984196282175,-0.2950337418129053,0.023058542413381126,0.028844444444444447,0.9801759969305652,0.38222222222222224,0.028888888888888888,4.0,7.0,7.0
NBaIoT_MixedDevice_9Sources_Balanced,NonIID_Dirichlet,Extreme,51,Adaptive_FixedCircuitBreaker,0.9880947736793593,0.9977777750342902,-0.009683001354930942,0.001111111111111111,0.0011111111111111111,0.9977777750342902,0.0011111111111111111,0.0011111111111111111,4.0,,
NBaIoT_MixedDevice_9Sources_Balanced,NonIID_Dirichlet,Extreme,51,Adaptive_NoAdaptiveWeighting,0.9881741482423363,0.9977777750342902,-0.009603626791953923,0.001111111111111111,0.0011111111111111111,0.9977777750342902,0.0011111111111111111,0.0011111111111111111,4.0,,
NBaIoT_MixedDevice_9Sources_Balanced,NonIID_Dirichlet,Extreme,51,Adaptive_NoCircuitBreaker,0.9880947736793593,0.9977777750342902,-0.009683001354930942,0.001111111111111111,0.0011111111111111111,0.9977777750342902,0.0011111111111111111,0.0011111111111111111,4.0,,
NBaIoT_MixedDevice_9Sources_Balanced,NonIID_Dirichlet,Extreme,51,Adaptive_NoTemporalMemory,0.988650472513343,0.9977777750342902,-0.009127302520947178,0.001111111111111111,0.0011111111111111111,0.9977777750342902,0.0011111111111111111,0.0011111111111111111,4.0,,
NBaIoT_MixedDevice_9Sources_Balanced,NonIID_Dirichlet,Extreme,51,Adaptive_Ultimate,0.9880947736793593,0.9977777750342902,-0.009683001354930942,0.001111111111111111,0.0011111111111111111,0.9977777750342902,0.0011111111111111111,0.0011111111111111111,4.0,,
NBaIoT_MixedDevice_9Sources_Balanced,NonIID_Dirichlet,Extreme,51,FLAME,0.9593210116393115,0.9977777750342902,-0.03845676339497872,0.001111111111111111,0.0011111111111111111,0.9977777750342902,0.0011111111111111111,0.0011111111111111111,4.0,,
NBaIoT_MixedDevice_9Sources_Balanced,NonIID_Dirichlet,Extreme,51,FLTrust,0.988650472513343,0.9977777750342902,-0.009127302520947178,0.001111111111111111,0.0011111111111111111,0.9977777750342902,0.0011111111111111111,0.0011111111111111111,4.0,,
NBaIoT_MixedDevice_9Sources_Balanced,NonIID_Dirichlet,Extreme,51,FedAvg,0.9928569540866753,0.9977777750342902,-0.004920820947614923,0.001111111111111111,0.0011111111111111111,0.9977777750342902,0.0011111111111111111,0.0011111111111111111,4.0,,
NBaIoT_MixedDevice_9Sources_Balanced,NonIID_Dirichlet,Extreme,51,Krum,0.9540464027952835,0.9911111001371606,-0.03706469734187712,0.016427718040621264,0.008266666666666665,0.9899333087859358,0.042222222222222223,0.006666666666666667,4.0,,
NBaIoT_MixedDevice_9Sources_Balanced,NonIID_Dirichlet,Extreme,52,Adaptive_FixedCircuitBreaker,0.9955555446795719,0.9972222213648831,-0.0016666766853112858,0.002556750298685782,0.0022222222222222222,0.9972222213648831,0.0033333333333333335,0.0022222222222222222,4.0,,
NBaIoT_MixedDevice_9Sources_Balanced,NonIID_Dirichlet,Extreme,52,Adaptive_NoAdaptiveWeighting,0.9956349124289454,0.9977777777777778,-0.0021428653488323457,0.0020788530465949816,0.0022222222222222222,0.9977777777777778,0.0022222222222222222,0.0022222222222222222,4.0,,
NBaIoT_MixedDevice_9Sources_Balanced,NonIID_Dirichlet,Extreme,52,Adaptive_NoCircuitBreaker,0.9955555446795719,0.9972222213648831,-0.0016666766853112858,0.002556750298685782,0.0022222222222222222,0.9972222213648831,0.0033333333333333335,0.0022222222222222222,4.0,,
NBaIoT_MixedDevice_9Sources_Balanced,NonIID_Dirichlet,Extreme,52,Adaptive_NoTemporalMemory,0.9955555446795719,0.9972222213648831,-0.0016666766853112858,0.002544802867383512,0.0022222222222222222,0.9972222213648831,0.0033333333333333335,0.0022222222222222222,4.0,,
NBaIoT_MixedDevice_9Sources_Balanced,NonIID_Dirichlet,Extreme,52,Adaptive_Ultimate,0.9955555446795719,0.9972222213648831,-0.0016666766853112858,0.002556750298685782,0.0022222222222222222,0.9972222213648831,0.0033333333333333335,0.0022222222222222222,4.0,,
NBaIoT_MixedDevice_9Sources_Balanced,NonIID_Dirichlet,Extreme,52,FLAME,0.9946825026203234,0.9977777750342902,-0.0030952724139667875,0.002700119474313023,0.002311111111111111,0.9980444427709172,0.0044444444444444444,0.0022222222222222222,4.0,,
NBaIoT_MixedDevice_9Sources_Balanced,NonIID_Dirichlet,Extreme,52,FLTrust,0.9955555446795719,0.9972222213648831,-0.0016666766853112858,0.002544802867383512,0.0022222222222222222,0.9973111099519882,0.0033333333333333335,0.0022222222222222222,4.0,,
NBaIoT_MixedDevice_9Sources_Balanced,NonIID_Dirichlet,Extreme,52,FedAvg,0.9965872850528097,0.9983333328189299,-0.0017460477661201956,0.0009318996415770609,0.0021777777777777776,0.9983333328189299,0.0022222222222222222,0.0022222222222222222,4.0,,
NBaIoT_MixedDevice_9Sources_Balanced,NonIID_Dirichlet,Extreme,52,Krum,0.9779043538929402,0.9938888417348899,-0.015984487841949724,0.0037634408602150535,0.004177777777777778,0.9936221818995956,0.0044444444444444444,0.0044444444444444444,4.0,,
