Dataset,Attack,Partition_Mode,Seed,Strategy,Ground_Truth_Field,Trust_Threshold,TP_Malicious_Rejected,FP_Honest_Rejected,TN_Honest_Accepted,FN_Malicious_Accepted,Malicious_Detection_Precision,Malicious_Detection_Recall,Honest_Rejection_Rate,TP,FP,TN,FN,Detection_Precision,Detection_Recall,False_Positive_Rate,Attack_Episodes,Detected_Episodes,Episode_Detection_Rate,Detection_Delay_Mean,Recovery_Delay_Mean,CB_Trigger_Count,CB_Active_Rounds,CB_NoAttack_Active_Rounds,CB_False_Trigger_Rounds,CB_First_Trigger_Round,CB_Trigger_Delay_From_Attack_Onset,Cumulative_Profile
NBaIoT_MixedDevice_9Sources_Balanced,Cumulative_Base,IID,43,Adaptive_FixedCircuitBreaker,Client_Is_Attacker,0.05,0,90,817,93,0.0,0.0,0.09922822491730982,0,90,817,93,0.0,0.0,0.09922822491730982,1,0,0.0,,,0,0,0,0,,,Base
NBaIoT_MixedDevice_9Sources_Balanced,Cumulative_Base,IID,43,Adaptive_Ultimate,Client_Is_Attacker,0.05,0,90,817,93,0.0,0.0,0.09922822491730982,0,90,817,93,0.0,0.0,0.09922822491730982,1,0,0.0,,,0,0,0,0,,,Base
NBaIoT_MixedDevice_9Sources_Balanced,Cumulative_Base,IID,44,Adaptive_FixedCircuitBreaker,Client_Is_Attacker,0.05,88,341,566,5,0.20512820512820512,0.946236559139785,0.37596471885336274,88,341,566,5,0.20512820512820512,0.946236559139785,0.37596471885336274,1,1,1.0,5.0,,1,75,0,0,25.0,18.0,Base
NBaIoT_MixedDevice_9Sources_Balanced,Cumulative_Base,IID,44,Adaptive_Ultimate,Client_Is_Attacker,0.05,88,341,566,5,0.20512820512820512,0.946236559139785,0.37596471885336274,88,341,566,5,0.20512820512820512,0.946236559139785,0.37596471885336274,1,1,1.0,5.0,,0,0,0,0,,,Base
NBaIoT_MixedDevice_9Sources_Balanced,Cumulative_Base,IID,45,Adaptive_FixedCircuitBreaker,Client_Is_Attacker,0.05,0,95,812,93,0.0,0.0,0.10474090407938258,0,95,812,93,0.0,0.0,0.10474090407938258,1,0,0.0,,,0,0,0,0,,,Base
NBaIoT_MixedDevice_9Sources_Balanced,Cumulative_Base,IID,45,Adaptive_Ultimate,Client_Is_Attacker,0.05,0,95,812,93,0.0,0.0,0.10474090407938258,0,95,812,93,0.0,0.0,0.10474090407938258,1,0,0.0,,,0,0,0,0,,,Base
NBaIoT_MixedDevice_9Sources_Balanced,Cumulative_Base,IID,46,Adaptive_FixedCircuitBreaker,Client_Is_Attacker,0.05,89,103,804,4,0.4635416666666667,0.956989247311828,0.11356119073869901,89,103,804,4,0.4635416666666667,0.956989247311828,0.11356119073869901,1,1,1.0,4.0,,0,0,0,0,,,Base
NBaIoT_MixedDevice_9Sources_Balanced,Cumulative_Base,IID,46,Adaptive_Ultimate,Client_Is_Attacker,0.05,89,103,804,4,0.4635416666666667,0.956989247311828,0.11356119073869901,89,103,804,4,0.4635416666666667,0.956989247311828,0.11356119073869901,1,1,1.0,4.0,,0,0,0,0,,,Base
NBaIoT_MixedDevice_9Sources_Balanced,Cumulative_Base,IID,47,Adaptive_FixedCircuitBreaker,Client_Is_Attacker,0.05,0,163,744,93,0.0,0.0,0.17971334068357223,0,163,744,93,0.0,0.0,0.17971334068357223,1,0,0.0,,,0,0,0,0,,,Base
NBaIoT_MixedDevice_9Sources_Balanced,Cumulative_Base,IID,47,Adaptive_Ultimate,Client_Is_Attacker,0.05,0,163,744,93,0.0,0.0,0.17971334068357223,0,163,744,93,0.0,0.0,0.17971334068357223,1,0,0.0,,,0,0,0,0,,,Base
NBaIoT_MixedDevice_9Sources_Balanced,Cumulative_Base,IID,48,Adaptive_FixedCircuitBreaker,Client_Is_Attacker,0.05,0,0,907,93,,0.0,0.0,0,0,907,93,,0.0,0.0,1,0,0.0,,,0,0,0,0,,,Base
NBaIoT_MixedDevice_9Sources_Balanced,Cumulative_Base,IID,48,Adaptive_Ultimate,Client_Is_Attacker,0.05,0,0,907,93,,0.0,0.0,0,0,907,93,,0.0,0.0,1,0,0.0,,,0,0,0,0,,,Base
NBaIoT_MixedDevice_9Sources_Balanced,Cumulative_Base,IID,49,Adaptive_FixedCircuitBreaker,Client_Is_Attacker,0.05,0,173,734,93,0.0,0.0,0.19073869900771775,0,173,734,93,0.0,0.0,0.19073869900771775,1,0,0.0,,,0,0,0,0,,,Base
NBaIoT_MixedDevice_9Sources_Balanced,Cumulative_Base,IID,49,Adaptive_Ultimate,Client_Is_Attacker,0.05,0,173,734,93,0.0,0.0,0.19073869900771775,0,173,734,93,0.0,0.0,0.19073869900771775,1,0,0.0,,,0,0,0,0,,,Base
NBaIoT_MixedDevice_9Sources_Balanced,Cumulative_Base,IID,50,Adaptive_FixedCircuitBreaker,Client_Is_Attacker,0.05,0,155,752,93,0.0,0.0,0.17089305402425578,0,155,752,93,0.0,0.0,0.17089305402425578,1,0,0.0,,,0,0,0,0,,,Base
NBaIoT_MixedDevice_9Sources_Balanced,Cumulative_Base,IID,50,Adaptive_Ultimate,Client_Is_Attacker,0.05,0,155,752,93,0.0,0.0,0.17089305402425578,0,155,752,93,0.0,0.0,0.17089305402425578,1,0,0.0,,,0,0,0,0,,,Base
NBaIoT_MixedDevice_9Sources_Balanced,Cumulative_Base,IID,51,Adaptive_FixedCircuitBreaker,Client_Is_Attacker,0.05,0,158,749,93,0.0,0.0,0.17420066152149946,0,158,749,93,0.0,0.0,0.17420066152149946,1,0,0.0,,,0,0,0,0,,,Base
NBaIoT_MixedDevice_9Sources_Balanced,Cumulative_Base,IID,51,Adaptive_Ultimate,Client_Is_Attacker,0.05,0,158,749,93,0.0,0.0,0.17420066152149946,0,158,749,93,0.0,0.0,0.17420066152149946,1,0,0.0,,,0,0,0,0,,,Base
NBaIoT_MixedDevice_9Sources_Balanced,Cumulative_Base,IID,52,Adaptive_FixedCircuitBreaker,Client_Is_Attacker,0.05,0,310,597,93,0.0,0.0,0.34178610804851156,0,310,597,93,0.0,0.0,0.34178610804851156,1,0,0.0,,,0,0,0,0,,,Base
NBaIoT_MixedDevice_9Sources_Balanced,Cumulative_Base,IID,52,Adaptive_Ultimate,Client_Is_Attacker,0.05,0,310,597,93,0.0,0.0,0.34178610804851156,0,310,597,93,0.0,0.0,0.34178610804851156,1,0,0.0,,,0,0,0,0,,,Base
NBaIoT_MixedDevice_9Sources_Balanced,Cumulative_Base,NonIID_Dirichlet,43,Adaptive_FixedCircuitBreaker,Client_Is_Attacker,0.05,0,240,667,93,0.0,0.0,0.26460859977949286,0,240,667,93,0.0,0.0,0.26460859977949286,1,0,0.0,,,0,0,0,0,,,Base
NBaIoT_MixedDevice_9Sources_Balanced,Cumulative_Base,NonIID_Dirichlet,43,Adaptive_Ultimate,Client_Is_Attacker,0.05,0,240,667,93,0.0,0.0,0.26460859977949286,0,240,667,93,0.0,0.0,0.26460859977949286,1,0,0.0,,,0,0,0,0,,,Base
NBaIoT_MixedDevice_9Sources_Balanced,Cumulative_Base,NonIID_Dirichlet,44,Adaptive_FixedCircuitBreaker,Client_Is_Attacker,0.05,0,279,628,93,0.0,0.0,0.30760749724366043,0,279,628,93,0.0,0.0,0.30760749724366043,1,0,0.0,,,0,0,0,0,,,Base
NBaIoT_MixedDevice_9Sources_Balanced,Cumulative_Base,NonIID_Dirichlet,44,Adaptive_Ultimate,Client_Is_Attacker,0.05,0,279,628,93,0.0,0.0,0.30760749724366043,0,279,628,93,0.0,0.0,0.30760749724366043,1,0,0.0,,,0,0,0,0,,,Base
NBaIoT_MixedDevice_9Sources_Balanced,Cumulative_Base,NonIID_Dirichlet,45,Adaptive_FixedCircuitBreaker,Client_Is_Attacker,0.05,5,148,759,88,0.032679738562091505,0.053763440860215055,0.1631753031973539,5,148,759,88,0.032679738562091505,0.053763440860215055,0.1631753031973539,1,1,1.0,0.0,,0,0,0,0,,,Base
NBaIoT_MixedDevice_9Sources_Balanced,Cumulative_Base,NonIID_Dirichlet,45,Adaptive_Ultimate,Client_Is_Attacker,0.05,5,148,759,88,0.032679738562091505,0.053763440860215055,0.1631753031973539,5,148,759,88,0.032679738562091505,0.053763440860215055,0.1631753031973539,1,1,1.0,0.0,,0,0,0,0,,,Base
NBaIoT_MixedDevice_9Sources_Balanced,Cumulative_Base,NonIID_Dirichlet,46,Adaptive_FixedCircuitBreaker,Client_Is_Attacker,0.05,0,361,546,93,0.0,0.0,0.3980154355016538,0,361,546,93,0.0,0.0,0.3980154355016538,1,0,0.0,,,3,30,0,0,46.0,39.0,Base
NBaIoT_MixedDevice_9Sources_Balanced,Cumulative_Base,NonIID_Dirichlet,46,Adaptive_Ultimate,Client_Is_Attacker,0.05,0,366,541,93,0.0,0.0,0.40352811466372657,0,366,541,93,0.0,0.0,0.40352811466372657,1,0,0.0,,,0,0,0,0,,,Base
NBaIoT_MixedDevice_9Sources_Balanced,Cumulative_Base,NonIID_Dirichlet,47,Adaptive_FixedCircuitBreaker,Client_Is_Attacker,0.05,0,89,818,93,0.0,0.0,0.09812568908489526,0,89,818,93,0.0,0.0,0.09812568908489526,1,0,0.0,,,0,0,0,0,,,Base
NBaIoT_MixedDevice_9Sources_Balanced,Cumulative_Base,NonIID_Dirichlet,47,Adaptive_Ultimate,Client_Is_Attacker,0.05,0,89,818,93,0.0,0.0,0.09812568908489526,0,89,818,93,0.0,0.0,0.09812568908489526,1,0,0.0,,,0,0,0,0,,,Base
NBaIoT_MixedDevice_9Sources_Balanced,Cumulative_Base,NonIID_Dirichlet,48,Adaptive_FixedCircuitBreaker,Client_Is_Attacker,0.05,92,141,766,1,0.3948497854077253,0.989247311827957,0.15545755237045203,92,141,766,1,0.3948497854077253,0.989247311827957,0.15545755237045203,1,1,1.0,1.0,,0,0,0,0,,,Base
NBaIoT_MixedDevice_9Sources_Balanced,Cumulative_Base,NonIID_Dirichlet,48,Adaptive_Ultimate,Client_Is_Attacker,0.05,92,141,766,1,0.3948497854077253,0.989247311827957,0.15545755237045203,92,141,766,1,0.3948497854077253,0.989247311827957,0.15545755237045203,1,1,1.0,1.0,,0,0,0,0,,,Base
NBaIoT_MixedDevice_9Sources_Balanced,Cumulative_Base,NonIID_Dirichlet,49,Adaptive_FixedCircuitBreaker,Client_Is_Attacker,0.05,93,266,641,0,0.2590529247910863,1.0,0.2932745314222712,93,266,641,0,0.2590529247910863,1.0,0.2932745314222712,1,1,1.0,0.0,,0,0,0,0,,,Base
NBaIoT_MixedDevice_9Sources_Balanced,Cumulative_Base,NonIID_Dirichlet,49,Adaptive_Ultimate,Client_Is_Attacker,0.05,93,266,641,0,0.2590529247910863,1.0,0.2932745314222712,93,266,641,0,0.2590529247910863,1.0,0.2932745314222712,1,1,1.0,0.0,,0,0,0,0,,,Base
NBaIoT_MixedDevice_9Sources_Balanced,Cumulative_Base,NonIID_Dirichlet,50,Adaptive_FixedCircuitBreaker,Client_Is_Attacker,0.05,91,261,646,2,0.2585227272727273,0.978494623655914,0.28776185226019846,91,261,646,2,0.2585227272727273,0.978494623655914,0.28776185226019846,1,1,1.0,2.0,,0,0,0,0,,,Base
NBaIoT_MixedDevice_9Sources_Balanced,Cumulative_Base,NonIID_Dirichlet,50,Adaptive_Ultimate,Client_Is_Attacker,0.05,91,261,646,2,0.2585227272727273,0.978494623655914,0.28776185226019846,91,261,646,2,0.2585227272727273,0.978494623655914,0.28776185226019846,1,1,1.0,2.0,,0,0,0,0,,,Base
NBaIoT_MixedDevice_9Sources_Balanced,Cumulative_Base,NonIID_Dirichlet,51,Adaptive_FixedCircuitBreaker,Client_Is_Attacker,0.05,88,195,712,5,0.31095406360424027,0.946236559139785,0.21499448732083792,88,195,712,5,0.31095406360424027,0.946236559139785,0.21499448732083792,1,1,1.0,5.0,,0,0,0,0,,,Base
NBaIoT_MixedDevice_9Sources_Balanced,Cumulative_Base,NonIID_Dirichlet,51,Adaptive_Ultimate,Client_Is_Attacker,0.05,88,195,712,5,0.31095406360424027,0.946236559139785,0.21499448732083792,88,195,712,5,0.31095406360424027,0.946236559139785,0.21499448732083792,1,1,1.0,5.0,,0,0,0,0,,,Base
NBaIoT_MixedDevice_9Sources_Balanced,Cumulative_Base,NonIID_Dirichlet,52,Adaptive_FixedCircuitBreaker,Client_Is_Attacker,0.05,91,55,852,2,0.6232876712328768,0.978494623655914,0.06063947078280044,91,55,852,2,0.6232876712328768,0.978494623655914,0.06063947078280044,1,1,1.0,2.0,,0,0,0,0,,,Base
NBaIoT_MixedDevice_9Sources_Balanced,Cumulative_Base,NonIID_Dirichlet,52,Adaptive_Ultimate,Client_Is_Attacker,0.05,91,55,852,2,0.6232876712328768,0.978494623655914,0.06063947078280044,91,55,852,2,0.6232876712328768,0.978494623655914,0.06063947078280044,1,1,1.0,2.0,,0,0,0,0,,,Base
NBaIoT_MixedDevice_9Sources_Balanced,Cumulative_Extreme,IID,43,Adaptive_FixedCircuitBreaker,Client_Is_Attacker,0.05,89,90,817,4,0.4972067039106145,0.956989247311828,0.09922822491730982,89,90,817,4,0.4972067039106145,0.956989247311828,0.09922822491730982,1,1,1.0,4.0,,0,0,0,0,,,Extreme
NBaIoT_MixedDevice_9Sources_Balanced,Cumulative_Extreme,IID,43,Adaptive_Ultimate,Client_Is_Attacker,0.05,89,90,817,4,0.4972067039106145,0.956989247311828,0.09922822491730982,89,90,817,4,0.4972067039106145,0.956989247311828,0.09922822491730982,1,1,1.0,4.0,,0,0,0,0,,,Extreme
NBaIoT_MixedDevice_9Sources_Balanced,Cumulative_Extreme,IID,44,Adaptive_FixedCircuitBreaker,Client_Is_Attacker,0.05,50,343,564,43,0.1272264631043257,0.5376344086021505,0.37816979051819183,50,343,564,43,0.1272264631043257,0.5376344086021505,0.37816979051819183,1,1,1.0,6.0,,6,44,0,0,26.0,19.0,Extreme
NBaIoT_MixedDevice_9Sources_Balanced,Cumulative_Extreme,IID,44,Adaptive_Ultimate,Client_Is_Attacker,0.05,53,343,564,40,0.13383838383838384,0.5698924731182796,0.37816979051819183,53,343,564,40,0.13383838383838384,0.5698924731182796,0.37816979051819183,1,1,1.0,6.0,,0,0,0,0,,,Extreme
NBaIoT_MixedDevice_9Sources_Balanced,Cumulative_Extreme,IID,45,Adaptive_FixedCircuitBreaker,Client_Is_Attacker,0.05,82,130,777,11,0.3867924528301887,0.8817204301075269,0.14332965821389196,82,130,777,11,0.3867924528301887,0.8817204301075269,0.14332965821389196,1,1,1.0,11.0,,0,0,0,0,,,Extreme
NBaIoT_MixedDevice_9Sources_Balanced,Cumulative_Extreme,IID,45,Adaptive_Ultimate,Client_Is_Attacker,0.05,82,130,777,11,0.3867924528301887,0.8817204301075269,0.14332965821389196,82,130,777,11,0.3867924528301887,0.8817204301075269,0.14332965821389196,1,1,1.0,11.0,,0,0,0,0,,,Extreme
NBaIoT_MixedDevice_9Sources_Balanced,Cumulative_Extreme,IID,46,Adaptive_FixedCircuitBreaker,Client_Is_Attacker,0.05,90,103,804,3,0.46632124352331605,0.967741935483871,0.11356119073869901,90,103,804,3,0.46632124352331605,0.967741935483871,0.11356119073869901,1,1,1.0,3.0,,0,0,0,0,,,Extreme
NBaIoT_MixedDevice_9Sources_Balanced,Cumulative_Extreme,IID,46,Adaptive_Ultimate,Client_Is_Attacker,0.05,90,103,804,3,0.46632124352331605,0.967741935483871,0.11356119073869901,90,103,804,3,0.46632124352331605,0.967741935483871,0.11356119073869901,1,1,1.0,3.0,,0,0,0,0,,,Extreme
NBaIoT_MixedDevice_9Sources_Balanced,Cumulative_Extreme,IID,47,Adaptive_FixedCircuitBreaker,Client_Is_Attacker,0.05,90,152,755,3,0.371900826446281,0.967741935483871,0.16758544652701213,90,152,755,3,0.371900826446281,0.967741935483871,0.16758544652701213,1,1,1.0,3.0,,0,0,0,0,,,Extreme
NBaIoT_MixedDevice_9Sources_Balanced,Cumulative_Extreme,IID,47,Adaptive_Ultimate,Client_Is_Attacker,0.05,90,152,755,3,0.371900826446281,0.967741935483871,0.16758544652701213,90,152,755,3,0.371900826446281,0.967741935483871,0.16758544652701213,1,1,1.0,3.0,,0,0,0,0,,,Extreme
NBaIoT_MixedDevice_9Sources_Balanced,Cumulative_Extreme,IID,48,Adaptive_FixedCircuitBreaker,Client_Is_Attacker,0.05,86,0,907,7,1.0,0.9247311827956989,0.0,86,0,907,7,1.0,0.9247311827956989,0.0,1,1,1.0,7.0,,0,0,0,0,,,Extreme
NBaIoT_MixedDevice_9Sources_Balanced,Cumulative_Extreme,IID,48,Adaptive_Ultimate,Client_Is_Attacker,0.05,86,0,907,7,1.0,0.9247311827956989,0.0,86,0,907,7,1.0,0.9247311827956989,0.0,1,1,1.0,7.0,,0,0,0,0,,,Extreme
NBaIoT_MixedDevice_9Sources_Balanced,Cumulative_Extreme,IID,49,Adaptive_FixedCircuitBreaker,Client_Is_Attacker,0.05,91,174,733,2,0.3433962264150943,0.978494623655914,0.1918412348401323,91,174,733,2,0.3433962264150943,0.978494623655914,0.1918412348401323,1,1,1.0,2.0,,0,0,0,0,,,Extreme
NBaIoT_MixedDevice_9Sources_Balanced,Cumulative_Extreme,IID,49,Adaptive_Ultimate,Client_Is_Attacker,0.05,91,174,733,2,0.3433962264150943,0.978494623655914,0.1918412348401323,91,174,733,2,0.3433962264150943,0.978494623655914,0.1918412348401323,1,1,1.0,2.0,,0,0,0,0,,,Extreme
NBaIoT_MixedDevice_9Sources_Balanced,Cumulative_Extreme,IID,50,Adaptive_FixedCircuitBreaker,Client_Is_Attacker,0.05,92,131,776,1,0.4125560538116592,0.989247311827957,0.1444321940463065,92,131,776,1,0.4125560538116592,0.989247311827957,0.1444321940463065,1,1,1.0,1.0,,0,0,0,0,,,Extreme
NBaIoT_MixedDevice_9Sources_Balanced,Cumulative_Extreme,IID,50,Adaptive_Ultimate,Client_Is_Attacker,0.05,92,131,776,1,0.4125560538116592,0.989247311827957,0.1444321940463065,92,131,776,1,0.4125560538116592,0.989247311827957,0.1444321940463065,1,1,1.0,1.0,,0,0,0,0,,,Extreme
NBaIoT_MixedDevice_9Sources_Balanced,Cumulative_Extreme,IID,51,Adaptive_FixedCircuitBreaker,Client_Is_Attacker,0.05,91,121,786,2,0.42924528301886794,0.978494623655914,0.13340683572216097,91,121,786,2,0.42924528301886794,0.978494623655914,0.13340683572216097,1,1,1.0,2.0,,0,0,0,0,,,Extreme
NBaIoT_MixedDevice_9Sources_Balanced,Cumulative_Extreme,IID,51,Adaptive_Ultimate,Client_Is_Attacker,0.05,91,121,786,2,0.42924528301886794,0.978494623655914,0.13340683572216097,91,121,786,2,0.42924528301886794,0.978494623655914,0.13340683572216097,1,1,1.0,2.0,,0,0,0,0,,,Extreme
NBaIoT_MixedDevice_9Sources_Balanced,Cumulative_Extreme,IID,52,Adaptive_FixedCircuitBreaker,Client_Is_Attacker,0.05,84,309,598,9,0.21374045801526717,0.9032258064516129,0.340683572216097,84,309,598,9,0.21374045801526717,0.9032258064516129,0.340683572216097,1,1,1.0,9.0,,1,67,0,0,33.0,26.0,Extreme
NBaIoT_MixedDevice_9Sources_Balanced,Cumulative_Extreme,IID,52,Adaptive_Ultimate,Client_Is_Attacker,0.05,84,309,598,9,0.21374045801526717,0.9032258064516129,0.340683572216097,84,309,598,9,0.21374045801526717,0.9032258064516129,0.340683572216097,1,1,1.0,9.0,,0,0,0,0,,,Extreme
NBaIoT_MixedDevice_9Sources_Balanced,Cumulative_Extreme,NonIID_Dirichlet,43,Adaptive_FixedCircuitBreaker,Client_Is_Attacker,0.05,83,254,653,10,0.24629080118694363,0.8924731182795699,0.28004410143329656,83,254,653,10,0.24629080118694363,0.8924731182795699,0.28004410143329656,1,1,1.0,10.0,,0,0,0,0,,,Extreme
NBaIoT_MixedDevice_9Sources_Balanced,Cumulative_Extreme,NonIID_Dirichlet,43,Adaptive_Ultimate,Client_Is_Attacker,0.05,83,254,653,10,0.24629080118694363,0.8924731182795699,0.28004410143329656,83,254,653,10,0.24629080118694363,0.8924731182795699,0.28004410143329656,1,1,1.0,10.0,,0,0,0,0,,,Extreme
NBaIoT_MixedDevice_9Sources_Balanced,Cumulative_Extreme,NonIID_Dirichlet,44,Adaptive_FixedCircuitBreaker,Client_Is_Attacker,0.05,81,347,560,12,0.18925233644859812,0.8709677419354839,0.38257993384785005,81,347,560,12,0.18925233644859812,0.8709677419354839,0.38257993384785005,1,1,1.0,12.0,,1,79,0,0,21.0,14.0,Extreme
NBaIoT_MixedDevice_9Sources_Balanced,Cumulative_Extreme,NonIID_Dirichlet,44,Adaptive_Ultimate,Client_Is_Attacker,0.05,81,369,538,12,0.18,0.8709677419354839,0.40683572216097025,81,369,538,12,0.18,0.8709677419354839,0.40683572216097025,1,1,1.0,12.0,,0,0,0,0,,,Extreme
NBaIoT_MixedDevice_9Sources_Balanced,Cumulative_Extreme,NonIID_Dirichlet,45,Adaptive_FixedCircuitBreaker,Client_Is_Attacker,0.05,93,162,745,0,0.36470588235294116,1.0,0.17861080485115766,93,162,745,0,0.36470588235294116,1.0,0.17861080485115766,1,1,1.0,0.0,,0,0,0,0,,,Extreme
NBaIoT_MixedDevice_9Sources_Balanced,Cumulative_Extreme,NonIID_Dirichlet,45,Adaptive_Ultimate,Client_Is_Attacker,0.05,93,162,745,0,0.36470588235294116,1.0,0.17861080485115766,93,162,745,0,0.36470588235294116,1.0,0.17861080485115766,1,1,1.0,0.0,,0,0,0,0,,,Extreme
NBaIoT_MixedDevice_9Sources_Balanced,Cumulative_Extreme,NonIID_Dirichlet,46,Adaptive_FixedCircuitBreaker,Client_Is_Attacker,0.05,63,431,476,30,0.12753036437246965,0.6774193548387096,0.47519294377067256,63,431,476,30,0.12753036437246965,0.6774193548387096,0.47519294377067256,1,1,1.0,14.0,,1,78,0,0,22.0,15.0,Extreme
NBaIoT_MixedDevice_9Sources_Balanced,Cumulative_Extreme,NonIID_Dirichlet,46,Adaptive_Ultimate,Client_Is_Attacker,0.05,65,390,517,28,0.14285714285714285,0.6989247311827957,0.42998897464167585,65,390,517,28,0.14285714285714285,0.6989247311827957,0.42998897464167585,1,1,1.0,14.0,,0,0,0,0,,,Extreme
NBaIoT_MixedDevice_9Sources_Balanced,Cumulative_Extreme,NonIID_Dirichlet,47,Adaptive_FixedCircuitBreaker,Client_Is_Attacker,0.05,89,82,825,4,0.52046783625731,0.956989247311828,0.09040793825799338,89,82,825,4,0.52046783625731,0.956989247311828,0.09040793825799338,1,1,1.0,4.0,,0,0,0,0,,,Extreme
NBaIoT_MixedDevice_9Sources_Balanced,Cumulative_Extreme,NonIID_Dirichlet,47,Adaptive_Ultimate,Client_Is_Attacker,0.05,89,82,825,4,0.52046783625731,0.956989247311828,0.09040793825799338,89,82,825,4,0.52046783625731,0.956989247311828,0.09040793825799338,1,1,1.0,4.0,,0,0,0,0,,,Extreme
NBaIoT_MixedDevice_9Sources_Balanced,Cumulative_Extreme,NonIID_Dirichlet,48,Adaptive_FixedCircuitBreaker,Client_Is_Attacker,0.05,92,141,766,1,0.3948497854077253,0.989247311827957,0.15545755237045203,92,141,766,1,0.3948497854077253,0.989247311827957,0.15545755237045203,1,1,1.0,1.0,,0,0,0,0,,,Extreme
NBaIoT_MixedDevice_9Sources_Balanced,Cumulative_Extreme,NonIID_Dirichlet,48,Adaptive_Ultimate,Client_Is_Attacker,0.05,92,141,766,1,0.3948497854077253,0.989247311827957,0.15545755237045203,92,141,766,1,0.3948497854077253,0.989247311827957,0.15545755237045203,1,1,1.0,1.0,,0,0,0,0,,,Extreme
NBaIoT_MixedDevice_9Sources_Balanced,Cumulative_Extreme,NonIID_Dirichlet,49,Adaptive_FixedCircuitBreaker,Client_Is_Attacker,0.05,93,266,641,0,0.2590529247910863,1.0,0.2932745314222712,93,266,641,0,0.2590529247910863,1.0,0.2932745314222712,1,1,1.0,0.0,,0,0,0,0,,,Extreme
NBaIoT_MixedDevice_9Sources_Balanced,Cumulative_Extreme,NonIID_Dirichlet,49,Adaptive_Ultimate,Client_Is_Attacker,0.05,93,266,641,0,0.2590529247910863,1.0,0.2932745314222712,93,266,641,0,0.2590529247910863,1.0,0.2932745314222712,1,1,1.0,0.0,,0,0,0,0,,,Extreme
NBaIoT_MixedDevice_9Sources_Balanced,Cumulative_Extreme,NonIID_Dirichlet,50,Adaptive_FixedCircuitBreaker,Client_Is_Attacker,0.05,92,261,646,1,0.26062322946175637,0.989247311827957,0.28776185226019846,92,261,646,1,0.26062322946175637,0.989247311827957,0.28776185226019846,1,1,1.0,1.0,,0,0,0,0,,,Extreme
NBaIoT_MixedDevice_9Sources_Balanced,Cumulative_Extreme,NonIID_Dirichlet,50,Adaptive_Ultimate,Client_Is_Attacker,0.05,92,261,646,1,0.26062322946175637,0.989247311827957,0.28776185226019846,92,261,646,1,0.26062322946175637,0.989247311827957,0.28776185226019846,1,1,1.0,1.0,,0,0,0,0,,,Extreme
NBaIoT_MixedDevice_9Sources_Balanced,Cumulative_Extreme,NonIID_Dirichlet,51,Adaptive_FixedCircuitBreaker,Client_Is_Attacker,0.05,91,199,708,2,0.3137931034482759,0.978494623655914,0.21940463065049615,91,199,708,2,0.3137931034482759,0.978494623655914,0.21940463065049615,1,1,1.0,2.0,,2,5,0,0,30.0,23.0,Extreme
NBaIoT_MixedDevice_9Sources_Balanced,Cumulative_Extreme,NonIID_Dirichlet,51,Adaptive_Ultimate,Client_Is_Attacker,0.05,91,197,710,2,0.3159722222222222,0.978494623655914,0.21719955898566704,91,197,710,2,0.3159722222222222,0.978494623655914,0.21719955898566704,1,1,1.0,2.0,,0,0,0,0,,,Extreme
NBaIoT_MixedDevice_9Sources_Balanced,Cumulative_Extreme,NonIID_Dirichlet,52,Adaptive_FixedCircuitBreaker,Client_Is_Attacker,0.05,92,55,852,1,0.6258503401360545,0.989247311827957,0.06063947078280044,92,55,852,1,0.6258503401360545,0.989247311827957,0.06063947078280044,1,1,1.0,1.0,,0,0,0,0,,,Extreme
NBaIoT_MixedDevice_9Sources_Balanced,Cumulative_Extreme,NonIID_Dirichlet,52,Adaptive_Ultimate,Client_Is_Attacker,0.05,92,55,852,1,0.6258503401360545,0.989247311827957,0.06063947078280044,92,55,852,1,0.6258503401360545,0.989247311827957,0.06063947078280044,1,1,1.0,1.0,,0,0,0,0,,,Extreme
