Dataset,Partition_Mode,Cumulative_Profile,Seed,Strategy,ASR_Critical_S12_S16_Mean,F1_Critical_S12_S16_Mean,ASR_Attack_Active_Mean,ASR_Peak,ASR_Final,F1_Final,Malicious_Detection_Recall,Detection_Delay_Mean,Honest_Rejection_Rate,Malicious_Detection_Precision,CB_Trigger_Count,CB_Active_Rounds
NBaIoT_MixedDevice_9Sources_Balanced,IID,Base,43,Adaptive_FixedCircuitBreaker,0.0041333333333333335,0.9947777706515631,0.0036678614097968923,0.0044444444444444444,0.0044444444444444444,0.9949999984567897,0.0,,0.09922822491730982,0.0,0.0,0.0
NBaIoT_MixedDevice_9Sources_Balanced,IID,Base,43,Adaptive_NoAdaptiveWeighting,0.0036,0.9963555548834018,0.0035842293906810023,0.0044444444444444444,0.0044444444444444444,0.9961111099108364,,,,,,
NBaIoT_MixedDevice_9Sources_Balanced,IID,Base,43,Adaptive_NoCircuitBreaker,0.0041333333333333335,0.9947777706515631,0.0036678614097968923,0.0044444444444444444,0.0044444444444444444,0.9949999984567897,,,,,,
NBaIoT_MixedDevice_9Sources_Balanced,IID,Base,43,Adaptive_NoTemporalMemory,0.0041333333333333335,0.9947999930864058,0.0036678614097968923,0.0044444444444444444,0.0044444444444444444,0.9949999984567897,,,,,,
NBaIoT_MixedDevice_9Sources_Balanced,IID,Base,43,Adaptive_Ultimate,0.0041333333333333335,0.9947777706515631,0.0036678614097968923,0.0044444444444444444,0.0044444444444444444,0.9949999984567897,0.0,,0.09922822491730982,0.0,0.0,0.0
NBaIoT_MixedDevice_9Sources_Balanced,IID,Base,43,FLAME,0.004888888888888889,0.995888885850477,0.004097968936678614,0.005555555555555556,0.005555555555555556,0.9955555500685803,,,,,,
NBaIoT_MixedDevice_9Sources_Balanced,IID,Base,43,FLTrust,0.0041333333333333335,0.9947999930864058,0.0036678614097968923,0.0044444444444444444,0.0044444444444444444,0.9949999984567897,,,,,,
NBaIoT_MixedDevice_9Sources_Balanced,IID,Base,43,FedAvg,0.003333333333333333,0.9960666637654286,0.0038470728793309453,0.0044444444444444444,0.0033333333333333335,0.9966666666666667,,,,,,
NBaIoT_MixedDevice_9Sources_Balanced,IID,Base,43,Krum,0.002533333333333333,0.9955999839642666,0.0027956989247311815,0.005555555555555556,0.0044444444444444444,0.9949999984567897,,,,,,
NBaIoT_MixedDevice_9Sources_Balanced,IID,Base,44,Adaptive_FixedCircuitBreaker,0.0022222222222222222,0.9972222213648831,0.0021266427718040614,0.0022222222222222222,0.0022222222222222222,0.9972222213648831,0.946236559139785,5.0,0.37596471885336274,0.20512820512820512,1.0,75.0
NBaIoT_MixedDevice_9Sources_Balanced,IID,Base,44,Adaptive_NoAdaptiveWeighting,0.0022222222222222222,0.9966666625514351,0.002210274790919952,0.0022222222222222222,0.0022222222222222222,0.9966666625514352,,,,,,
NBaIoT_MixedDevice_9Sources_Balanced,IID,Base,44,Adaptive_NoCircuitBreaker,0.0022222222222222222,0.9970444425445798,0.0021266427718040614,0.0022222222222222222,0.0022222222222222222,0.9972222213648831,,,,,,
NBaIoT_MixedDevice_9Sources_Balanced,IID,Base,44,Adaptive_NoTemporalMemory,0.0022222222222222222,0.9968444413717386,0.0020908004778972516,0.0022222222222222222,0.0022222222222222222,0.9966666625514352,,,,,,
NBaIoT_MixedDevice_9Sources_Balanced,IID,Base,44,Adaptive_Ultimate,0.0022222222222222222,0.9966666625514351,0.0021266427718040614,0.0022222222222222222,0.0022222222222222222,0.9966666625514352,0.946236559139785,5.0,0.37596471885336274,0.20512820512820512,0.0,0.0
NBaIoT_MixedDevice_9Sources_Balanced,IID,Base,44,FLAME,0.0022222222222222222,0.9971333319547314,0.0021385902031063313,0.0022222222222222222,0.0022222222222222222,0.9972222213648831,,,,,,
NBaIoT_MixedDevice_9Sources_Balanced,IID,Base,44,FLTrust,0.0022222222222222222,0.9971999987242789,0.0021027479091995215,0.0022222222222222222,0.0022222222222222222,0.9972222213648831,,,,,,
NBaIoT_MixedDevice_9Sources_Balanced,IID,Base,44,FedAvg,0.0022222222222222222,0.9975333329561041,0.002222222222222222,0.0022222222222222222,0.0022222222222222222,0.9977777777777778,,,,,,
NBaIoT_MixedDevice_9Sources_Balanced,IID,Base,44,Krum,0.0017333333333333335,0.9978222204801079,0.0021027479091995224,0.0033333333333333335,0.0011111111111111111,0.9977777750342902,,,,,,
NBaIoT_MixedDevice_9Sources_Balanced,IID,Base,45,Adaptive_FixedCircuitBreaker,0.001288888888888889,0.998311110617284,0.0017204301075268815,0.0022222222222222222,0.0022222222222222222,0.9983333328189299,0.0,,0.10474090407938258,0.0,0.0,0.0
NBaIoT_MixedDevice_9Sources_Balanced,IID,Base,45,Adaptive_NoAdaptiveWeighting,0.0011111111111111111,0.9977777750342902,0.0015770609318996422,0.0022222222222222222,0.0011111111111111111,0.9977777750342902,,,,,,
NBaIoT_MixedDevice_9Sources_Balanced,IID,Base,45,Adaptive_NoCircuitBreaker,0.001288888888888889,0.998311110617284,0.0017204301075268815,0.0022222222222222222,0.0022222222222222222,0.9983333328189299,,,,,,
NBaIoT_MixedDevice_9Sources_Balanced,IID,Base,45,Adaptive_NoTemporalMemory,0.001288888888888889,0.9982666662139917,0.001744324970131421,0.0022222222222222222,0.0022222222222222222,0.9983333328189299,,,,,,
NBaIoT_MixedDevice_9Sources_Balanced,IID,Base,45,Adaptive_Ultimate,0.001288888888888889,0.998311110617284,0.0017204301075268815,0.0022222222222222222,0.0022222222222222222,0.9983333328189299,0.0,,0.10474090407938258,0.0,0.0,0.0
NBaIoT_MixedDevice_9Sources_Balanced,IID,Base,45,FLAME,0.0011111111111111111,0.9977555528875139,0.001111111111111111,0.0011111111111111111,0.0011111111111111111,0.9977777750342902,,,,,,
NBaIoT_MixedDevice_9Sources_Balanced,IID,Base,45,FLTrust,0.0011555555555555555,0.9982666662139917,0.0017084826762246116,0.0022222222222222222,0.0022222222222222222,0.9983333328189299,,,,,,
NBaIoT_MixedDevice_9Sources_Balanced,IID,Base,45,FedAvg,0.002,0.9973111099519882,0.001481481481481482,0.0022222222222222222,0.0011111111111111111,0.9977777750342902,,,,,,
NBaIoT_MixedDevice_9Sources_Balanced,IID,Base,45,Krum,0.0013333333333333333,0.9965777622221492,0.0011708482676224612,0.0022222222222222222,0.0022222222222222222,0.996111100308612,,,,,,
NBaIoT_MixedDevice_9Sources_Balanced,IID,Base,46,Adaptive_FixedCircuitBreaker,0.0011111111111111111,0.9983333328189299,0.001111111111111111,0.0011111111111111111,0.0011111111111111111,0.9983333328189299,0.956989247311828,4.0,0.11356119073869901,0.4635416666666667,0.0,0.0
NBaIoT_MixedDevice_9Sources_Balanced,IID,Base,46,Adaptive_NoAdaptiveWeighting,0.0011111111111111111,0.9983333328189299,0.001111111111111111,0.0011111111111111111,0.0011111111111111111,0.9983333328189299,,,,,,
NBaIoT_MixedDevice_9Sources_Balanced,IID,Base,46,Adaptive_NoCircuitBreaker,0.0011111111111111111,0.9983333328189299,0.001111111111111111,0.0011111111111111111,0.0011111111111111111,0.9983333328189299,,,,,,
NBaIoT_MixedDevice_9Sources_Balanced,IID,Base,46,Adaptive_NoTemporalMemory,0.0011111111111111111,0.9983333328189299,0.001111111111111111,0.0011111111111111111,0.0011111111111111111,0.9983333328189299,,,,,,
NBaIoT_MixedDevice_9Sources_Balanced,IID,Base,46,Adaptive_Ultimate,0.0011111111111111111,0.9983333328189299,0.001111111111111111,0.0011111111111111111,0.0011111111111111111,0.9983333328189299,0.956989247311828,4.0,0.11356119073869901,0.4635416666666667,0.0,0.0
NBaIoT_MixedDevice_9Sources_Balanced,IID,Base,46,FLAME,0.0011111111111111111,0.9977999972359359,0.001111111111111111,0.0011111111111111111,0.0011111111111111111,0.9972222145061513,,,,,,
NBaIoT_MixedDevice_9Sources_Balanced,IID,Base,46,FLTrust,0.0011111111111111111,0.9983333328189299,0.001111111111111111,0.0011111111111111111,0.0011111111111111111,0.9983333328189299,,,,,,
NBaIoT_MixedDevice_9Sources_Balanced,IID,Base,46,FedAvg,0.0013777777777777777,0.9977777754732482,0.001624850657108722,0.0022222222222222222,0.0011111111111111111,0.9977777750342902,,,,,,
NBaIoT_MixedDevice_9Sources_Balanced,IID,Base,46,Krum,0.0022222222222222222,0.9961111003086119,0.0018518518518518508,0.0022222222222222222,0.0022222222222222222,0.996111100308612,,,,,,
NBaIoT_MixedDevice_9Sources_Balanced,IID,Base,47,Adaptive_FixedCircuitBreaker,0.0011111111111111111,0.9994444442729766,0.001111111111111111,0.0011111111111111111,0.0011111111111111111,0.9994444442729766,0.0,,0.17971334068357223,0.0,0.0,0.0
NBaIoT_MixedDevice_9Sources_Balanced,IID,Base,47,Adaptive_NoAdaptiveWeighting,0.0011111111111111111,0.9994444442729766,0.001111111111111111,0.0011111111111111111,0.0011111111111111111,0.9994444442729766,,,,,,
NBaIoT_MixedDevice_9Sources_Balanced,IID,Base,47,Adaptive_NoCircuitBreaker,0.0011111111111111111,0.9994444442729766,0.001111111111111111,0.0011111111111111111,0.0011111111111111111,0.9994444442729766,,,,,,
NBaIoT_MixedDevice_9Sources_Balanced,IID,Base,47,Adaptive_NoTemporalMemory,0.0011111111111111111,0.9994444442729766,0.001111111111111111,0.0011111111111111111,0.0011111111111111111,0.9994444442729766,,,,,,
NBaIoT_MixedDevice_9Sources_Balanced,IID,Base,47,Adaptive_Ultimate,0.0011111111111111111,0.9994444442729766,0.001111111111111111,0.0011111111111111111,0.0011111111111111111,0.9994444442729766,0.0,,0.17971334068357223,0.0,0.0,0.0
NBaIoT_MixedDevice_9Sources_Balanced,IID,Base,47,FLAME,0.0011111111111111111,0.9994444442729766,0.001111111111111111,0.0011111111111111111,0.0011111111111111111,0.9994444442729766,,,,,,
NBaIoT_MixedDevice_9Sources_Balanced,IID,Base,47,FLTrust,0.0011111111111111111,0.9994444442729766,0.001111111111111111,0.0011111111111111111,0.0011111111111111111,0.9994444442729766,,,,,,
NBaIoT_MixedDevice_9Sources_Balanced,IID,Base,47,FedAvg,0.0011111111111111111,0.998888888888889,0.001111111111111111,0.0011111111111111111,0.0011111111111111111,0.9988888888888889,,,,,,
NBaIoT_MixedDevice_9Sources_Balanced,IID,Base,47,Krum,0.0011111111111111111,0.998888888888889,0.001111111111111111,0.0011111111111111111,0.0011111111111111111,0.9988888888888889,,,,,,
NBaIoT_MixedDevice_9Sources_Balanced,IID,Base,48,Adaptive_FixedCircuitBreaker,0.0011111111111111111,0.9983333328189299,0.001230585424133811,0.0033333333333333335,0.0011111111111111111,0.9983333328189299,0.0,,0.0,,0.0,0.0
NBaIoT_MixedDevice_9Sources_Balanced,IID,Base,48,Adaptive_NoAdaptiveWeighting,0.0011111111111111111,0.998222221262002,0.001230585424133811,0.0033333333333333335,0.0011111111111111111,0.9983333328189299,,,,,,
NBaIoT_MixedDevice_9Sources_Balanced,IID,Base,48,Adaptive_NoCircuitBreaker,0.0011111111111111111,0.9983333328189299,0.001230585424133811,0.0033333333333333335,0.0011111111111111111,0.9983333328189299,,,,,,
NBaIoT_MixedDevice_9Sources_Balanced,IID,Base,48,Adaptive_NoTemporalMemory,0.0011111111111111111,0.9983333328189299,0.001230585424133811,0.0033333333333333335,0.0011111111111111111,0.9983333328189299,,,,,,
NBaIoT_MixedDevice_9Sources_Balanced,IID,Base,48,Adaptive_Ultimate,0.0011111111111111111,0.9983333328189299,0.001230585424133811,0.0033333333333333335,0.0011111111111111111,0.9983333328189299,0.0,,0.0,,0.0,0.0
NBaIoT_MixedDevice_9Sources_Balanced,IID,Base,48,FLAME,0.0023555555555555556,0.9970888875240033,0.0019474313022700125,0.0033333333333333335,0.0011111111111111111,0.9983333328189299,,,,,,
NBaIoT_MixedDevice_9Sources_Balanced,IID,Base,48,FLTrust,0.0011111111111111111,0.9983333328189299,0.001230585424133811,0.0033333333333333335,0.0011111111111111111,0.9983333328189299,,,,,,
NBaIoT_MixedDevice_9Sources_Balanced,IID,Base,48,FedAvg,0.0011111111111111111,0.9980222204595316,0.001290322580645161,0.0033333333333333335,0.0011111111111111111,0.9983333328189299,,,,,,
NBaIoT_MixedDevice_9Sources_Balanced,IID,Base,48,Krum,0.00039999999999999996,0.9976444328257217,0.001242532855436081,0.0022222222222222222,0.0,0.9972222007885864,,,,,,
NBaIoT_MixedDevice_9Sources_Balanced,IID,Base,49,Adaptive_FixedCircuitBreaker,0.0,0.998333328703691,0.0,0.0,0.0,0.9983333287036908,0.0,,0.19073869900771775,0.0,0.0,0.0
NBaIoT_MixedDevice_9Sources_Balanced,IID,Base,49,Adaptive_NoAdaptiveWeighting,0.0,0.998333328703691,0.0,0.0,0.0,0.9983333287036908,,,,,,
NBaIoT_MixedDevice_9Sources_Balanced,IID,Base,49,Adaptive_NoCircuitBreaker,0.0,0.998333328703691,0.0,0.0,0.0,0.9983333287036908,,,,,,
NBaIoT_MixedDevice_9Sources_Balanced,IID,Base,49,Adaptive_NoTemporalMemory,0.0,0.998333328703691,0.0,0.0,0.0,0.9983333287036908,,,,,,
NBaIoT_MixedDevice_9Sources_Balanced,IID,Base,49,Adaptive_Ultimate,0.0,0.998333328703691,0.0,0.0,0.0,0.9983333287036908,0.0,,0.19073869900771775,0.0,0.0,0.0
NBaIoT_MixedDevice_9Sources_Balanced,IID,Base,49,FLAME,0.0,0.998333328703691,0.0,0.0,0.0,0.9983333287036908,,,,,,
NBaIoT_MixedDevice_9Sources_Balanced,IID,Base,49,FLTrust,0.0,0.998333328703691,0.0,0.0,0.0,0.9983333287036908,,,,,,
NBaIoT_MixedDevice_9Sources_Balanced,IID,Base,49,FedAvg,0.0,0.998333328703691,0.0,0.0,0.0,0.9983333287036908,,,,,,
NBaIoT_MixedDevice_9Sources_Balanced,IID,Base,49,Krum,0.0028888888888888888,0.9973999994855965,0.001290322580645161,0.0033333333333333335,0.0033333333333333335,0.9972222213648831,,,,,,
NBaIoT_MixedDevice_9Sources_Balanced,IID,Base,50,Adaptive_FixedCircuitBreaker,0.0011111111111111111,0.996599981913481,0.0006810035842293908,0.0011111111111111111,0.0011111111111111111,0.9961110811040208,0.0,,0.17089305402425578,0.0,0.0,0.0
NBaIoT_MixedDevice_9Sources_Balanced,IID,Base,50,Adaptive_NoAdaptiveWeighting,0.0011111111111111111,0.9963333080039343,0.00035842293906810036,0.0011111111111111111,0.0011111111111111111,0.99666665020568,,,,,,
NBaIoT_MixedDevice_9Sources_Balanced,IID,Base,50,Adaptive_NoCircuitBreaker,0.0011111111111111111,0.996599981913481,0.0006810035842293908,0.0011111111111111111,0.0011111111111111111,0.9961110811040208,,,,,,
NBaIoT_MixedDevice_9Sources_Balanced,IID,Base,50,Adaptive_NoTemporalMemory,0.0011111111111111111,0.99666665020568,0.0006810035842293908,0.0011111111111111111,0.0011111111111111111,0.99666665020568,,,,,,
NBaIoT_MixedDevice_9Sources_Balanced,IID,Base,50,Adaptive_Ultimate,0.0011111111111111111,0.996599981913481,0.0006810035842293908,0.0011111111111111111,0.0011111111111111111,0.9961110811040208,0.0,,0.17089305402425578,0.0,0.0,0.0
NBaIoT_MixedDevice_9Sources_Balanced,IID,Base,50,FLAME,0.0011111111111111111,0.9967555395335179,0.0006332138590203107,0.0011111111111111111,0.0011111111111111111,0.9972222145061513,,,,,,
NBaIoT_MixedDevice_9Sources_Balanced,IID,Base,50,FLTrust,0.0011111111111111111,0.99666665020568,0.0006571087216248507,0.0011111111111111111,0.0011111111111111111,0.99666665020568,,,,,,
NBaIoT_MixedDevice_9Sources_Balanced,IID,Base,50,FedAvg,0.0011111111111111111,0.99666665020568,0.0004778972520908005,0.0011111111111111111,0.0011111111111111111,0.99666665020568,,,,,,
NBaIoT_MixedDevice_9Sources_Balanced,IID,Base,50,Krum,0.0011111111111111111,0.99617774939622,0.00034647550776583036,0.0011111111111111111,0.0011111111111111111,0.9961110811040208,,,,,,
NBaIoT_MixedDevice_9Sources_Balanced,IID,Base,51,Adaptive_FixedCircuitBreaker,0.0011111111111111111,0.9983333328189299,0.001111111111111111,0.0011111111111111111,0.0011111111111111111,0.9983333328189299,0.0,,0.17420066152149946,0.0,0.0,0.0
NBaIoT_MixedDevice_9Sources_Balanced,IID,Base,51,Adaptive_NoAdaptiveWeighting,0.0011111111111111111,0.9983333328189299,0.001111111111111111,0.0011111111111111111,0.0011111111111111111,0.9983333328189299,,,,,,
NBaIoT_MixedDevice_9Sources_Balanced,IID,Base,51,Adaptive_NoCircuitBreaker,0.0011111111111111111,0.9983333328189299,0.001111111111111111,0.0011111111111111111,0.0011111111111111111,0.9983333328189299,,,,,,
NBaIoT_MixedDevice_9Sources_Balanced,IID,Base,51,Adaptive_NoTemporalMemory,0.0011111111111111111,0.9983333328189299,0.001111111111111111,0.0011111111111111111,0.0011111111111111111,0.9983333328189299,,,,,,
NBaIoT_MixedDevice_9Sources_Balanced,IID,Base,51,Adaptive_Ultimate,0.0011111111111111111,0.9983333328189299,0.001111111111111111,0.0011111111111111111,0.0011111111111111111,0.9983333328189299,0.0,,0.17420066152149946,0.0,0.0,0.0
NBaIoT_MixedDevice_9Sources_Balanced,IID,Base,51,FLAME,0.0011111111111111111,0.9972222145061513,0.001111111111111111,0.0011111111111111111,0.0011111111111111111,0.9972222145061513,,,,,,
NBaIoT_MixedDevice_9Sources_Balanced,IID,Base,51,FLTrust,0.0011111111111111111,0.9983333328189299,0.001111111111111111,0.0011111111111111111,0.0011111111111111111,0.9983333328189299,,,,,,
NBaIoT_MixedDevice_9Sources_Balanced,IID,Base,51,FedAvg,0.0011111111111111111,0.9983333328189299,0.001111111111111111,0.0011111111111111111,0.0011111111111111111,0.9983333328189299,,,,,,
NBaIoT_MixedDevice_9Sources_Balanced,IID,Base,51,Krum,0.0011111111111111111,0.9972222145061513,0.001278375149342891,0.0022222222222222222,0.0011111111111111111,0.9972222145061513,,,,,,
NBaIoT_MixedDevice_9Sources_Balanced,IID,Base,52,Adaptive_FixedCircuitBreaker,0.0011111111111111111,0.9994444442729766,0.0007526881720430104,0.0022222222222222222,0.0011111111111111111,0.9994444442729766,0.0,,0.34178610804851156,0.0,0.0,0.0
NBaIoT_MixedDevice_9Sources_Balanced,IID,Base,52,Adaptive_NoAdaptiveWeighting,0.0006666666666666666,0.9994444442729766,0.0010513739545997608,0.0022222222222222222,0.0011111111111111111,0.9994444442729766,,,,,,
NBaIoT_MixedDevice_9Sources_Balanced,IID,Base,52,Adaptive_NoCircuitBreaker,0.0011111111111111111,0.9994444442729766,0.0007526881720430104,0.0022222222222222222,0.0011111111111111111,0.9994444442729766,,,,,,
NBaIoT_MixedDevice_9Sources_Balanced,IID,Base,52,Adaptive_NoTemporalMemory,0.0011111111111111111,0.9994444442729766,0.0009199522102747906,0.0022222222222222222,0.0011111111111111111,0.9994444442729766,,,,,,
NBaIoT_MixedDevice_9Sources_Balanced,IID,Base,52,Adaptive_Ultimate,0.0011111111111111111,0.9994444442729766,0.0007526881720430104,0.0022222222222222222,0.0011111111111111111,0.9994444442729766,0.0,,0.34178610804851156,0.0,0.0,0.0
NBaIoT_MixedDevice_9Sources_Balanced,IID,Base,52,FLAME,0.0011111111111111111,0.998888888888889,0.001266427718040621,0.0022222222222222222,0.0011111111111111111,0.9988888888888889,,,,,,
NBaIoT_MixedDevice_9Sources_Balanced,IID,Base,52,FLTrust,0.0011111111111111111,0.9994444442729766,0.0010633213859020307,0.0022222222222222222,0.0011111111111111111,0.9994444442729766,,,,,,
NBaIoT_MixedDevice_9Sources_Balanced,IID,Base,52,FedAvg,0.0011111111111111111,0.998888888888889,0.001182795698924731,0.0022222222222222222,0.0011111111111111111,0.9988888888888889,,,,,,
NBaIoT_MixedDevice_9Sources_Balanced,IID,Base,52,Krum,0.003288888888888889,0.9977999973456758,0.002831541218637994,0.0033333333333333335,0.0022222222222222222,0.9983333328189299,,,,,,
NBaIoT_MixedDevice_9Sources_Balanced,IID,Extreme,43,Adaptive_FixedCircuitBreaker,0.003422222222222222,0.9949555417763524,0.003237753882915172,0.0044444444444444444,0.0044444444444444444,0.9944444375857254,0.956989247311828,4.0,0.09922822491730982,0.4972067039106145,0.0,0.0
NBaIoT_MixedDevice_9Sources_Balanced,IID,Extreme,43,Adaptive_NoAdaptiveWeighting,0.0022222222222222222,0.9961333215500247,0.0028793309438470737,0.0044444444444444444,0.0022222222222222222,0.9966666625514352,,,,,,
NBaIoT_MixedDevice_9Sources_Balanced,IID,Extreme,43,Adaptive_NoCircuitBreaker,0.003422222222222222,0.9949555417763524,0.003237753882915172,0.0044444444444444444,0.0044444444444444444,0.9944444375857254,,,,,,
NBaIoT_MixedDevice_9Sources_Balanced,IID,Extreme,43,Adaptive_NoTemporalMemory,0.003466666666666667,0.9949333198764923,0.0032497013142174422,0.0044444444444444444,0.0044444444444444444,0.9944444375857254,,,,,,
NBaIoT_MixedDevice_9Sources_Balanced,IID,Extreme,43,Adaptive_Ultimate,0.003422222222222222,0.9949555417763524,0.003237753882915172,0.0044444444444444444,0.0044444444444444444,0.9944444375857254,0.956989247311828,4.0,0.09922822491730982,0.4972067039106145,0.0,0.0
NBaIoT_MixedDevice_9Sources_Balanced,IID,Extreme,43,FLAME,0.0022222222222222222,0.996088873429259,0.002855436081242534,0.0044444444444444444,0.0022222222222222222,0.9966666625514352,,,,,,
NBaIoT_MixedDevice_9Sources_Balanced,IID,Extreme,43,FLTrust,0.003466666666666667,0.9949333198764923,0.0032497013142174422,0.0044444444444444444,0.0044444444444444444,0.9944444375857254,,,,,,
NBaIoT_MixedDevice_9Sources_Balanced,IID,Extreme,43,FedAvg,0.007644444444444445,0.9943555278324325,0.005925925925925926,0.01,0.01,0.9933332592584362,,,,,,
NBaIoT_MixedDevice_9Sources_Balanced,IID,Extreme,43,Krum,0.0022222222222222222,0.995866650960155,0.002652329749103942,0.005555555555555556,0.0022222222222222222,0.9955555336075734,,,,,,
NBaIoT_MixedDevice_9Sources_Balanced,IID,Extreme,44,Adaptive_FixedCircuitBreaker,0.0022222222222222222,0.9970222201920419,0.0021266427718040614,0.0022222222222222222,0.0022222222222222222,0.9966666625514352,0.5376344086021505,6.0,0.37816979051819183,0.1272264631043257,6.0,44.0
NBaIoT_MixedDevice_9Sources_Balanced,IID,Extreme,44,Adaptive_NoAdaptiveWeighting,0.0022222222222222222,0.9966666625514351,0.002222222222222222,0.0022222222222222222,0.0022222222222222222,0.9966666625514352,,,,,,
NBaIoT_MixedDevice_9Sources_Balanced,IID,Extreme,44,Adaptive_NoCircuitBreaker,0.0022222222222222222,0.9970666648971176,0.0021266427718040614,0.0022222222222222222,0.0022222222222222222,0.9972222213648831,,,,,,
NBaIoT_MixedDevice_9Sources_Balanced,IID,Extreme,44,Adaptive_NoTemporalMemory,0.0022222222222222222,0.9969777754869661,0.0021266427718040614,0.0022222222222222222,0.0022222222222222222,0.9972222213648831,,,,,,
NBaIoT_MixedDevice_9Sources_Balanced,IID,Extreme,44,Adaptive_Ultimate,0.0022222222222222222,0.9966888849039731,0.0021266427718040614,0.0022222222222222222,0.0022222222222222222,0.9972222213648831,0.5698924731182796,6.0,0.37816979051819183,0.13383838383838384,0.0,0.0
NBaIoT_MixedDevice_9Sources_Balanced,IID,Extreme,44,FLAME,0.0022222222222222222,0.9969333307818903,0.0021505376344086013,0.0022222222222222222,0.0022222222222222222,0.9966666625514352,,,,,,
NBaIoT_MixedDevice_9Sources_Balanced,IID,Extreme,44,FLTrust,0.0022222222222222222,0.9971333319547314,0.0021266427718040614,0.0022222222222222222,0.0022222222222222222,0.9972222213648831,,,,,,
NBaIoT_MixedDevice_9Sources_Balanced,IID,Extreme,44,FedAvg,0.0053777777777777765,0.9967333296090488,0.003357228195937873,0.0077777777777777776,0.0077777777777777776,0.9966666625514352,,,,,,
NBaIoT_MixedDevice_9Sources_Balanced,IID,Extreme,44,Krum,0.002711111111111111,0.9970666660493825,0.002556750298685782,0.0033333333333333335,0.0022222222222222222,0.9972222213648831,,,,,,
NBaIoT_MixedDevice_9Sources_Balanced,IID,Extreme,45,Adaptive_FixedCircuitBreaker,0.0011111111111111111,0.9983333328189299,0.001421744324970132,0.0022222222222222222,0.0011111111111111111,0.9983333328189299,0.8817204301075269,11.0,0.14332965821389196,0.3867924528301887,0.0,0.0
NBaIoT_MixedDevice_9Sources_Balanced,IID,Extreme,45,Adaptive_NoAdaptiveWeighting,0.0011555555555555555,0.9972444369272769,0.001158900836320191,0.0022222222222222222,0.0022222222222222222,0.9972222145061513,,,,,,
NBaIoT_MixedDevice_9Sources_Balanced,IID,Extreme,45,Adaptive_NoCircuitBreaker,0.0011111111111111111,0.9983333328189299,0.001421744324970132,0.0022222222222222222,0.0011111111111111111,0.9983333328189299,,,,,,
NBaIoT_MixedDevice_9Sources_Balanced,IID,Extreme,45,Adaptive_NoTemporalMemory,0.0011111111111111111,0.9983333328189299,0.0014336917562724016,0.0022222222222222222,0.0011111111111111111,0.9983333328189299,,,,,,
NBaIoT_MixedDevice_9Sources_Balanced,IID,Extreme,45,Adaptive_Ultimate,0.0011111111111111111,0.9983333328189299,0.001421744324970132,0.0022222222222222222,0.0011111111111111111,0.9983333328189299,0.8817204301075269,11.0,0.14332965821389196,0.3867924528301887,0.0,0.0
NBaIoT_MixedDevice_9Sources_Balanced,IID,Extreme,45,FLAME,0.0011111111111111111,0.9977777750342902,0.001111111111111111,0.0011111111111111111,0.0011111111111111111,0.9977777750342902,,,,,,
NBaIoT_MixedDevice_9Sources_Balanced,IID,Extreme,45,FLTrust,0.0011111111111111111,0.9983333328189299,0.0014336917562724016,0.0022222222222222222,0.0011111111111111111,0.9983333328189299,,,,,,
NBaIoT_MixedDevice_9Sources_Balanced,IID,Extreme,45,FedAvg,0.0029333333333333334,0.996688887208503,0.002317801672640382,0.0033333333333333335,0.0033333333333333335,0.9966666666666667,,,,,,
NBaIoT_MixedDevice_9Sources_Balanced,IID,Extreme,45,Krum,0.0013333333333333333,0.9965777622221492,0.0011708482676224612,0.0022222222222222222,0.0022222222222222222,0.996111100308612,,,,,,
NBaIoT_MixedDevice_9Sources_Balanced,IID,Extreme,46,Adaptive_FixedCircuitBreaker,0.0011111111111111111,0.9983333328189299,0.001111111111111111,0.0011111111111111111,0.0011111111111111111,0.9983333328189299,0.967741935483871,3.0,0.11356119073869901,0.46632124352331605,0.0,0.0
NBaIoT_MixedDevice_9Sources_Balanced,IID,Extreme,46,Adaptive_NoAdaptiveWeighting,0.0011111111111111111,0.9983333328189299,0.001111111111111111,0.0011111111111111111,0.0011111111111111111,0.9983333328189299,,,,,,
NBaIoT_MixedDevice_9Sources_Balanced,IID,Extreme,46,Adaptive_NoCircuitBreaker,0.0011111111111111111,0.9983333328189299,0.001111111111111111,0.0011111111111111111,0.0011111111111111111,0.9983333328189299,,,,,,
NBaIoT_MixedDevice_9Sources_Balanced,IID,Extreme,46,Adaptive_NoTemporalMemory,0.0011111111111111111,0.9983333328189299,0.001111111111111111,0.0011111111111111111,0.0011111111111111111,0.9983333328189299,,,,,,
NBaIoT_MixedDevice_9Sources_Balanced,IID,Extreme,46,Adaptive_Ultimate,0.0011111111111111111,0.9983333328189299,0.001111111111111111,0.0011111111111111111,0.0011111111111111111,0.9983333328189299,0.967741935483871,3.0,0.11356119073869901,0.46632124352331605,0.0,0.0
NBaIoT_MixedDevice_9Sources_Balanced,IID,Extreme,46,FLAME,0.0011111111111111111,0.9977777750342902,0.001111111111111111,0.0011111111111111111,0.0011111111111111111,0.9977777750342902,,,,,,
NBaIoT_MixedDevice_9Sources_Balanced,IID,Extreme,46,FLTrust,0.0011111111111111111,0.9983333328189299,0.001111111111111111,0.0011111111111111111,0.0011111111111111111,0.9983333328189299,,,,,,
NBaIoT_MixedDevice_9Sources_Balanced,IID,Extreme,46,FedAvg,0.015288888888888887,0.9930664918877574,0.007108721624850657,0.021111111111111112,0.021111111111111112,0.9911107160318235,,,,,,
NBaIoT_MixedDevice_9Sources_Balanced,IID,Extreme,46,Krum,0.0022222222222222222,0.9961111003086119,0.0018518518518518508,0.0022222222222222222,0.0022222222222222222,0.996111100308612,,,,,,
NBaIoT_MixedDevice_9Sources_Balanced,IID,Extreme,47,Adaptive_FixedCircuitBreaker,0.0011111111111111111,0.9994444442729766,0.001111111111111111,0.0011111111111111111,0.0011111111111111111,0.9994444442729766,0.967741935483871,3.0,0.16758544652701213,0.371900826446281,0.0,0.0
NBaIoT_MixedDevice_9Sources_Balanced,IID,Extreme,47,Adaptive_NoAdaptiveWeighting,0.0011111111111111111,0.9994444442729766,0.001111111111111111,0.0011111111111111111,0.0011111111111111111,0.9994444442729766,,,,,,
NBaIoT_MixedDevice_9Sources_Balanced,IID,Extreme,47,Adaptive_NoCircuitBreaker,0.0011111111111111111,0.9994444442729766,0.001111111111111111,0.0011111111111111111,0.0011111111111111111,0.9994444442729766,,,,,,
NBaIoT_MixedDevice_9Sources_Balanced,IID,Extreme,47,Adaptive_NoTemporalMemory,0.0011111111111111111,0.9994444442729766,0.001111111111111111,0.0011111111111111111,0.0011111111111111111,0.9994444442729766,,,,,,
NBaIoT_MixedDevice_9Sources_Balanced,IID,Extreme,47,Adaptive_Ultimate,0.0011111111111111111,0.9994444442729766,0.001111111111111111,0.0011111111111111111,0.0011111111111111111,0.9994444442729766,0.967741935483871,3.0,0.16758544652701213,0.371900826446281,0.0,0.0
NBaIoT_MixedDevice_9Sources_Balanced,IID,Extreme,47,FLAME,0.0011111111111111111,0.998888888888889,0.001111111111111111,0.0011111111111111111,0.0011111111111111111,0.9988888888888889,,,,,,
NBaIoT_MixedDevice_9Sources_Balanced,IID,Extreme,47,FLTrust,0.0011111111111111111,0.9994444442729766,0.001111111111111111,0.0011111111111111111,0.0011111111111111111,0.9994444442729766,,,,,,
NBaIoT_MixedDevice_9Sources_Balanced,IID,Extreme,47,FedAvg,0.0027555555555555554,0.9974888877709178,0.0016606929510155314,0.0044444444444444444,0.0033333333333333335,0.9966666666666667,,,,,,
NBaIoT_MixedDevice_9Sources_Balanced,IID,Extreme,47,Krum,0.0011111111111111111,0.9977777750342902,0.001111111111111111,0.0011111111111111111,0.0011111111111111111,0.9977777750342902,,,,,,
NBaIoT_MixedDevice_9Sources_Balanced,IID,Extreme,48,Adaptive_FixedCircuitBreaker,0.0011111111111111111,0.9981999989506164,0.001254480286738351,0.0033333333333333335,0.0011111111111111111,0.9983333328189299,0.9247311827956989,7.0,0.0,1.0,0.0,0.0
NBaIoT_MixedDevice_9Sources_Balanced,IID,Extreme,48,Adaptive_NoAdaptiveWeighting,0.0011111111111111111,0.9979333312139894,0.001254480286738351,0.0033333333333333335,0.0011111111111111111,0.9983333328189299,,,,,,
NBaIoT_MixedDevice_9Sources_Balanced,IID,Extreme,48,Adaptive_NoCircuitBreaker,0.0011111111111111111,0.9981999989506164,0.001254480286738351,0.0033333333333333335,0.0011111111111111111,0.9983333328189299,,,,,,
NBaIoT_MixedDevice_9Sources_Balanced,IID,Extreme,48,Adaptive_NoTemporalMemory,0.0011111111111111111,0.9981999989506164,0.001242532855436081,0.0033333333333333335,0.0011111111111111111,0.9983333328189299,,,,,,
NBaIoT_MixedDevice_9Sources_Balanced,IID,Extreme,48,Adaptive_Ultimate,0.0011111111111111111,0.9981999989506164,0.001254480286738351,0.0033333333333333335,0.0011111111111111111,0.9983333328189299,0.9247311827956989,7.0,0.0,1.0,0.0,0.0
NBaIoT_MixedDevice_9Sources_Balanced,IID,Extreme,48,FLAME,0.0011111111111111111,0.9978222188888816,0.0013859020310633217,0.0033333333333333335,0.0011111111111111111,0.9983333328189299,,,,,,
NBaIoT_MixedDevice_9Sources_Balanced,IID,Extreme,48,FLTrust,0.0011111111111111111,0.9981999989506164,0.001242532855436081,0.0033333333333333335,0.0011111111111111111,0.9983333328189299,,,,,,
NBaIoT_MixedDevice_9Sources_Balanced,IID,Extreme,48,FedAvg,0.0044444444444444444,0.9961111099108364,0.003524492234169652,0.005555555555555556,0.0044444444444444444,0.9961111099108364,,,,,,
NBaIoT_MixedDevice_9Sources_Balanced,IID,Extreme,48,Krum,0.0005333333333333333,0.9967110893139616,0.000967741935483871,0.0022222222222222222,0.0,0.9966666296292181,,,,,,
NBaIoT_MixedDevice_9Sources_Balanced,IID,Extreme,49,Adaptive_FixedCircuitBreaker,0.0,0.998333328703691,0.0,0.0,0.0,0.9983333287036908,0.978494623655914,2.0,0.1918412348401323,0.3433962264150943,0.0,0.0
NBaIoT_MixedDevice_9Sources_Balanced,IID,Extreme,49,Adaptive_NoAdaptiveWeighting,0.0,0.998333328703691,0.0,0.0,0.0,0.9983333287036908,,,,,,
NBaIoT_MixedDevice_9Sources_Balanced,IID,Extreme,49,Adaptive_NoCircuitBreaker,0.0,0.998333328703691,0.0,0.0,0.0,0.9983333287036908,,,,,,
NBaIoT_MixedDevice_9Sources_Balanced,IID,Extreme,49,Adaptive_NoTemporalMemory,0.0,0.998333328703691,0.0,0.0,0.0,0.9983333287036908,,,,,,
NBaIoT_MixedDevice_9Sources_Balanced,IID,Extreme,49,Adaptive_Ultimate,0.0,0.998333328703691,0.0,0.0,0.0,0.9983333287036908,0.978494623655914,2.0,0.1918412348401323,0.3433962264150943,0.0,0.0
NBaIoT_MixedDevice_9Sources_Balanced,IID,Extreme,49,FLAME,0.0,0.9981555488957214,0.0,0.0,0.0,0.9983333287036908,,,,,,
NBaIoT_MixedDevice_9Sources_Balanced,IID,Extreme,49,FLTrust,0.0,0.998333328703691,0.0,0.0,0.0,0.9983333287036908,,,,,,
NBaIoT_MixedDevice_9Sources_Balanced,IID,Extreme,49,FedAvg,0.0036000000000000003,0.9969999992386822,0.0013978494623655914,0.006666666666666667,0.006666666666666667,0.9966666666666667,,,,,,
NBaIoT_MixedDevice_9Sources_Balanced,IID,Extreme,49,Krum,0.0011111111111111111,0.9977777750342902,0.0010394265232974908,0.0011111111111111111,0.0011111111111111111,0.9977777750342902,,,,,,
NBaIoT_MixedDevice_9Sources_Balanced,IID,Extreme,50,Adaptive_FixedCircuitBreaker,0.0011111111111111111,0.996688872777699,0.0006929510155316607,0.0011111111111111111,0.0011111111111111111,0.9972222145061513,0.989247311827957,1.0,0.1444321940463065,0.4125560538116592,0.0,0.0
NBaIoT_MixedDevice_9Sources_Balanced,IID,Extreme,50,Adaptive_NoAdaptiveWeighting,0.0011111111111111111,0.99666665020568,0.00037037037037037035,0.0011111111111111111,0.0011111111111111111,0.99666665020568,,,,,,
NBaIoT_MixedDevice_9Sources_Balanced,IID,Extreme,50,Adaptive_NoCircuitBreaker,0.0011111111111111111,0.996688872777699,0.0006929510155316607,0.0011111111111111111,0.0011111111111111111,0.9972222145061513,,,,,,
NBaIoT_MixedDevice_9Sources_Balanced,IID,Extreme,50,Adaptive_NoTemporalMemory,0.0011111111111111111,0.996688872777699,0.0007048984468339307,0.0011111111111111111,0.0011111111111111111,0.9972222145061513,,,,,,
NBaIoT_MixedDevice_9Sources_Balanced,IID,Extreme,50,Adaptive_Ultimate,0.0011111111111111111,0.996688872777699,0.0006929510155316607,0.0011111111111111111,0.0011111111111111111,0.9972222145061513,0.989247311827957,1.0,0.1444321940463065,0.4125560538116592,0.0,0.0
NBaIoT_MixedDevice_9Sources_Balanced,IID,Extreme,50,FLAME,0.0011111111111111111,0.9965110893208354,0.0007048984468339307,0.0011111111111111111,0.0011111111111111111,0.9961110811040208,,,,,,
NBaIoT_MixedDevice_9Sources_Balanced,IID,Extreme,50,FLTrust,0.0011111111111111111,0.996688872777699,0.0006810035842293908,0.0011111111111111111,0.0011111111111111111,0.9972222145061513,,,,,,
NBaIoT_MixedDevice_9Sources_Balanced,IID,Extreme,50,FedAvg,0.007333333333333333,0.99355555467764,0.0033333333333333327,0.0077777777777777776,0.0077777777777777776,0.9938888870027429,,,,,,
NBaIoT_MixedDevice_9Sources_Balanced,IID,Extreme,50,Krum,0.0010222222222222221,0.9968444285870203,0.0009557945041816007,0.0011111111111111111,0.0,0.9972222007885864,,,,,,
NBaIoT_MixedDevice_9Sources_Balanced,IID,Extreme,51,Adaptive_FixedCircuitBreaker,0.0011111111111111111,0.9983333328189299,0.001111111111111111,0.0011111111111111111,0.0011111111111111111,0.9983333328189299,0.978494623655914,2.0,0.13340683572216097,0.42924528301886794,0.0,0.0
NBaIoT_MixedDevice_9Sources_Balanced,IID,Extreme,51,Adaptive_NoAdaptiveWeighting,0.0011111111111111111,0.9983333328189299,0.001111111111111111,0.0011111111111111111,0.0011111111111111111,0.9983333328189299,,,,,,
NBaIoT_MixedDevice_9Sources_Balanced,IID,Extreme,51,Adaptive_NoCircuitBreaker,0.0011111111111111111,0.9983333328189299,0.001111111111111111,0.0011111111111111111,0.0011111111111111111,0.9983333328189299,,,,,,
NBaIoT_MixedDevice_9Sources_Balanced,IID,Extreme,51,Adaptive_NoTemporalMemory,0.0011111111111111111,0.9983333328189299,0.001111111111111111,0.0011111111111111111,0.0011111111111111111,0.9983333328189299,,,,,,
NBaIoT_MixedDevice_9Sources_Balanced,IID,Extreme,51,Adaptive_Ultimate,0.0011111111111111111,0.9983333328189299,0.001111111111111111,0.0011111111111111111,0.0011111111111111111,0.9983333328189299,0.978494623655914,2.0,0.13340683572216097,0.42924528301886794,0.0,0.0
NBaIoT_MixedDevice_9Sources_Balanced,IID,Extreme,51,FLAME,0.0011111111111111111,0.9965555346569207,0.001111111111111111,0.0011111111111111111,0.0011111111111111111,0.9972222145061513,,,,,,
NBaIoT_MixedDevice_9Sources_Balanced,IID,Extreme,51,FLTrust,0.0011111111111111111,0.9983333328189299,0.001111111111111111,0.0011111111111111111,0.0011111111111111111,0.9983333328189299,,,,,,
NBaIoT_MixedDevice_9Sources_Balanced,IID,Extreme,51,FedAvg,0.0027555555555555554,0.9973111103909463,0.0016606929510155316,0.0044444444444444444,0.0044444444444444444,0.9972222213648831,,,,,,
NBaIoT_MixedDevice_9Sources_Balanced,IID,Extreme,51,Krum,0.0,0.9962888383051811,0.0007885304659498208,0.0011111111111111111,0.0,0.9972222007885864,,,,,,
NBaIoT_MixedDevice_9Sources_Balanced,IID,Extreme,52,Adaptive_FixedCircuitBreaker,0.0011111111111111111,0.998888888888889,0.0012186379928315408,0.0022222222222222222,0.0011111111111111111,0.9988888888888889,0.9032258064516129,9.0,0.340683572216097,0.21374045801526717,1.0,67.0
NBaIoT_MixedDevice_9Sources_Balanced,IID,Extreme,52,Adaptive_NoAdaptiveWeighting,0.0,0.9994444442729766,0.0003225806451612903,0.0022222222222222222,0.0,0.9994444442729766,,,,,,
NBaIoT_MixedDevice_9Sources_Balanced,IID,Extreme,52,Adaptive_NoCircuitBreaker,0.0,0.9993555551920437,0.0006929510155316607,0.0022222222222222222,0.0,0.9988888875171451,,,,,,
NBaIoT_MixedDevice_9Sources_Balanced,IID,Extreme,52,Adaptive_NoTemporalMemory,0.0008888888888888888,0.998888888888889,0.001158900836320191,0.0022222222222222222,0.0,0.9988888888888889,,,,,,
NBaIoT_MixedDevice_9Sources_Balanced,IID,Extreme,52,Adaptive_Ultimate,0.0004444444444444444,0.998888888888889,0.0010394265232974913,0.0022222222222222222,0.0,0.9988888888888889,0.9032258064516129,9.0,0.340683572216097,0.21374045801526717,0.0,0.0
NBaIoT_MixedDevice_9Sources_Balanced,IID,Extreme,52,FLAME,0.0011111111111111111,0.998888888888889,0.001278375149342891,0.0022222222222222222,0.0011111111111111111,0.9988888888888889,,,,,,
NBaIoT_MixedDevice_9Sources_Balanced,IID,Extreme,52,FLTrust,0.0,0.9994222220027433,0.0006093189964157706,0.0022222222222222222,0.0,0.9988888875171451,,,,,,
NBaIoT_MixedDevice_9Sources_Balanced,IID,Extreme,52,FedAvg,0.004533333333333333,0.9977111074416937,0.0023894862604540022,0.0077777777777777776,0.0077777777777777776,0.9972222145061513,,,,,,
NBaIoT_MixedDevice_9Sources_Balanced,IID,Extreme,52,Krum,0.0,0.9990222211385448,0.0002150537634408602,0.0022222222222222222,0.0,0.9994444442729766,,,,,,
NBaIoT_MixedDevice_9Sources_Balanced,NonIID_Dirichlet,Base,43,Adaptive_FixedCircuitBreaker,0.003333333333333333,0.9946888674141734,0.003464755077658305,0.005555555555555556,0.0033333333333333335,0.9944444170094667,0.0,,0.26460859977949286,0.0,0.0,0.0
NBaIoT_MixedDevice_9Sources_Balanced,NonIID_Dirichlet,Base,43,Adaptive_NoAdaptiveWeighting,0.003333333333333333,0.9949999861110724,0.0035364396654719247,0.005555555555555556,0.0033333333333333335,0.9949999861110725,,,,,,
NBaIoT_MixedDevice_9Sources_Balanced,NonIID_Dirichlet,Base,43,Adaptive_NoCircuitBreaker,0.003333333333333333,0.9946888674141734,0.003464755077658305,0.005555555555555556,0.0033333333333333335,0.9944444170094667,,,,,,
NBaIoT_MixedDevice_9Sources_Balanced,NonIID_Dirichlet,Base,43,Adaptive_NoTemporalMemory,0.003333333333333333,0.9947555357063661,0.003464755077658305,0.005555555555555556,0.0033333333333333335,0.9944444170094667,,,,,,
NBaIoT_MixedDevice_9Sources_Balanced,NonIID_Dirichlet,Base,43,Adaptive_Ultimate,0.003333333333333333,0.9946888674141734,0.003464755077658305,0.005555555555555556,0.0033333333333333335,0.9944444170094667,0.0,,0.26460859977949286,0.0,0.0,0.0
NBaIoT_MixedDevice_9Sources_Balanced,NonIID_Dirichlet,Base,43,FLAME,0.003333333333333333,0.9951333214608744,0.0031899641577060947,0.0033333333333333335,0.0033333333333333335,0.9955555500685803,,,,,,
NBaIoT_MixedDevice_9Sources_Balanced,NonIID_Dirichlet,Base,43,FLTrust,0.003333333333333333,0.9949999861110724,0.003464755077658305,0.005555555555555556,0.0033333333333333335,0.9949999861110725,,,,,,
NBaIoT_MixedDevice_9Sources_Balanced,NonIID_Dirichlet,Base,43,FedAvg,0.0015555555555555557,0.9966888779354871,0.0025209080047789733,0.0044444444444444444,0.0011111111111111111,0.9977777750342902,,,,,,
NBaIoT_MixedDevice_9Sources_Balanced,NonIID_Dirichlet,Base,43,Krum,0.0022222222222222222,0.9575303891139483,0.002389486260454002,0.0033333333333333335,0.0022222222222222222,0.9532409698169223,,,,,,
NBaIoT_MixedDevice_9Sources_Balanced,NonIID_Dirichlet,Base,44,Adaptive_FixedCircuitBreaker,0.0022222222222222222,0.9961111003086119,0.0021624850657108717,0.0022222222222222222,0.0022222222222222222,0.996111100308612,0.0,,0.30760749724366043,0.0,0.0,0.0
NBaIoT_MixedDevice_9Sources_Balanced,NonIID_Dirichlet,Base,44,Adaptive_NoAdaptiveWeighting,0.0022222222222222222,0.9966666625514351,0.0020908004778972516,0.0022222222222222222,0.0022222222222222222,0.9966666625514352,,,,,,
NBaIoT_MixedDevice_9Sources_Balanced,NonIID_Dirichlet,Base,44,Adaptive_NoCircuitBreaker,0.0022222222222222222,0.9961111003086119,0.0021624850657108717,0.0022222222222222222,0.0022222222222222222,0.996111100308612,,,,,,
NBaIoT_MixedDevice_9Sources_Balanced,NonIID_Dirichlet,Base,44,Adaptive_NoTemporalMemory,0.0022222222222222222,0.9961111003086119,0.0021624850657108717,0.0022222222222222222,0.0022222222222222222,0.996111100308612,,,,,,
NBaIoT_MixedDevice_9Sources_Balanced,NonIID_Dirichlet,Base,44,Adaptive_Ultimate,0.0022222222222222222,0.9961111003086119,0.0021624850657108717,0.0022222222222222222,0.0022222222222222222,0.996111100308612,0.0,,0.30760749724366043,0.0,0.0,0.0
NBaIoT_MixedDevice_9Sources_Balanced,NonIID_Dirichlet,Base,44,FLAME,0.0022222222222222222,0.9966666625514351,0.0020191158900836315,0.0022222222222222222,0.0022222222222222222,0.9966666625514352,,,,,,
NBaIoT_MixedDevice_9Sources_Balanced,NonIID_Dirichlet,Base,44,FLTrust,0.0022222222222222222,0.9961111003086119,0.0021624850657108717,0.0022222222222222222,0.0022222222222222222,0.996111100308612,,,,,,
NBaIoT_MixedDevice_9Sources_Balanced,NonIID_Dirichlet,Base,44,FedAvg,0.0022222222222222222,0.9972222213648831,0.002222222222222222,0.0022222222222222222,0.0022222222222222222,0.9972222213648831,,,,,,
NBaIoT_MixedDevice_9Sources_Balanced,NonIID_Dirichlet,Base,44,Krum,0.0021777777777777776,0.9893991733011182,0.0018518518518518513,0.0022222222222222222,0.0022222222222222222,0.9888877776666556,,,,,,
NBaIoT_MixedDevice_9Sources_Balanced,NonIID_Dirichlet,Base,45,Adaptive_FixedCircuitBreaker,0.003333333333333333,0.9977333332647461,0.0025925925925925925,0.0033333333333333335,0.0033333333333333335,0.9977777777777778,0.053763440860215055,0.0,0.1631753031973539,0.032679738562091505,0.0,0.0
NBaIoT_MixedDevice_9Sources_Balanced,NonIID_Dirichlet,Base,45,Adaptive_NoAdaptiveWeighting,0.0030666666666666663,0.9976888887517146,0.002305854241338112,0.0033333333333333335,0.0033333333333333335,0.9977777777777778,,,,,,
NBaIoT_MixedDevice_9Sources_Balanced,NonIID_Dirichlet,Base,45,Adaptive_NoCircuitBreaker,0.003333333333333333,0.9977333332647461,0.0025925925925925925,0.0033333333333333335,0.0033333333333333335,0.9977777777777778,,,,,,
NBaIoT_MixedDevice_9Sources_Balanced,NonIID_Dirichlet,Base,45,Adaptive_NoTemporalMemory,0.003333333333333333,0.9977777777777778,0.0025567502986857823,0.0033333333333333335,0.0033333333333333335,0.9977777777777778,,,,,,
NBaIoT_MixedDevice_9Sources_Balanced,NonIID_Dirichlet,Base,45,Adaptive_Ultimate,0.003333333333333333,0.9977333332647461,0.0025925925925925925,0.0033333333333333335,0.0033333333333333335,0.9977777777777778,0.053763440860215055,0.0,0.1631753031973539,0.032679738562091505,0.0,0.0
NBaIoT_MixedDevice_9Sources_Balanced,NonIID_Dirichlet,Base,45,FLAME,0.0022222222222222222,0.9977777777777778,0.0018399044205495811,0.0022222222222222222,0.0022222222222222222,0.9977777777777778,,,,,,
NBaIoT_MixedDevice_9Sources_Balanced,NonIID_Dirichlet,Base,45,FLTrust,0.003333333333333333,0.9977777777777778,0.002592592592592592,0.0033333333333333335,0.0033333333333333335,0.9977777777777778,,,,,,
NBaIoT_MixedDevice_9Sources_Balanced,NonIID_Dirichlet,Base,45,FedAvg,0.0022222222222222222,0.9977777777777778,0.0019354838709677413,0.0022222222222222222,0.0022222222222222222,0.9977777777777778,,,,,,
NBaIoT_MixedDevice_9Sources_Balanced,NonIID_Dirichlet,Base,45,Krum,0.01751111111111111,0.989421906174765,0.007753882915173237,0.022222222222222223,0.021111111111111112,0.9872219027697915,,,,,,
NBaIoT_MixedDevice_9Sources_Balanced,NonIID_Dirichlet,Base,46,Adaptive_FixedCircuitBreaker,0.003333333333333333,0.9966666666666667,0.003034647550776584,0.0033333333333333335,0.0033333333333333335,0.9966666666666667,0.0,,0.3980154355016538,0.0,3.0,30.0
NBaIoT_MixedDevice_9Sources_Balanced,NonIID_Dirichlet,Base,46,Adaptive_NoAdaptiveWeighting,0.003333333333333333,0.9966666666666667,0.003010752688172044,0.0033333333333333335,0.0033333333333333335,0.9966666666666667,,,,,,
NBaIoT_MixedDevice_9Sources_Balanced,NonIID_Dirichlet,Base,46,Adaptive_NoCircuitBreaker,0.003288888888888889,0.9966888888545954,0.003022700119474314,0.0033333333333333335,0.0022222222222222222,0.9972222213648831,,,,,,
NBaIoT_MixedDevice_9Sources_Balanced,NonIID_Dirichlet,Base,46,Adaptive_NoTemporalMemory,0.003333333333333333,0.9966666666666667,0.003046594982078854,0.0033333333333333335,0.0033333333333333335,0.9966666666666667,,,,,,
NBaIoT_MixedDevice_9Sources_Balanced,NonIID_Dirichlet,Base,46,Adaptive_Ultimate,0.003333333333333333,0.9966666666666667,0.003034647550776584,0.0033333333333333335,0.0033333333333333335,0.9966666666666667,0.0,,0.40352811466372657,0.0,0.0,0.0
NBaIoT_MixedDevice_9Sources_Balanced,NonIID_Dirichlet,Base,46,FLAME,0.0022222222222222222,0.9972222213648831,0.001959378733572281,0.0022222222222222222,0.0022222222222222222,0.9972222213648831,,,,,,
NBaIoT_MixedDevice_9Sources_Balanced,NonIID_Dirichlet,Base,46,FLTrust,0.003333333333333333,0.9966666666666667,0.003046594982078854,0.0033333333333333335,0.0033333333333333335,0.9966666666666667,,,,,,
NBaIoT_MixedDevice_9Sources_Balanced,NonIID_Dirichlet,Base,46,FedAvg,0.0011111111111111111,0.9985111106790121,0.0017682198327359623,0.0022222222222222222,0.0011111111111111111,0.9994444442729766,,,,,,
NBaIoT_MixedDevice_9Sources_Balanced,NonIID_Dirichlet,Base,46,Krum,0.0011111111111111111,0.515084233644182,0.001111111111111111,0.0011111111111111111,0.0011111111111111111,0.49731374937499784,,,,,,
NBaIoT_MixedDevice_9Sources_Balanced,NonIID_Dirichlet,Base,47,Adaptive_FixedCircuitBreaker,0.0011111111111111111,0.9990666664471878,0.001111111111111111,0.0011111111111111111,0.0011111111111111111,0.9983333328189299,0.0,,0.09812568908489526,0.0,0.0,0.0
NBaIoT_MixedDevice_9Sources_Balanced,NonIID_Dirichlet,Base,47,Adaptive_NoAdaptiveWeighting,0.0011111111111111111,0.9994444442729766,0.001111111111111111,0.0011111111111111111,0.0011111111111111111,0.9994444442729766,,,,,,
NBaIoT_MixedDevice_9Sources_Balanced,NonIID_Dirichlet,Base,47,Adaptive_NoCircuitBreaker,0.0011111111111111111,0.9990666664471878,0.001111111111111111,0.0011111111111111111,0.0011111111111111111,0.9983333328189299,,,,,,
NBaIoT_MixedDevice_9Sources_Balanced,NonIID_Dirichlet,Base,47,Adaptive_NoTemporalMemory,0.0011111111111111111,0.9990666664471878,0.001111111111111111,0.0011111111111111111,0.0011111111111111111,0.9983333328189299,,,,,,
NBaIoT_MixedDevice_9Sources_Balanced,NonIID_Dirichlet,Base,47,Adaptive_Ultimate,0.0011111111111111111,0.9990666664471878,0.001111111111111111,0.0011111111111111111,0.0011111111111111111,0.9983333328189299,0.0,,0.09812568908489526,0.0,0.0,0.0
NBaIoT_MixedDevice_9Sources_Balanced,NonIID_Dirichlet,Base,47,FLAME,0.0011111111111111111,0.999288888765432,0.001111111111111111,0.0011111111111111111,0.0011111111111111111,0.9988888888888889,,,,,,
NBaIoT_MixedDevice_9Sources_Balanced,NonIID_Dirichlet,Base,47,FLTrust,0.0011111111111111111,0.9990666664471878,0.001111111111111111,0.0011111111111111111,0.0011111111111111111,0.9983333328189299,,,,,,
NBaIoT_MixedDevice_9Sources_Balanced,NonIID_Dirichlet,Base,47,FedAvg,0.0011111111111111111,0.99902222218107,0.001111111111111111,0.0011111111111111111,0.0011111111111111111,0.9988888888888889,,,,,,
NBaIoT_MixedDevice_9Sources_Balanced,NonIID_Dirichlet,Base,47,Krum,0.0036,0.9949999878120336,0.005161290322580647,0.006666666666666667,0.0033333333333333335,0.9944444170094667,,,,,,
NBaIoT_MixedDevice_9Sources_Balanced,NonIID_Dirichlet,Base,48,Adaptive_FixedCircuitBreaker,0.003333333333333333,0.9963333325308639,0.0033333333333333344,0.0033333333333333335,0.0033333333333333335,0.9972222213648831,0.989247311827957,1.0,0.15545755237045203,0.3948497854077253,0.0,0.0
NBaIoT_MixedDevice_9Sources_Balanced,NonIID_Dirichlet,Base,48,Adaptive_NoAdaptiveWeighting,0.0024000000000000002,0.99688888414265,0.003082437275985663,0.0033333333333333335,0.0011111111111111111,0.9977777750342902,,,,,,
NBaIoT_MixedDevice_9Sources_Balanced,NonIID_Dirichlet,Base,48,Adaptive_NoCircuitBreaker,0.003333333333333333,0.9963333325308639,0.0033333333333333344,0.0033333333333333335,0.0033333333333333335,0.9972222213648831,,,,,,
NBaIoT_MixedDevice_9Sources_Balanced,NonIID_Dirichlet,Base,48,Adaptive_NoTemporalMemory,0.003333333333333333,0.996288888072702,0.0033333333333333344,0.0033333333333333335,0.0033333333333333335,0.9966666666666667,,,,,,
NBaIoT_MixedDevice_9Sources_Balanced,NonIID_Dirichlet,Base,48,Adaptive_Ultimate,0.003333333333333333,0.9963333325308639,0.0033333333333333344,0.0033333333333333335,0.0033333333333333335,0.9972222213648831,0.989247311827957,1.0,0.15545755237045203,0.3948497854077253,0.0,0.0
NBaIoT_MixedDevice_9Sources_Balanced,NonIID_Dirichlet,Base,48,FLAME,0.0011111111111111111,0.9973333266117791,0.002413381123058543,0.011111111111111112,0.0011111111111111111,0.9972222145061513,,,,,,
NBaIoT_MixedDevice_9Sources_Balanced,NonIID_Dirichlet,Base,48,FLTrust,0.003333333333333333,0.996288888072702,0.0033333333333333344,0.0033333333333333335,0.0033333333333333335,0.9966666666666667,,,,,,
NBaIoT_MixedDevice_9Sources_Balanced,NonIID_Dirichlet,Base,48,FedAvg,0.0011111111111111111,0.9980888862551401,0.0013978494623655918,0.0033333333333333335,0.0011111111111111111,0.9988888875171451,,,,,,
NBaIoT_MixedDevice_9Sources_Balanced,NonIID_Dirichlet,Base,48,Krum,0.023066666666666666,0.9853546189175408,0.021326164874551978,0.024444444444444446,0.024444444444444446,0.9844432152663913,,,,,,
NBaIoT_MixedDevice_9Sources_Balanced,NonIID_Dirichlet,Base,49,Adaptive_FixedCircuitBreaker,0.0,0.998333328703691,0.0,0.0,0.0,0.9983333287036908,1.0,0.0,0.2932745314222712,0.2590529247910863,0.0,0.0
NBaIoT_MixedDevice_9Sources_Balanced,NonIID_Dirichlet,Base,49,Adaptive_NoAdaptiveWeighting,0.0,0.998333328703691,0.0,0.0,0.0,0.9983333287036908,,,,,,
NBaIoT_MixedDevice_9Sources_Balanced,NonIID_Dirichlet,Base,49,Adaptive_NoCircuitBreaker,0.0,0.998333328703691,0.0,0.0,0.0,0.9983333287036908,,,,,,
NBaIoT_MixedDevice_9Sources_Balanced,NonIID_Dirichlet,Base,49,Adaptive_NoTemporalMemory,0.0,0.998333328703691,0.0,0.0,0.0,0.9983333287036908,,,,,,
NBaIoT_MixedDevice_9Sources_Balanced,NonIID_Dirichlet,Base,49,Adaptive_Ultimate,0.0,0.998333328703691,0.0,0.0,0.0,0.9983333287036908,1.0,0.0,0.2932745314222712,0.2590529247910863,0.0,0.0
NBaIoT_MixedDevice_9Sources_Balanced,NonIID_Dirichlet,Base,49,FLAME,0.0,0.9977777668037866,0.0,0.0,0.0,0.9977777668037867,,,,,,
NBaIoT_MixedDevice_9Sources_Balanced,NonIID_Dirichlet,Base,49,FLTrust,0.0,0.998333328703691,0.0,0.0,0.0,0.9983333287036908,,,,,,
NBaIoT_MixedDevice_9Sources_Balanced,NonIID_Dirichlet,Base,49,FedAvg,0.003333333333333333,0.9976888887517146,0.0016726403823178013,0.0033333333333333335,0.0033333333333333335,0.9972222213648831,,,,,,
NBaIoT_MixedDevice_9Sources_Balanced,NonIID_Dirichlet,Base,49,Krum,0.0,0.9918883534281489,0.0008602150537634408,0.014444444444444444,0.0,0.9916660879227724,,,,,,
NBaIoT_MixedDevice_9Sources_Balanced,NonIID_Dirichlet,Base,50,Adaptive_FixedCircuitBreaker,0.0011111111111111111,0.995333272632925,0.0009438470728793307,0.0011111111111111111,0.0011111111111111111,0.9949999243815725,0.978494623655914,2.0,0.28776185226019846,0.2585227272727273,0.0,0.0
NBaIoT_MixedDevice_9Sources_Balanced,NonIID_Dirichlet,Base,50,Adaptive_NoAdaptiveWeighting,0.0011111111111111111,0.99666665020568,0.0008721624850657105,0.0011111111111111111,0.0011111111111111111,0.99666665020568,,,,,,
NBaIoT_MixedDevice_9Sources_Balanced,NonIID_Dirichlet,Base,50,Adaptive_NoCircuitBreaker,0.0011111111111111111,0.995333272632925,0.0009438470728793307,0.0011111111111111111,0.0011111111111111111,0.9949999243815725,,,,,,
NBaIoT_MixedDevice_9Sources_Balanced,NonIID_Dirichlet,Base,50,Adaptive_NoTemporalMemory,0.0011111111111111111,0.9954221651707209,0.0009318996415770605,0.0011111111111111111,0.0011111111111111111,0.9949999243815725,,,,,,
NBaIoT_MixedDevice_9Sources_Balanced,NonIID_Dirichlet,Base,50,Adaptive_Ultimate,0.0011111111111111111,0.995333272632925,0.0009438470728793307,0.0011111111111111111,0.0011111111111111111,0.9949999243815725,0.978494623655914,2.0,0.28776185226019846,0.2585227272727273,0.0,0.0
NBaIoT_MixedDevice_9Sources_Balanced,NonIID_Dirichlet,Base,50,FLAME,0.004,0.9941777584635746,0.0031063321385902017,0.005555555555555556,0.0044444444444444444,0.993888871913533,,,,,,
NBaIoT_MixedDevice_9Sources_Balanced,NonIID_Dirichlet,Base,50,FLTrust,0.0011111111111111111,0.9957777361449827,0.0009438470728793307,0.0011111111111111111,0.0011111111111111111,0.9955555061722908,,,,,,
NBaIoT_MixedDevice_9Sources_Balanced,NonIID_Dirichlet,Base,50,FedAvg,0.0011111111111111111,0.997111101646057,0.0009318996415770605,0.0011111111111111111,0.0011111111111111111,0.99666665020568,,,,,,
NBaIoT_MixedDevice_9Sources_Balanced,NonIID_Dirichlet,Base,50,Krum,0.03155555555555556,0.9788862578008477,0.02295101553166069,0.38222222222222224,0.03222222222222222,0.9783303838578029,,,,,,
NBaIoT_MixedDevice_9Sources_Balanced,NonIID_Dirichlet,Base,51,Adaptive_FixedCircuitBreaker,0.0011111111111111111,0.9977777750342902,0.001111111111111111,0.0011111111111111111,0.0011111111111111111,0.9977777750342902,0.946236559139785,5.0,0.21499448732083792,0.31095406360424027,0.0,0.0
NBaIoT_MixedDevice_9Sources_Balanced,NonIID_Dirichlet,Base,51,Adaptive_NoAdaptiveWeighting,0.0011111111111111111,0.9977777750342902,0.001111111111111111,0.0011111111111111111,0.0011111111111111111,0.9977777750342902,,,,,,
NBaIoT_MixedDevice_9Sources_Balanced,NonIID_Dirichlet,Base,51,Adaptive_NoCircuitBreaker,0.0011111111111111111,0.9977777750342902,0.001111111111111111,0.0011111111111111111,0.0011111111111111111,0.9977777750342902,,,,,,
NBaIoT_MixedDevice_9Sources_Balanced,NonIID_Dirichlet,Base,51,Adaptive_NoTemporalMemory,0.0011111111111111111,0.9977777750342902,0.001111111111111111,0.0011111111111111111,0.0011111111111111111,0.9977777750342902,,,,,,
NBaIoT_MixedDevice_9Sources_Balanced,NonIID_Dirichlet,Base,51,Adaptive_Ultimate,0.0011111111111111111,0.9977777750342902,0.001111111111111111,0.0011111111111111111,0.0011111111111111111,0.9977777750342902,0.946236559139785,5.0,0.21499448732083792,0.31095406360424027,0.0,0.0
NBaIoT_MixedDevice_9Sources_Balanced,NonIID_Dirichlet,Base,51,FLAME,0.0011111111111111111,0.9977777750342902,0.001111111111111111,0.0011111111111111111,0.0011111111111111111,0.9977777750342902,,,,,,
NBaIoT_MixedDevice_9Sources_Balanced,NonIID_Dirichlet,Base,51,FLTrust,0.0011111111111111111,0.9977777750342902,0.001111111111111111,0.0011111111111111111,0.0011111111111111111,0.9977777750342902,,,,,,
NBaIoT_MixedDevice_9Sources_Balanced,NonIID_Dirichlet,Base,51,FedAvg,0.0011111111111111111,0.9977777750342902,0.001111111111111111,0.0011111111111111111,0.0011111111111111111,0.9977777750342902,,,,,,
NBaIoT_MixedDevice_9Sources_Balanced,NonIID_Dirichlet,Base,51,Krum,0.0021333333333333334,0.9934220924663691,0.006105137395459973,0.014444444444444444,0.0011111111111111111,0.9938887361072916,,,,,,
NBaIoT_MixedDevice_9Sources_Balanced,NonIID_Dirichlet,Base,52,Adaptive_FixedCircuitBreaker,0.0022222222222222222,0.9972222213648831,0.002556750298685782,0.0033333333333333335,0.0022222222222222222,0.9972222213648831,0.978494623655914,2.0,0.06063947078280044,0.6232876712328768,0.0,0.0
NBaIoT_MixedDevice_9Sources_Balanced,NonIID_Dirichlet,Base,52,Adaptive_NoAdaptiveWeighting,0.0022222222222222222,0.9977777777777778,0.0020788530465949816,0.0022222222222222222,0.0022222222222222222,0.9977777777777778,,,,,,
NBaIoT_MixedDevice_9Sources_Balanced,NonIID_Dirichlet,Base,52,Adaptive_NoCircuitBreaker,0.0022222222222222222,0.9972222213648831,0.002556750298685782,0.0033333333333333335,0.0022222222222222222,0.9972222213648831,,,,,,
NBaIoT_MixedDevice_9Sources_Balanced,NonIID_Dirichlet,Base,52,Adaptive_NoTemporalMemory,0.0022222222222222222,0.9972222213648831,0.002544802867383512,0.0033333333333333335,0.0022222222222222222,0.9972222213648831,,,,,,
NBaIoT_MixedDevice_9Sources_Balanced,NonIID_Dirichlet,Base,52,Adaptive_Ultimate,0.0022222222222222222,0.9972222213648831,0.002556750298685782,0.0033333333333333335,0.0022222222222222222,0.9972222213648831,0.978494623655914,2.0,0.06063947078280044,0.6232876712328768,0.0,0.0
NBaIoT_MixedDevice_9Sources_Balanced,NonIID_Dirichlet,Base,52,FLAME,0.004977777777777777,0.9963777656446724,0.004169653524492233,0.005555555555555556,0.005555555555555556,0.9955555336075734,,,,,,
NBaIoT_MixedDevice_9Sources_Balanced,NonIID_Dirichlet,Base,52,FLTrust,0.0022222222222222222,0.9972888878052119,0.002544802867383512,0.0033333333333333335,0.0022222222222222222,0.9972222213648831,,,,,,
NBaIoT_MixedDevice_9Sources_Balanced,NonIID_Dirichlet,Base,52,FedAvg,0.0,0.9994444442729766,0.0,0.0,0.0,0.9994444442729766,,,,,,
NBaIoT_MixedDevice_9Sources_Balanced,NonIID_Dirichlet,Base,52,Krum,0.004666666666666667,0.9932666338064159,0.004193548387096773,0.005555555555555556,0.0044444444444444444,0.99333330041136,,,,,,
NBaIoT_MixedDevice_9Sources_Balanced,NonIID_Dirichlet,Extreme,43,Adaptive_FixedCircuitBreaker,0.003333333333333333,0.9944444170094668,0.003464755077658305,0.005555555555555556,0.0033333333333333335,0.9944444170094667,0.8924731182795699,10.0,0.28004410143329656,0.24629080118694363,0.0,0.0
NBaIoT_MixedDevice_9Sources_Balanced,NonIID_Dirichlet,Extreme,43,Adaptive_NoAdaptiveWeighting,0.0031111111111111114,0.9939999499309846,0.003464755077658304,0.005555555555555556,0.0022222222222222222,0.9944443827153635,,,,,,
NBaIoT_MixedDevice_9Sources_Balanced,NonIID_Dirichlet,Extreme,43,Adaptive_NoCircuitBreaker,0.003333333333333333,0.9944444170094668,0.003464755077658305,0.005555555555555556,0.0033333333333333335,0.9944444170094667,,,,,,
NBaIoT_MixedDevice_9Sources_Balanced,NonIID_Dirichlet,Extreme,43,Adaptive_NoTemporalMemory,0.003333333333333333,0.9944444170094668,0.003464755077658305,0.005555555555555556,0.0033333333333333335,0.9944444170094667,,,,,,
NBaIoT_MixedDevice_9Sources_Balanced,NonIID_Dirichlet,Extreme,43,Adaptive_Ultimate,0.003333333333333333,0.9944444170094668,0.003464755077658305,0.005555555555555556,0.0033333333333333335,0.9944444170094667,0.8924731182795699,10.0,0.28004410143329656,0.24629080118694363,0.0,0.0
NBaIoT_MixedDevice_9Sources_Balanced,NonIID_Dirichlet,Extreme,43,FLAME,0.005066666666666666,0.9946888882098764,0.005137395459976104,0.006666666666666667,0.0044444444444444444,0.9949999984567897,,,,,,
NBaIoT_MixedDevice_9Sources_Balanced,NonIID_Dirichlet,Extreme,43,FLTrust,0.003333333333333333,0.9944444170094668,0.003464755077658305,0.005555555555555556,0.0033333333333333335,0.9944444170094667,,,,,,
NBaIoT_MixedDevice_9Sources_Balanced,NonIID_Dirichlet,Extreme,43,FedAvg,0.0016444444444444445,0.996733323779117,0.002544802867383513,0.0044444444444444444,0.0011111111111111111,0.9977777750342902,,,,,,
NBaIoT_MixedDevice_9Sources_Balanced,NonIID_Dirichlet,Extreme,43,Krum,0.003333333333333333,0.9933110329139627,0.0032855436081242542,0.0044444444444444444,0.0033333333333333335,0.9938888417348899,,,,,,
NBaIoT_MixedDevice_9Sources_Balanced,NonIID_Dirichlet,Extreme,44,Adaptive_FixedCircuitBreaker,0.0022222222222222222,0.9966666625514351,0.0021505376344086013,0.0022222222222222222,0.0022222222222222222,0.9966666625514352,0.8709677419354839,12.0,0.38257993384785005,0.18925233644859812,1.0,79.0
NBaIoT_MixedDevice_9Sources_Balanced,NonIID_Dirichlet,Extreme,44,Adaptive_NoAdaptiveWeighting,0.0022222222222222222,0.9972222213648831,0.0020908004778972516,0.0022222222222222222,0.0022222222222222222,0.9972222213648831,,,,,,
NBaIoT_MixedDevice_9Sources_Balanced,NonIID_Dirichlet,Extreme,44,Adaptive_NoCircuitBreaker,0.0022222222222222222,0.9955555336075733,0.002556750298685782,0.0033333333333333335,0.0022222222222222222,0.9955555336075734,,,,,,
NBaIoT_MixedDevice_9Sources_Balanced,NonIID_Dirichlet,Extreme,44,Adaptive_NoTemporalMemory,0.003288888888888889,0.9961777762277083,0.0029151732377538844,0.0033333333333333335,0.0022222222222222222,0.9966666625514352,,,,,,
NBaIoT_MixedDevice_9Sources_Balanced,NonIID_Dirichlet,Extreme,44,Adaptive_Ultimate,0.003333333333333333,0.9961111099108364,0.002962962962962964,0.0033333333333333335,0.0033333333333333335,0.9961111099108364,0.8709677419354839,12.0,0.40683572216097025,0.18,0.0,0.0
NBaIoT_MixedDevice_9Sources_Balanced,NonIID_Dirichlet,Extreme,44,FLAME,0.0022222222222222222,0.9966666625514351,0.0019832735961768213,0.0022222222222222222,0.0022222222222222222,0.9966666625514352,,,,,,
NBaIoT_MixedDevice_9Sources_Balanced,NonIID_Dirichlet,Extreme,44,FLTrust,0.0022222222222222222,0.9955555336075733,0.0023536439665471916,0.0033333333333333335,0.0022222222222222222,0.9955555336075734,,,,,,
NBaIoT_MixedDevice_9Sources_Balanced,NonIID_Dirichlet,Extreme,44,FedAvg,0.0022222222222222222,0.9977777777777778,0.002222222222222222,0.0022222222222222222,0.0022222222222222222,0.9977777777777778,,,,,,
NBaIoT_MixedDevice_9Sources_Balanced,NonIID_Dirichlet,Extreme,44,Krum,0.0022222222222222222,0.9892436100840726,0.0018996415770609312,0.0022222222222222222,0.0022222222222222222,0.9888877776666556,,,,,,
NBaIoT_MixedDevice_9Sources_Balanced,NonIID_Dirichlet,Extreme,45,Adaptive_FixedCircuitBreaker,0.003333333333333333,0.9972222213648831,0.002747909199522103,0.0033333333333333335,0.0033333333333333335,0.9972222213648831,1.0,0.0,0.17861080485115766,0.36470588235294116,0.0,0.0
NBaIoT_MixedDevice_9Sources_Balanced,NonIID_Dirichlet,Extreme,45,Adaptive_NoAdaptiveWeighting,0.003333333333333333,0.9972222213648831,0.002735961768219833,0.0033333333333333335,0.0033333333333333335,0.9972222213648831,,,,,,
NBaIoT_MixedDevice_9Sources_Balanced,NonIID_Dirichlet,Extreme,45,Adaptive_NoCircuitBreaker,0.003333333333333333,0.9972222213648831,0.002747909199522103,0.0033333333333333335,0.0033333333333333335,0.9972222213648831,,,,,,
NBaIoT_MixedDevice_9Sources_Balanced,NonIID_Dirichlet,Extreme,45,Adaptive_NoTemporalMemory,0.003333333333333333,0.9972222213648831,0.002724014336917563,0.0033333333333333335,0.0033333333333333335,0.9972222213648831,,,,,,
NBaIoT_MixedDevice_9Sources_Balanced,NonIID_Dirichlet,Extreme,45,Adaptive_Ultimate,0.003333333333333333,0.9972222213648831,0.002747909199522103,0.0033333333333333335,0.0033333333333333335,0.9972222213648831,1.0,0.0,0.17861080485115766,0.36470588235294116,0.0,0.0
NBaIoT_MixedDevice_9Sources_Balanced,NonIID_Dirichlet,Extreme,45,FLAME,0.0032444444444444443,0.9977555555212619,0.002210274790919952,0.0033333333333333335,0.0033333333333333335,0.9972222213648831,,,,,,
NBaIoT_MixedDevice_9Sources_Balanced,NonIID_Dirichlet,Extreme,45,FLTrust,0.003333333333333333,0.9972222213648831,0.002747909199522103,0.0033333333333333335,0.0033333333333333335,0.9972222213648831,,,,,,
NBaIoT_MixedDevice_9Sources_Balanced,NonIID_Dirichlet,Extreme,45,FedAvg,0.0022222222222222222,0.9977777777777778,0.001947431302270011,0.0022222222222222222,0.0022222222222222222,0.9977777777777778,,,,,,
NBaIoT_MixedDevice_9Sources_Balanced,NonIID_Dirichlet,Extreme,45,Krum,0.010133333333333334,0.9945554865490916,0.007682198327359619,0.012222222222222223,0.012222222222222223,0.9938887964663663,,,,,,
NBaIoT_MixedDevice_9Sources_Balanced,NonIID_Dirichlet,Extreme,46,Adaptive_FixedCircuitBreaker,0.0022222222222222222,0.9977777777777778,0.0020549581839904413,0.0022222222222222222,0.0022222222222222222,0.9977777777777778,0.6774193548387096,14.0,0.47519294377067256,0.12753036437246965,1.0,78.0
NBaIoT_MixedDevice_9Sources_Balanced,NonIID_Dirichlet,Extreme,46,Adaptive_NoAdaptiveWeighting,0.003333333333333333,0.9972222213648831,0.0025567502986857827,0.0033333333333333335,0.0033333333333333335,0.9972222213648831,,,,,,
NBaIoT_MixedDevice_9Sources_Balanced,NonIID_Dirichlet,Extreme,46,Adaptive_NoCircuitBreaker,0.001511111111111111,0.9977333317283933,0.0019115890083632023,0.0033333333333333335,0.0011111111111111111,0.9977777750342902,,,,,,
NBaIoT_MixedDevice_9Sources_Balanced,NonIID_Dirichlet,Extreme,46,Adaptive_NoTemporalMemory,0.0022222222222222222,0.9972222213648831,0.0027240143369175623,0.0033333333333333335,0.0022222222222222222,0.9972222213648831,,,,,,
NBaIoT_MixedDevice_9Sources_Balanced,NonIID_Dirichlet,Extreme,46,Adaptive_Ultimate,0.0022222222222222222,0.9972222213648831,0.002198327359617682,0.0033333333333333335,0.0022222222222222222,0.9972222213648831,0.6989247311827957,14.0,0.42998897464167585,0.14285714285714285,0.0,0.0
NBaIoT_MixedDevice_9Sources_Balanced,NonIID_Dirichlet,Extreme,46,FLAME,0.0022222222222222222,0.9972222213648831,0.001959378733572281,0.0022222222222222222,0.0022222222222222222,0.9972222213648831,,,,,,
NBaIoT_MixedDevice_9Sources_Balanced,NonIID_Dirichlet,Extreme,46,FLTrust,0.0012,0.9975111062551327,0.0022700119474313024,0.0033333333333333335,0.0011111111111111111,0.9972222145061513,,,,,,
NBaIoT_MixedDevice_9Sources_Balanced,NonIID_Dirichlet,Extreme,46,FedAvg,0.0011111111111111111,0.9985999996227709,0.0017682198327359623,0.0022222222222222222,0.0011111111111111111,0.9994444442729766,,,,,,
NBaIoT_MixedDevice_9Sources_Balanced,NonIID_Dirichlet,Extreme,46,Krum,0.0011111111111111111,0.515084233644182,0.001111111111111111,0.0011111111111111111,0.0011111111111111111,0.49731374937499784,,,,,,
NBaIoT_MixedDevice_9Sources_Balanced,NonIID_Dirichlet,Extreme,47,Adaptive_FixedCircuitBreaker,0.0011111111111111111,0.9987999999176955,0.001111111111111111,0.0011111111111111111,0.0011111111111111111,0.9983333328189299,0.956989247311828,4.0,0.09040793825799338,0.52046783625731,0.0,0.0
NBaIoT_MixedDevice_9Sources_Balanced,NonIID_Dirichlet,Extreme,47,Adaptive_NoAdaptiveWeighting,0.0011111111111111111,0.9992666665500686,0.001111111111111111,0.0011111111111111111,0.0011111111111111111,0.9988888888888889,,,,,,
NBaIoT_MixedDevice_9Sources_Balanced,NonIID_Dirichlet,Extreme,47,Adaptive_NoCircuitBreaker,0.0011111111111111111,0.9987999999176955,0.001111111111111111,0.0011111111111111111,0.0011111111111111111,0.9983333328189299,,,,,,
NBaIoT_MixedDevice_9Sources_Balanced,NonIID_Dirichlet,Extreme,47,Adaptive_NoTemporalMemory,0.0011111111111111111,0.9987111106721532,0.001111111111111111,0.0011111111111111111,0.0011111111111111111,0.9977777750342902,,,,,,
NBaIoT_MixedDevice_9Sources_Balanced,NonIID_Dirichlet,Extreme,47,Adaptive_Ultimate,0.0011111111111111111,0.9987999999176955,0.001111111111111111,0.0011111111111111111,0.0011111111111111111,0.9983333328189299,0.956989247311828,4.0,0.09040793825799338,0.52046783625731,0.0,0.0
NBaIoT_MixedDevice_9Sources_Balanced,NonIID_Dirichlet,Extreme,47,FLAME,0.0011111111111111111,0.9989555555349794,0.001111111111111111,0.0011111111111111111,0.0011111111111111111,0.9988888888888889,,,,,,
NBaIoT_MixedDevice_9Sources_Balanced,NonIID_Dirichlet,Extreme,47,FLTrust,0.0011111111111111111,0.9987777775377227,0.001111111111111111,0.0011111111111111111,0.0011111111111111111,0.9977777750342902,,,,,,
NBaIoT_MixedDevice_9Sources_Balanced,NonIID_Dirichlet,Extreme,47,FedAvg,0.0012,0.9991555554183813,0.001135005973715651,0.0022222222222222222,0.0022222222222222222,0.9983333328189299,,,,,,
NBaIoT_MixedDevice_9Sources_Balanced,NonIID_Dirichlet,Extreme,47,Krum,0.004222222222222222,0.9947999916597884,0.005268817204301077,0.006666666666666667,0.0033333333333333335,0.9949999861110725,,,,,,
NBaIoT_MixedDevice_9Sources_Balanced,NonIID_Dirichlet,Extreme,48,Adaptive_FixedCircuitBreaker,0.003333333333333333,0.9963333325308639,0.0033333333333333344,0.0033333333333333335,0.0033333333333333335,0.9972222213648831,0.989247311827957,1.0,0.15545755237045203,0.3948497854077253,0.0,0.0
NBaIoT_MixedDevice_9Sources_Balanced,NonIID_Dirichlet,Extreme,48,Adaptive_NoAdaptiveWeighting,0.0024000000000000002,0.9968444396159005,0.003082437275985663,0.0033333333333333335,0.0011111111111111111,0.9977777750342902,,,,,,
NBaIoT_MixedDevice_9Sources_Balanced,NonIID_Dirichlet,Extreme,48,Adaptive_NoCircuitBreaker,0.003333333333333333,0.9963333325308639,0.0033333333333333344,0.0033333333333333335,0.0033333333333333335,0.9972222213648831,,,,,,
NBaIoT_MixedDevice_9Sources_Balanced,NonIID_Dirichlet,Extreme,48,Adaptive_NoTemporalMemory,0.003333333333333333,0.996288888072702,0.0033333333333333344,0.0033333333333333335,0.0033333333333333335,0.9966666666666667,,,,,,
NBaIoT_MixedDevice_9Sources_Balanced,NonIID_Dirichlet,Extreme,48,Adaptive_Ultimate,0.003333333333333333,0.9963333325308639,0.0033333333333333344,0.0033333333333333335,0.0033333333333333335,0.9972222213648831,0.989247311827957,1.0,0.15545755237045203,0.3948497854077253,0.0,0.0
NBaIoT_MixedDevice_9Sources_Balanced,NonIID_Dirichlet,Extreme,48,FLAME,0.0016444444444444445,0.997133326481463,0.003428912783751494,0.012222222222222223,0.0011111111111111111,0.9972222145061513,,,,,,
NBaIoT_MixedDevice_9Sources_Balanced,NonIID_Dirichlet,Extreme,48,FLTrust,0.003333333333333333,0.996288888072702,0.0033333333333333344,0.0033333333333333335,0.0033333333333333335,0.9966666666666667,,,,,,
NBaIoT_MixedDevice_9Sources_Balanced,NonIID_Dirichlet,Extreme,48,FedAvg,0.045644444444444446,0.9863985294639603,0.02021505376344086,0.07,0.07,0.9838862579723665,,,,,,
NBaIoT_MixedDevice_9Sources_Balanced,NonIID_Dirichlet,Extreme,48,Krum,0.025999999999999995,0.9839541312980835,0.022234169653524496,0.02666666666666667,0.02666666666666667,0.9833316664999834,,,,,,
NBaIoT_MixedDevice_9Sources_Balanced,NonIID_Dirichlet,Extreme,49,Adaptive_FixedCircuitBreaker,0.0,0.998333328703691,0.0,0.0,0.0,0.9983333287036908,1.0,0.0,0.2932745314222712,0.2590529247910863,0.0,0.0
NBaIoT_MixedDevice_9Sources_Balanced,NonIID_Dirichlet,Extreme,49,Adaptive_NoAdaptiveWeighting,0.0,0.998333328703691,0.0,0.0,0.0,0.9983333287036908,,,,,,
NBaIoT_MixedDevice_9Sources_Balanced,NonIID_Dirichlet,Extreme,49,Adaptive_NoCircuitBreaker,0.0,0.998333328703691,0.0,0.0,0.0,0.9983333287036908,,,,,,
NBaIoT_MixedDevice_9Sources_Balanced,NonIID_Dirichlet,Extreme,49,Adaptive_NoTemporalMemory,0.0,0.998333328703691,0.0,0.0,0.0,0.9983333287036908,,,,,,
NBaIoT_MixedDevice_9Sources_Balanced,NonIID_Dirichlet,Extreme,49,Adaptive_Ultimate,0.0,0.998333328703691,0.0,0.0,0.0,0.9983333287036908,1.0,0.0,0.2932745314222712,0.2590529247910863,0.0,0.0
NBaIoT_MixedDevice_9Sources_Balanced,NonIID_Dirichlet,Extreme,49,FLAME,0.0,0.9977777668037866,0.0,0.0,0.0,0.9977777668037867,,,,,,
NBaIoT_MixedDevice_9Sources_Balanced,NonIID_Dirichlet,Extreme,49,FLTrust,0.0,0.998333328703691,0.0,0.0,0.0,0.9983333287036908,,,,,,
NBaIoT_MixedDevice_9Sources_Balanced,NonIID_Dirichlet,Extreme,49,FedAvg,0.9644888888888888,0.9446714663763279,0.3535722819593788,1.0,0.9988888888888889,0.888131543812803,,,,,,
NBaIoT_MixedDevice_9Sources_Balanced,NonIID_Dirichlet,Extreme,49,Krum,0.0,0.9918883534281489,0.0008602150537634408,0.014444444444444444,0.0,0.9916660879227724,,,,,,
NBaIoT_MixedDevice_9Sources_Balanced,NonIID_Dirichlet,Extreme,50,Adaptive_FixedCircuitBreaker,0.0011111111111111111,0.9953554959045537,0.0009438470728793307,0.0011111111111111111,0.0011111111111111111,0.9949999243815725,0.989247311827957,1.0,0.28776185226019846,0.26062322946175637,0.0,0.0
NBaIoT_MixedDevice_9Sources_Balanced,NonIID_Dirichlet,Extreme,50,Adaptive_NoAdaptiveWeighting,0.0011111111111111111,0.99666665020568,0.0008721624850657105,0.0011111111111111111,0.0011111111111111111,0.99666665020568,,,,,,
NBaIoT_MixedDevice_9Sources_Balanced,NonIID_Dirichlet,Extreme,50,Adaptive_NoCircuitBreaker,0.0011111111111111111,0.9953554959045537,0.0009438470728793307,0.0011111111111111111,0.0011111111111111111,0.9949999243815725,,,,,,
NBaIoT_MixedDevice_9Sources_Balanced,NonIID_Dirichlet,Extreme,50,Adaptive_NoTemporalMemory,0.0011111111111111111,0.99544438816799,0.0009318996415770605,0.0011111111111111111,0.0011111111111111111,0.9949999243815725,,,,,,
NBaIoT_MixedDevice_9Sources_Balanced,NonIID_Dirichlet,Extreme,50,Adaptive_Ultimate,0.0011111111111111111,0.9953554959045537,0.0009438470728793307,0.0011111111111111111,0.0011111111111111111,0.9949999243815725,0.989247311827957,1.0,0.28776185226019846,0.26062322946175637,0.0,0.0
NBaIoT_MixedDevice_9Sources_Balanced,NonIID_Dirichlet,Extreme,50,FLAME,0.008977777777777777,0.9909111100617279,0.005902031063321383,0.01,0.008888888888888889,0.9911111111111112,,,,,,
NBaIoT_MixedDevice_9Sources_Balanced,NonIID_Dirichlet,Extreme,50,FLTrust,0.0011111111111111111,0.9957777361449827,0.0009438470728793307,0.0011111111111111111,0.0011111111111111111,0.9955555061722908,,,,,,
NBaIoT_MixedDevice_9Sources_Balanced,NonIID_Dirichlet,Extreme,50,FedAvg,0.8852,0.9784872939502547,0.2957108721624851,1.0,1.0,0.9335986699894199,,,,,,
NBaIoT_MixedDevice_9Sources_Balanced,NonIID_Dirichlet,Extreme,50,Krum,0.028844444444444447,0.9801759969305652,0.023058542413381126,0.38222222222222224,0.028888888888888888,0.9799984196282175,,,,,,
NBaIoT_MixedDevice_9Sources_Balanced,NonIID_Dirichlet,Extreme,51,Adaptive_FixedCircuitBreaker,0.0011111111111111111,0.9977777750342902,0.001111111111111111,0.0011111111111111111,0.0011111111111111111,0.9977777750342902,0.978494623655914,2.0,0.21940463065049615,0.3137931034482759,2.0,5.0
NBaIoT_MixedDevice_9Sources_Balanced,NonIID_Dirichlet,Extreme,51,Adaptive_NoAdaptiveWeighting,0.0011111111111111111,0.9977777750342902,0.001111111111111111,0.0011111111111111111,0.0011111111111111111,0.9977777750342902,,,,,,
NBaIoT_MixedDevice_9Sources_Balanced,NonIID_Dirichlet,Extreme,51,Adaptive_NoCircuitBreaker,0.0011111111111111111,0.9977777750342902,0.001111111111111111,0.0011111111111111111,0.0011111111111111111,0.9977777750342902,,,,,,
NBaIoT_MixedDevice_9Sources_Balanced,NonIID_Dirichlet,Extreme,51,Adaptive_NoTemporalMemory,0.0011111111111111111,0.9977777750342902,0.001111111111111111,0.0011111111111111111,0.0011111111111111111,0.9977777750342902,,,,,,
NBaIoT_MixedDevice_9Sources_Balanced,NonIID_Dirichlet,Extreme,51,Adaptive_Ultimate,0.0011111111111111111,0.9977777750342902,0.001111111111111111,0.0011111111111111111,0.0011111111111111111,0.9977777750342902,0.978494623655914,2.0,0.21719955898566704,0.3159722222222222,0.0,0.0
NBaIoT_MixedDevice_9Sources_Balanced,NonIID_Dirichlet,Extreme,51,FLAME,0.0011111111111111111,0.9977777750342902,0.001111111111111111,0.0011111111111111111,0.0011111111111111111,0.9977777750342902,,,,,,
NBaIoT_MixedDevice_9Sources_Balanced,NonIID_Dirichlet,Extreme,51,FLTrust,0.0011111111111111111,0.9977777750342902,0.001111111111111111,0.0011111111111111111,0.0011111111111111111,0.9977777750342902,,,,,,
NBaIoT_MixedDevice_9Sources_Balanced,NonIID_Dirichlet,Extreme,51,FedAvg,0.0011111111111111111,0.9977777750342902,0.001111111111111111,0.0011111111111111111,0.0011111111111111111,0.9977777750342902,,,,,,
NBaIoT_MixedDevice_9Sources_Balanced,NonIID_Dirichlet,Extreme,51,Krum,0.008266666666666665,0.9899333087859358,0.016427718040621264,0.042222222222222223,0.006666666666666667,0.9911111001371606,,,,,,
NBaIoT_MixedDevice_9Sources_Balanced,NonIID_Dirichlet,Extreme,52,Adaptive_FixedCircuitBreaker,0.0022222222222222222,0.9972222213648831,0.002556750298685782,0.0033333333333333335,0.0022222222222222222,0.9972222213648831,0.989247311827957,1.0,0.06063947078280044,0.6258503401360545,0.0,0.0
NBaIoT_MixedDevice_9Sources_Balanced,NonIID_Dirichlet,Extreme,52,Adaptive_NoAdaptiveWeighting,0.0022222222222222222,0.9977777777777778,0.0020788530465949816,0.0022222222222222222,0.0022222222222222222,0.9977777777777778,,,,,,
NBaIoT_MixedDevice_9Sources_Balanced,NonIID_Dirichlet,Extreme,52,Adaptive_NoCircuitBreaker,0.0022222222222222222,0.9972222213648831,0.002556750298685782,0.0033333333333333335,0.0022222222222222222,0.9972222213648831,,,,,,
NBaIoT_MixedDevice_9Sources_Balanced,NonIID_Dirichlet,Extreme,52,Adaptive_NoTemporalMemory,0.0022222222222222222,0.9972222213648831,0.002544802867383512,0.0033333333333333335,0.0022222222222222222,0.9972222213648831,,,,,,
NBaIoT_MixedDevice_9Sources_Balanced,NonIID_Dirichlet,Extreme,52,Adaptive_Ultimate,0.0022222222222222222,0.9972222213648831,0.002556750298685782,0.0033333333333333335,0.0022222222222222222,0.9972222213648831,0.989247311827957,1.0,0.06063947078280044,0.6258503401360545,0.0,0.0
NBaIoT_MixedDevice_9Sources_Balanced,NonIID_Dirichlet,Extreme,52,FLAME,0.002311111111111111,0.9980444427709172,0.002700119474313023,0.0044444444444444444,0.0022222222222222222,0.9977777750342902,,,,,,
NBaIoT_MixedDevice_9Sources_Balanced,NonIID_Dirichlet,Extreme,52,FLTrust,0.0022222222222222222,0.9973111099519882,0.002544802867383512,0.0033333333333333335,0.0022222222222222222,0.9972222213648831,,,,,,
NBaIoT_MixedDevice_9Sources_Balanced,NonIID_Dirichlet,Extreme,52,FedAvg,0.0021777777777777776,0.9983333328189299,0.0009318996415770609,0.0022222222222222222,0.0022222222222222222,0.9983333328189299,,,,,,
NBaIoT_MixedDevice_9Sources_Balanced,NonIID_Dirichlet,Extreme,52,Krum,0.004177777777777778,0.9936221818995956,0.0037634408602150535,0.0044444444444444444,0.0044444444444444444,0.9938888417348899,,,,,,
