Dataset_Source,Filename,Rows_Original,Features_Original,Common_Features,Common_Feature_List,Rows_Used,status,reason
NBaIoT_Danmini_Doorbell_Balanced2K,NBaIoT_Danmini_Doorbell_Balanced2K.csv,2000,115,115,h_l0.01_mean|h_l0.01_variance|h_l0.01_weight|h_l0.1_mean|h_l0.1_variance|h_l0.1_weight|h_l1_mean|h_l1_variance|h_l1_weight|h_l3_mean|h_l3_variance|h_l3_weight|h_l5_mean|h_l5_variance|h_l5_weight|hh_jit_l0.01_mean|hh_jit_l0.01_variance|hh_jit_l0.01_weight|hh_jit_l0.1_mean|hh_jit_l0.1_variance|hh_jit_l0.1_weight|hh_jit_l1_mean|hh_jit_l1_variance|hh_jit_l1_weight|hh_jit_l3_mean|hh_jit_l3_variance|hh_jit_l3_weight|hh_jit_l5_mean|hh_jit_l5_variance|hh_jit_l5_weight|hh_l0.01_covariance|hh_l0.01_magnitude|hh_l0.01_mean|hh_l0.01_pcc|hh_l0.01_radius|hh_l0.01_std|hh_l0.01_weight|hh_l0.1_covariance|hh_l0.1_magnitude|hh_l0.1_mean|hh_l0.1_pcc|hh_l0.1_radius|hh_l0.1_std|hh_l0.1_weight|hh_l1_covariance|hh_l1_magnitude|hh_l1_mean|hh_l1_pcc|hh_l1_radius|hh_l1_std|hh_l1_weight|hh_l3_covariance|hh_l3_magnitude|hh_l3_mean|hh_l3_pcc|hh_l3_radius|hh_l3_std|hh_l3_weight|hh_l5_covariance|hh_l5_magnitude|hh_l5_mean|hh_l5_pcc|hh_l5_radius|hh_l5_std|hh_l5_weight|hphp_l0.01_covariance|hphp_l0.01_magnitude|hphp_l0.01_mean|hphp_l0.01_pcc|hphp_l0.01_radius|hphp_l0.01_std|hphp_l0.01_weight|hphp_l0.1_covariance|hphp_l0.1_magnitude|hphp_l0.1_mean|hphp_l0.1_pcc|hphp_l0.1_radius|hphp_l0.1_std|hphp_l0.1_weight|hphp_l1_covariance|hphp_l1_magnitude|hphp_l1_mean|hphp_l1_pcc|hphp_l1_radius|hphp_l1_std|hphp_l1_weight|hphp_l3_covariance|hphp_l3_magnitude|hphp_l3_mean|hphp_l3_pcc|hphp_l3_radius|hphp_l3_std|hphp_l3_weight|hphp_l5_covariance|hphp_l5_magnitude|hphp_l5_mean|hphp_l5_pcc|hphp_l5_radius|hphp_l5_std|hphp_l5_weight|mi_dir_l0.01_mean|mi_dir_l0.01_variance|mi_dir_l0.01_weight|mi_dir_l0.1_mean|mi_dir_l0.1_variance|mi_dir_l0.1_weight|mi_dir_l1_mean|mi_dir_l1_variance|mi_dir_l1_weight|mi_dir_l3_mean|mi_dir_l3_variance|mi_dir_l3_weight|mi_dir_l5_mean|mi_dir_l5_variance|mi_dir_l5_weight,2000,ok,harmonização por interseção de features comuns
NBaIoT_Ecobee_Thermostat_Balanced2K,NBaIoT_Ecobee_Thermostat_Balanced2K.csv,2000,115,115,h_l0.01_mean|h_l0.01_variance|h_l0.01_weight|h_l0.1_mean|h_l0.1_variance|h_l0.1_weight|h_l1_mean|h_l1_variance|h_l1_weight|h_l3_mean|h_l3_variance|h_l3_weight|h_l5_mean|h_l5_variance|h_l5_weight|hh_jit_l0.01_mean|hh_jit_l0.01_variance|hh_jit_l0.01_weight|hh_jit_l0.1_mean|hh_jit_l0.1_variance|hh_jit_l0.1_weight|hh_jit_l1_mean|hh_jit_l1_variance|hh_jit_l1_weight|hh_jit_l3_mean|hh_jit_l3_variance|hh_jit_l3_weight|hh_jit_l5_mean|hh_jit_l5_variance|hh_jit_l5_weight|hh_l0.01_covariance|hh_l0.01_magnitude|hh_l0.01_mean|hh_l0.01_pcc|hh_l0.01_radius|hh_l0.01_std|hh_l0.01_weight|hh_l0.1_covariance|hh_l0.1_magnitude|hh_l0.1_mean|hh_l0.1_pcc|hh_l0.1_radius|hh_l0.1_std|hh_l0.1_weight|hh_l1_covariance|hh_l1_magnitude|hh_l1_mean|hh_l1_pcc|hh_l1_radius|hh_l1_std|hh_l1_weight|hh_l3_covariance|hh_l3_magnitude|hh_l3_mean|hh_l3_pcc|hh_l3_radius|hh_l3_std|hh_l3_weight|hh_l5_covariance|hh_l5_magnitude|hh_l5_mean|hh_l5_pcc|hh_l5_radius|hh_l5_std|hh_l5_weight|hphp_l0.01_covariance|hphp_l0.01_magnitude|hphp_l0.01_mean|hphp_l0.01_pcc|hphp_l0.01_radius|hphp_l0.01_std|hphp_l0.01_weight|hphp_l0.1_covariance|hphp_l0.1_magnitude|hphp_l0.1_mean|hphp_l0.1_pcc|hphp_l0.1_radius|hphp_l0.1_std|hphp_l0.1_weight|hphp_l1_covariance|hphp_l1_magnitude|hphp_l1_mean|hphp_l1_pcc|hphp_l1_radius|hphp_l1_std|hphp_l1_weight|hphp_l3_covariance|hphp_l3_magnitude|hphp_l3_mean|hphp_l3_pcc|hphp_l3_radius|hphp_l3_std|hphp_l3_weight|hphp_l5_covariance|hphp_l5_magnitude|hphp_l5_mean|hphp_l5_pcc|hphp_l5_radius|hphp_l5_std|hphp_l5_weight|mi_dir_l0.01_mean|mi_dir_l0.01_variance|mi_dir_l0.01_weight|mi_dir_l0.1_mean|mi_dir_l0.1_variance|mi_dir_l0.1_weight|mi_dir_l1_mean|mi_dir_l1_variance|mi_dir_l1_weight|mi_dir_l3_mean|mi_dir_l3_variance|mi_dir_l3_weight|mi_dir_l5_mean|mi_dir_l5_variance|mi_dir_l5_weight,2000,ok,harmonização por interseção de features comuns
NBaIoT_Ennio_Doorbell_Balanced2K,NBaIoT_Ennio_Doorbell_Balanced2K.csv,2000,115,115,h_l0.01_mean|h_l0.01_variance|h_l0.01_weight|h_l0.1_mean|h_l0.1_variance|h_l0.1_weight|h_l1_mean|h_l1_variance|h_l1_weight|h_l3_mean|h_l3_variance|h_l3_weight|h_l5_mean|h_l5_variance|h_l5_weight|hh_jit_l0.01_mean|hh_jit_l0.01_variance|hh_jit_l0.01_weight|hh_jit_l0.1_mean|hh_jit_l0.1_variance|hh_jit_l0.1_weight|hh_jit_l1_mean|hh_jit_l1_variance|hh_jit_l1_weight|hh_jit_l3_mean|hh_jit_l3_variance|hh_jit_l3_weight|hh_jit_l5_mean|hh_jit_l5_variance|hh_jit_l5_weight|hh_l0.01_covariance|hh_l0.01_magnitude|hh_l0.01_mean|hh_l0.01_pcc|hh_l0.01_radius|hh_l0.01_std|hh_l0.01_weight|hh_l0.1_covariance|hh_l0.1_magnitude|hh_l0.1_mean|hh_l0.1_pcc|hh_l0.1_radius|hh_l0.1_std|hh_l0.1_weight|hh_l1_covariance|hh_l1_magnitude|hh_l1_mean|hh_l1_pcc|hh_l1_radius|hh_l1_std|hh_l1_weight|hh_l3_covariance|hh_l3_magnitude|hh_l3_mean|hh_l3_pcc|hh_l3_radius|hh_l3_std|hh_l3_weight|hh_l5_covariance|hh_l5_magnitude|hh_l5_mean|hh_l5_pcc|hh_l5_radius|hh_l5_std|hh_l5_weight|hphp_l0.01_covariance|hphp_l0.01_magnitude|hphp_l0.01_mean|hphp_l0.01_pcc|hphp_l0.01_radius|hphp_l0.01_std|hphp_l0.01_weight|hphp_l0.1_covariance|hphp_l0.1_magnitude|hphp_l0.1_mean|hphp_l0.1_pcc|hphp_l0.1_radius|hphp_l0.1_std|hphp_l0.1_weight|hphp_l1_covariance|hphp_l1_magnitude|hphp_l1_mean|hphp_l1_pcc|hphp_l1_radius|hphp_l1_std|hphp_l1_weight|hphp_l3_covariance|hphp_l3_magnitude|hphp_l3_mean|hphp_l3_pcc|hphp_l3_radius|hphp_l3_std|hphp_l3_weight|hphp_l5_covariance|hphp_l5_magnitude|hphp_l5_mean|hphp_l5_pcc|hphp_l5_radius|hphp_l5_std|hphp_l5_weight|mi_dir_l0.01_mean|mi_dir_l0.01_variance|mi_dir_l0.01_weight|mi_dir_l0.1_mean|mi_dir_l0.1_variance|mi_dir_l0.1_weight|mi_dir_l1_mean|mi_dir_l1_variance|mi_dir_l1_weight|mi_dir_l3_mean|mi_dir_l3_variance|mi_dir_l3_weight|mi_dir_l5_mean|mi_dir_l5_variance|mi_dir_l5_weight,2000,ok,harmonização por interseção de features comuns
NBaIoT_Philips_B120N10_Baby_Monitor_Balanced2K,NBaIoT_Philips_B120N10_Baby_Monitor_Balanced2K.csv,2000,115,115,h_l0.01_mean|h_l0.01_variance|h_l0.01_weight|h_l0.1_mean|h_l0.1_variance|h_l0.1_weight|h_l1_mean|h_l1_variance|h_l1_weight|h_l3_mean|h_l3_variance|h_l3_weight|h_l5_mean|h_l5_variance|h_l5_weight|hh_jit_l0.01_mean|hh_jit_l0.01_variance|hh_jit_l0.01_weight|hh_jit_l0.1_mean|hh_jit_l0.1_variance|hh_jit_l0.1_weight|hh_jit_l1_mean|hh_jit_l1_variance|hh_jit_l1_weight|hh_jit_l3_mean|hh_jit_l3_variance|hh_jit_l3_weight|hh_jit_l5_mean|hh_jit_l5_variance|hh_jit_l5_weight|hh_l0.01_covariance|hh_l0.01_magnitude|hh_l0.01_mean|hh_l0.01_pcc|hh_l0.01_radius|hh_l0.01_std|hh_l0.01_weight|hh_l0.1_covariance|hh_l0.1_magnitude|hh_l0.1_mean|hh_l0.1_pcc|hh_l0.1_radius|hh_l0.1_std|hh_l0.1_weight|hh_l1_covariance|hh_l1_magnitude|hh_l1_mean|hh_l1_pcc|hh_l1_radius|hh_l1_std|hh_l1_weight|hh_l3_covariance|hh_l3_magnitude|hh_l3_mean|hh_l3_pcc|hh_l3_radius|hh_l3_std|hh_l3_weight|hh_l5_covariance|hh_l5_magnitude|hh_l5_mean|hh_l5_pcc|hh_l5_radius|hh_l5_std|hh_l5_weight|hphp_l0.01_covariance|hphp_l0.01_magnitude|hphp_l0.01_mean|hphp_l0.01_pcc|hphp_l0.01_radius|hphp_l0.01_std|hphp_l0.01_weight|hphp_l0.1_covariance|hphp_l0.1_magnitude|hphp_l0.1_mean|hphp_l0.1_pcc|hphp_l0.1_radius|hphp_l0.1_std|hphp_l0.1_weight|hphp_l1_covariance|hphp_l1_magnitude|hphp_l1_mean|hphp_l1_pcc|hphp_l1_radius|hphp_l1_std|hphp_l1_weight|hphp_l3_covariance|hphp_l3_magnitude|hphp_l3_mean|hphp_l3_pcc|hphp_l3_radius|hphp_l3_std|hphp_l3_weight|hphp_l5_covariance|hphp_l5_magnitude|hphp_l5_mean|hphp_l5_pcc|hphp_l5_radius|hphp_l5_std|hphp_l5_weight|mi_dir_l0.01_mean|mi_dir_l0.01_variance|mi_dir_l0.01_weight|mi_dir_l0.1_mean|mi_dir_l0.1_variance|mi_dir_l0.1_weight|mi_dir_l1_mean|mi_dir_l1_variance|mi_dir_l1_weight|mi_dir_l3_mean|mi_dir_l3_variance|mi_dir_l3_weight|mi_dir_l5_mean|mi_dir_l5_variance|mi_dir_l5_weight,2000,ok,harmonização por interseção de features comuns
NBaIoT_Provision_PT_737E_Security_Camera_Balanced2K,NBaIoT_Provision_PT_737E_Security_Camera_Balanced2K.csv,2000,115,115,h_l0.01_mean|h_l0.01_variance|h_l0.01_weight|h_l0.1_mean|h_l0.1_variance|h_l0.1_weight|h_l1_mean|h_l1_variance|h_l1_weight|h_l3_mean|h_l3_variance|h_l3_weight|h_l5_mean|h_l5_variance|h_l5_weight|hh_jit_l0.01_mean|hh_jit_l0.01_variance|hh_jit_l0.01_weight|hh_jit_l0.1_mean|hh_jit_l0.1_variance|hh_jit_l0.1_weight|hh_jit_l1_mean|hh_jit_l1_variance|hh_jit_l1_weight|hh_jit_l3_mean|hh_jit_l3_variance|hh_jit_l3_weight|hh_jit_l5_mean|hh_jit_l5_variance|hh_jit_l5_weight|hh_l0.01_covariance|hh_l0.01_magnitude|hh_l0.01_mean|hh_l0.01_pcc|hh_l0.01_radius|hh_l0.01_std|hh_l0.01_weight|hh_l0.1_covariance|hh_l0.1_magnitude|hh_l0.1_mean|hh_l0.1_pcc|hh_l0.1_radius|hh_l0.1_std|hh_l0.1_weight|hh_l1_covariance|hh_l1_magnitude|hh_l1_mean|hh_l1_pcc|hh_l1_radius|hh_l1_std|hh_l1_weight|hh_l3_covariance|hh_l3_magnitude|hh_l3_mean|hh_l3_pcc|hh_l3_radius|hh_l3_std|hh_l3_weight|hh_l5_covariance|hh_l5_magnitude|hh_l5_mean|hh_l5_pcc|hh_l5_radius|hh_l5_std|hh_l5_weight|hphp_l0.01_covariance|hphp_l0.01_magnitude|hphp_l0.01_mean|hphp_l0.01_pcc|hphp_l0.01_radius|hphp_l0.01_std|hphp_l0.01_weight|hphp_l0.1_covariance|hphp_l0.1_magnitude|hphp_l0.1_mean|hphp_l0.1_pcc|hphp_l0.1_radius|hphp_l0.1_std|hphp_l0.1_weight|hphp_l1_covariance|hphp_l1_magnitude|hphp_l1_mean|hphp_l1_pcc|hphp_l1_radius|hphp_l1_std|hphp_l1_weight|hphp_l3_covariance|hphp_l3_magnitude|hphp_l3_mean|hphp_l3_pcc|hphp_l3_radius|hphp_l3_std|hphp_l3_weight|hphp_l5_covariance|hphp_l5_magnitude|hphp_l5_mean|hphp_l5_pcc|hphp_l5_radius|hphp_l5_std|hphp_l5_weight|mi_dir_l0.01_mean|mi_dir_l0.01_variance|mi_dir_l0.01_weight|mi_dir_l0.1_mean|mi_dir_l0.1_variance|mi_dir_l0.1_weight|mi_dir_l1_mean|mi_dir_l1_variance|mi_dir_l1_weight|mi_dir_l3_mean|mi_dir_l3_variance|mi_dir_l3_weight|mi_dir_l5_mean|mi_dir_l5_variance|mi_dir_l5_weight,2000,ok,harmonização por interseção de features comuns
NBaIoT_Provision_PT_838_Security_Camera_Balanced2K,NBaIoT_Provision_PT_838_Security_Camera_Balanced2K.csv,2000,115,115,h_l0.01_mean|h_l0.01_variance|h_l0.01_weight|h_l0.1_mean|h_l0.1_variance|h_l0.1_weight|h_l1_mean|h_l1_variance|h_l1_weight|h_l3_mean|h_l3_variance|h_l3_weight|h_l5_mean|h_l5_variance|h_l5_weight|hh_jit_l0.01_mean|hh_jit_l0.01_variance|hh_jit_l0.01_weight|hh_jit_l0.1_mean|hh_jit_l0.1_variance|hh_jit_l0.1_weight|hh_jit_l1_mean|hh_jit_l1_variance|hh_jit_l1_weight|hh_jit_l3_mean|hh_jit_l3_variance|hh_jit_l3_weight|hh_jit_l5_mean|hh_jit_l5_variance|hh_jit_l5_weight|hh_l0.01_covariance|hh_l0.01_magnitude|hh_l0.01_mean|hh_l0.01_pcc|hh_l0.01_radius|hh_l0.01_std|hh_l0.01_weight|hh_l0.1_covariance|hh_l0.1_magnitude|hh_l0.1_mean|hh_l0.1_pcc|hh_l0.1_radius|hh_l0.1_std|hh_l0.1_weight|hh_l1_covariance|hh_l1_magnitude|hh_l1_mean|hh_l1_pcc|hh_l1_radius|hh_l1_std|hh_l1_weight|hh_l3_covariance|hh_l3_magnitude|hh_l3_mean|hh_l3_pcc|hh_l3_radius|hh_l3_std|hh_l3_weight|hh_l5_covariance|hh_l5_magnitude|hh_l5_mean|hh_l5_pcc|hh_l5_radius|hh_l5_std|hh_l5_weight|hphp_l0.01_covariance|hphp_l0.01_magnitude|hphp_l0.01_mean|hphp_l0.01_pcc|hphp_l0.01_radius|hphp_l0.01_std|hphp_l0.01_weight|hphp_l0.1_covariance|hphp_l0.1_magnitude|hphp_l0.1_mean|hphp_l0.1_pcc|hphp_l0.1_radius|hphp_l0.1_std|hphp_l0.1_weight|hphp_l1_covariance|hphp_l1_magnitude|hphp_l1_mean|hphp_l1_pcc|hphp_l1_radius|hphp_l1_std|hphp_l1_weight|hphp_l3_covariance|hphp_l3_magnitude|hphp_l3_mean|hphp_l3_pcc|hphp_l3_radius|hphp_l3_std|hphp_l3_weight|hphp_l5_covariance|hphp_l5_magnitude|hphp_l5_mean|hphp_l5_pcc|hphp_l5_radius|hphp_l5_std|hphp_l5_weight|mi_dir_l0.01_mean|mi_dir_l0.01_variance|mi_dir_l0.01_weight|mi_dir_l0.1_mean|mi_dir_l0.1_variance|mi_dir_l0.1_weight|mi_dir_l1_mean|mi_dir_l1_variance|mi_dir_l1_weight|mi_dir_l3_mean|mi_dir_l3_variance|mi_dir_l3_weight|mi_dir_l5_mean|mi_dir_l5_variance|mi_dir_l5_weight,2000,ok,harmonização por interseção de features comuns
NBaIoT_Samsung_SNH_1011_N_Webcam_Balanced2K,NBaIoT_Samsung_SNH_1011_N_Webcam_Balanced2K.csv,2000,115,115,h_l0.01_mean|h_l0.01_variance|h_l0.01_weight|h_l0.1_mean|h_l0.1_variance|h_l0.1_weight|h_l1_mean|h_l1_variance|h_l1_weight|h_l3_mean|h_l3_variance|h_l3_weight|h_l5_mean|h_l5_variance|h_l5_weight|hh_jit_l0.01_mean|hh_jit_l0.01_variance|hh_jit_l0.01_weight|hh_jit_l0.1_mean|hh_jit_l0.1_variance|hh_jit_l0.1_weight|hh_jit_l1_mean|hh_jit_l1_variance|hh_jit_l1_weight|hh_jit_l3_mean|hh_jit_l3_variance|hh_jit_l3_weight|hh_jit_l5_mean|hh_jit_l5_variance|hh_jit_l5_weight|hh_l0.01_covariance|hh_l0.01_magnitude|hh_l0.01_mean|hh_l0.01_pcc|hh_l0.01_radius|hh_l0.01_std|hh_l0.01_weight|hh_l0.1_covariance|hh_l0.1_magnitude|hh_l0.1_mean|hh_l0.1_pcc|hh_l0.1_radius|hh_l0.1_std|hh_l0.1_weight|hh_l1_covariance|hh_l1_magnitude|hh_l1_mean|hh_l1_pcc|hh_l1_radius|hh_l1_std|hh_l1_weight|hh_l3_covariance|hh_l3_magnitude|hh_l3_mean|hh_l3_pcc|hh_l3_radius|hh_l3_std|hh_l3_weight|hh_l5_covariance|hh_l5_magnitude|hh_l5_mean|hh_l5_pcc|hh_l5_radius|hh_l5_std|hh_l5_weight|hphp_l0.01_covariance|hphp_l0.01_magnitude|hphp_l0.01_mean|hphp_l0.01_pcc|hphp_l0.01_radius|hphp_l0.01_std|hphp_l0.01_weight|hphp_l0.1_covariance|hphp_l0.1_magnitude|hphp_l0.1_mean|hphp_l0.1_pcc|hphp_l0.1_radius|hphp_l0.1_std|hphp_l0.1_weight|hphp_l1_covariance|hphp_l1_magnitude|hphp_l1_mean|hphp_l1_pcc|hphp_l1_radius|hphp_l1_std|hphp_l1_weight|hphp_l3_covariance|hphp_l3_magnitude|hphp_l3_mean|hphp_l3_pcc|hphp_l3_radius|hphp_l3_std|hphp_l3_weight|hphp_l5_covariance|hphp_l5_magnitude|hphp_l5_mean|hphp_l5_pcc|hphp_l5_radius|hphp_l5_std|hphp_l5_weight|mi_dir_l0.01_mean|mi_dir_l0.01_variance|mi_dir_l0.01_weight|mi_dir_l0.1_mean|mi_dir_l0.1_variance|mi_dir_l0.1_weight|mi_dir_l1_mean|mi_dir_l1_variance|mi_dir_l1_weight|mi_dir_l3_mean|mi_dir_l3_variance|mi_dir_l3_weight|mi_dir_l5_mean|mi_dir_l5_variance|mi_dir_l5_weight,2000,ok,harmonização por interseção de features comuns
NBaIoT_SimpleHome_XCS7_1002_WHT_Security_Camera_Balanced2K,NBaIoT_SimpleHome_XCS7_1002_WHT_Security_Camera_Balanced2K.csv,2000,115,115,h_l0.01_mean|h_l0.01_variance|h_l0.01_weight|h_l0.1_mean|h_l0.1_variance|h_l0.1_weight|h_l1_mean|h_l1_variance|h_l1_weight|h_l3_mean|h_l3_variance|h_l3_weight|h_l5_mean|h_l5_variance|h_l5_weight|hh_jit_l0.01_mean|hh_jit_l0.01_variance|hh_jit_l0.01_weight|hh_jit_l0.1_mean|hh_jit_l0.1_variance|hh_jit_l0.1_weight|hh_jit_l1_mean|hh_jit_l1_variance|hh_jit_l1_weight|hh_jit_l3_mean|hh_jit_l3_variance|hh_jit_l3_weight|hh_jit_l5_mean|hh_jit_l5_variance|hh_jit_l5_weight|hh_l0.01_covariance|hh_l0.01_magnitude|hh_l0.01_mean|hh_l0.01_pcc|hh_l0.01_radius|hh_l0.01_std|hh_l0.01_weight|hh_l0.1_covariance|hh_l0.1_magnitude|hh_l0.1_mean|hh_l0.1_pcc|hh_l0.1_radius|hh_l0.1_std|hh_l0.1_weight|hh_l1_covariance|hh_l1_magnitude|hh_l1_mean|hh_l1_pcc|hh_l1_radius|hh_l1_std|hh_l1_weight|hh_l3_covariance|hh_l3_magnitude|hh_l3_mean|hh_l3_pcc|hh_l3_radius|hh_l3_std|hh_l3_weight|hh_l5_covariance|hh_l5_magnitude|hh_l5_mean|hh_l5_pcc|hh_l5_radius|hh_l5_std|hh_l5_weight|hphp_l0.01_covariance|hphp_l0.01_magnitude|hphp_l0.01_mean|hphp_l0.01_pcc|hphp_l0.01_radius|hphp_l0.01_std|hphp_l0.01_weight|hphp_l0.1_covariance|hphp_l0.1_magnitude|hphp_l0.1_mean|hphp_l0.1_pcc|hphp_l0.1_radius|hphp_l0.1_std|hphp_l0.1_weight|hphp_l1_covariance|hphp_l1_magnitude|hphp_l1_mean|hphp_l1_pcc|hphp_l1_radius|hphp_l1_std|hphp_l1_weight|hphp_l3_covariance|hphp_l3_magnitude|hphp_l3_mean|hphp_l3_pcc|hphp_l3_radius|hphp_l3_std|hphp_l3_weight|hphp_l5_covariance|hphp_l5_magnitude|hphp_l5_mean|hphp_l5_pcc|hphp_l5_radius|hphp_l5_std|hphp_l5_weight|mi_dir_l0.01_mean|mi_dir_l0.01_variance|mi_dir_l0.01_weight|mi_dir_l0.1_mean|mi_dir_l0.1_variance|mi_dir_l0.1_weight|mi_dir_l1_mean|mi_dir_l1_variance|mi_dir_l1_weight|mi_dir_l3_mean|mi_dir_l3_variance|mi_dir_l3_weight|mi_dir_l5_mean|mi_dir_l5_variance|mi_dir_l5_weight,2000,ok,harmonização por interseção de features comuns
NBaIoT_SimpleHome_XCS7_1003_WHT_Security_Camera_Balanced2K,NBaIoT_SimpleHome_XCS7_1003_WHT_Security_Camera_Balanced2K.csv,2000,115,115,h_l0.01_mean|h_l0.01_variance|h_l0.01_weight|h_l0.1_mean|h_l0.1_variance|h_l0.1_weight|h_l1_mean|h_l1_variance|h_l1_weight|h_l3_mean|h_l3_variance|h_l3_weight|h_l5_mean|h_l5_variance|h_l5_weight|hh_jit_l0.01_mean|hh_jit_l0.01_variance|hh_jit_l0.01_weight|hh_jit_l0.1_mean|hh_jit_l0.1_variance|hh_jit_l0.1_weight|hh_jit_l1_mean|hh_jit_l1_variance|hh_jit_l1_weight|hh_jit_l3_mean|hh_jit_l3_variance|hh_jit_l3_weight|hh_jit_l5_mean|hh_jit_l5_variance|hh_jit_l5_weight|hh_l0.01_covariance|hh_l0.01_magnitude|hh_l0.01_mean|hh_l0.01_pcc|hh_l0.01_radius|hh_l0.01_std|hh_l0.01_weight|hh_l0.1_covariance|hh_l0.1_magnitude|hh_l0.1_mean|hh_l0.1_pcc|hh_l0.1_radius|hh_l0.1_std|hh_l0.1_weight|hh_l1_covariance|hh_l1_magnitude|hh_l1_mean|hh_l1_pcc|hh_l1_radius|hh_l1_std|hh_l1_weight|hh_l3_covariance|hh_l3_magnitude|hh_l3_mean|hh_l3_pcc|hh_l3_radius|hh_l3_std|hh_l3_weight|hh_l5_covariance|hh_l5_magnitude|hh_l5_mean|hh_l5_pcc|hh_l5_radius|hh_l5_std|hh_l5_weight|hphp_l0.01_covariance|hphp_l0.01_magnitude|hphp_l0.01_mean|hphp_l0.01_pcc|hphp_l0.01_radius|hphp_l0.01_std|hphp_l0.01_weight|hphp_l0.1_covariance|hphp_l0.1_magnitude|hphp_l0.1_mean|hphp_l0.1_pcc|hphp_l0.1_radius|hphp_l0.1_std|hphp_l0.1_weight|hphp_l1_covariance|hphp_l1_magnitude|hphp_l1_mean|hphp_l1_pcc|hphp_l1_radius|hphp_l1_std|hphp_l1_weight|hphp_l3_covariance|hphp_l3_magnitude|hphp_l3_mean|hphp_l3_pcc|hphp_l3_radius|hphp_l3_std|hphp_l3_weight|hphp_l5_covariance|hphp_l5_magnitude|hphp_l5_mean|hphp_l5_pcc|hphp_l5_radius|hphp_l5_std|hphp_l5_weight|mi_dir_l0.01_mean|mi_dir_l0.01_variance|mi_dir_l0.01_weight|mi_dir_l0.1_mean|mi_dir_l0.1_variance|mi_dir_l0.1_weight|mi_dir_l1_mean|mi_dir_l1_variance|mi_dir_l1_weight|mi_dir_l3_mean|mi_dir_l3_variance|mi_dir_l3_weight|mi_dir_l5_mean|mi_dir_l5_variance|mi_dir_l5_weight,2000,ok,harmonização por interseção de features comuns
