Dataset,Attack,Partition_Mode,Seed,Strategy,F1_Mean_Over_Rounds,ASR_Mean_Over_Rounds,Time_Mean_Over_Rounds,Circuit_Breaker_Rate,F1_Final_Round,ASR_Final_Round,Time_Final_Round
NBaIoT_MixedDevice_9Sources_Balanced,Cumulative_Base,IID,43,Adaptive_FixedCircuitBreaker,0.9946333172598055,0.004200000000000001,0.47760945869000127,0.0,0.9949999984567897,0.0044444444444444444,0.33980159600002935
NBaIoT_MixedDevice_9Sources_Balanced,Cumulative_Base,IID,43,Adaptive_NoAdaptiveWeighting,0.9952499895180541,0.004122222222222222,0.4865745258600043,0.0,0.9961111099108364,0.0044444444444444444,0.3795008959999677
NBaIoT_MixedDevice_9Sources_Balanced,Cumulative_Base,IID,43,Adaptive_NoCircuitBreaker,0.9946333172598055,0.004200000000000001,0.48300971091999373,0.0,0.9949999984567897,0.0044444444444444444,0.39150034099998265
NBaIoT_MixedDevice_9Sources_Balanced,Cumulative_Base,IID,43,Adaptive_NoTemporalMemory,0.9946388728685162,0.004200000000000001,0.4752895177200003,0.0,0.9949999984567897,0.0044444444444444444,0.37055758299993613
NBaIoT_MixedDevice_9Sources_Balanced,Cumulative_Base,IID,43,Adaptive_Ultimate,0.9946333172598055,0.004200000000000001,0.47408991385999516,0.0,0.9949999984567897,0.0044444444444444444,0.3366186700000071
NBaIoT_MixedDevice_9Sources_Balanced,Cumulative_Base,IID,43,FLAME,0.9950721440275585,0.004788888888888889,0.47621600321000074,0.0,0.9955555500685803,0.005555555555555556,0.3409680369999819
NBaIoT_MixedDevice_9Sources_Balanced,Cumulative_Base,IID,43,FLTrust,0.9946388728685162,0.004200000000000001,0.4731147670399997,0.0,0.9949999984567897,0.0044444444444444444,0.3199618950000058
NBaIoT_MixedDevice_9Sources_Balanced,Cumulative_Base,IID,43,FedAvg,0.994938816752683,0.004566666666666667,0.47503550458000093,0.0,0.9966666666666667,0.0033333333333333335,0.3291942609999978
NBaIoT_MixedDevice_9Sources_Balanced,Cumulative_Base,IID,43,Krum,0.9952387841764273,0.003588888888888889,0.5143098592099977,0.0,0.9949999984567897,0.0044444444444444444,0.36053141700000424
NBaIoT_MixedDevice_9Sources_Balanced,Cumulative_Base,IID,44,Adaptive_FixedCircuitBreaker,0.9972277759173462,0.002255555555555556,0.48135646924999376,0.75,0.9972222213648831,0.0022222222222222222,0.3382963069999505
NBaIoT_MixedDevice_9Sources_Balanced,Cumulative_Base,IID,44,Adaptive_NoAdaptiveWeighting,0.9969722194084286,0.0023333333333333335,0.48737955945000294,0.0,0.9966666625514352,0.0022222222222222222,0.3956962009999643
NBaIoT_MixedDevice_9Sources_Balanced,Cumulative_Base,IID,44,Adaptive_NoCircuitBreaker,0.9970222191563706,0.002255555555555556,0.4956037695899886,0.0,0.9972222213648831,0.0022222222222222222,0.5250954379998802
NBaIoT_MixedDevice_9Sources_Balanced,Cumulative_Base,IID,44,Adaptive_NoTemporalMemory,0.9971333308779079,0.0022222222222222222,0.479802973209986,0.0,0.9966666625514352,0.0022222222222222222,0.3500580960001116
NBaIoT_MixedDevice_9Sources_Balanced,Cumulative_Base,IID,44,Adaptive_Ultimate,0.9969944412156982,0.002255555555555556,0.4857954602899986,0.0,0.9966666625514352,0.0022222222222222222,0.3441940599999498
NBaIoT_MixedDevice_9Sources_Balanced,Cumulative_Base,IID,44,FLAME,0.9971611094461548,0.002277777777777778,0.48750106913999613,0.0,0.9972222213648831,0.0022222222222222222,0.36214709000000767
NBaIoT_MixedDevice_9Sources_Balanced,Cumulative_Base,IID,44,FLTrust,0.9971777755624075,0.0022333333333333333,0.4917540331400096,0.0,0.9972222213648831,0.0022222222222222222,0.35334001100000023
NBaIoT_MixedDevice_9Sources_Balanced,Cumulative_Base,IID,44,FedAvg,0.9972277762602825,0.0023666666666666667,0.49792848419000507,0.0,0.9977777777777778,0.0022222222222222222,0.33768872599989663
NBaIoT_MixedDevice_9Sources_Balanced,Cumulative_Base,IID,44,Krum,0.9974999985047955,0.0022444444444444443,0.48702254009000173,0.0,0.9977777750342902,0.0011111111111111111,0.3433037780000632
NBaIoT_MixedDevice_9Sources_Balanced,Cumulative_Base,IID,45,Adaptive_FixedCircuitBreaker,0.9979388806905041,0.0018555555555555556,0.48646939811000267,0.0,0.9983333328189299,0.0022222222222222222,0.33247000799997295
NBaIoT_MixedDevice_9Sources_Balanced,Cumulative_Base,IID,45,Adaptive_NoAdaptiveWeighting,0.9976166576006539,0.0017222222222222222,0.4801978749499904,0.0,0.9977777750342902,0.0011111111111111111,0.3376145400000041
NBaIoT_MixedDevice_9Sources_Balanced,Cumulative_Base,IID,45,Adaptive_NoCircuitBreaker,0.9979388806905041,0.0018555555555555556,0.4771013752000113,0.0,0.9983333328189299,0.0022222222222222222,0.3410154670000338
NBaIoT_MixedDevice_9Sources_Balanced,Cumulative_Base,IID,45,Adaptive_NoTemporalMemory,0.9979333251400925,0.0018777777777777777,0.48571728186999963,0.0,0.9983333328189299,0.0022222222222222222,0.3374355910000304
NBaIoT_MixedDevice_9Sources_Balanced,Cumulative_Base,IID,45,Adaptive_Ultimate,0.9979388806905041,0.0018555555555555556,0.48182421756999927,0.0,0.9983333328189299,0.0022222222222222222,0.3298220219999166
NBaIoT_MixedDevice_9Sources_Balanced,Cumulative_Base,IID,45,FLAME,0.9978999907367998,0.0013,0.5036321002200088,0.0,0.9977777750342902,0.0011111111111111111,0.353367468000215
NBaIoT_MixedDevice_9Sources_Balanced,Cumulative_Base,IID,45,FLTrust,0.9979333251400925,0.0018444444444444443,0.5025594856800081,0.0,0.9983333328189299,0.0022222222222222222,0.38014168099994095
NBaIoT_MixedDevice_9Sources_Balanced,Cumulative_Base,IID,45,FedAvg,0.9977333227839403,0.0016555555555555557,0.4805797663999942,0.0,0.9977777750342902,0.0011111111111111111,0.32762422999985574
NBaIoT_MixedDevice_9Sources_Balanced,Cumulative_Base,IID,45,Krum,0.9969499853684645,0.001322222222222222,0.4883656894300043,0.0,0.996111100308612,0.0022222222222222222,0.38943765500016525
NBaIoT_MixedDevice_9Sources_Balanced,Cumulative_Base,IID,46,Adaptive_FixedCircuitBreaker,0.9980554821693004,0.0011111111111111111,0.4767505027699917,0.0,0.9983333328189299,0.0011111111111111111,0.3642183629999636
NBaIoT_MixedDevice_9Sources_Balanced,Cumulative_Base,IID,46,Adaptive_NoAdaptiveWeighting,0.9980554821693004,0.0011111111111111111,0.47707161268000164,0.0,0.9983333328189299,0.0011111111111111111,0.3602571540000099
NBaIoT_MixedDevice_9Sources_Balanced,Cumulative_Base,IID,46,Adaptive_NoCircuitBreaker,0.9980554821693004,0.0011111111111111111,0.4802970132399969,0.0,0.9983333328189299,0.0011111111111111111,0.338168253999811
NBaIoT_MixedDevice_9Sources_Balanced,Cumulative_Base,IID,46,Adaptive_NoTemporalMemory,0.9980610376614115,0.0011111111111111111,0.4825345239099943,0.0,0.9983333328189299,0.0011111111111111111,0.33579519199997776
NBaIoT_MixedDevice_9Sources_Balanced,Cumulative_Base,IID,46,Adaptive_Ultimate,0.9980554821693004,0.0011111111111111111,0.4794284496800105,0.0,0.9983333328189299,0.0011111111111111111,0.34479406900004506
NBaIoT_MixedDevice_9Sources_Balanced,Cumulative_Base,IID,46,FLAME,0.997627628785061,0.0011111111111111111,0.48430516783998656,0.0,0.9972222145061513,0.0011111111111111111,0.34323210099978496
NBaIoT_MixedDevice_9Sources_Balanced,Cumulative_Base,IID,46,FLTrust,0.9980610376614115,0.0011111111111111111,0.4811594164000212,0.0,0.9983333328189299,0.0011111111111111111,0.3747850830000061
NBaIoT_MixedDevice_9Sources_Balanced,Cumulative_Base,IID,46,FedAvg,0.997655428845103,0.0015888888888888888,0.463922544920008,0.0,0.9977777750342902,0.0011111111111111111,0.3406901690000268
NBaIoT_MixedDevice_9Sources_Balanced,Cumulative_Base,IID,46,Krum,0.9961610711939285,0.0018,0.4802759854100191,0.0,0.996111100308612,0.0022222222222222222,0.3306316700000025
NBaIoT_MixedDevice_9Sources_Balanced,Cumulative_Base,IID,47,Adaptive_FixedCircuitBreaker,0.9991277728754158,0.0011555555555555555,0.4552739069699737,0.0,0.9994444442729766,0.0011111111111111111,0.3395241329999408
NBaIoT_MixedDevice_9Sources_Balanced,Cumulative_Base,IID,47,Adaptive_NoAdaptiveWeighting,0.9991166617745927,0.0011555555555555555,0.4727781634299663,0.0,0.9994444442729766,0.0011111111111111111,0.34100415700004305
NBaIoT_MixedDevice_9Sources_Balanced,Cumulative_Base,IID,47,Adaptive_NoCircuitBreaker,0.9991277728754158,0.0011555555555555555,0.46919217512994693,0.0,0.9994444442729766,0.0011111111111111111,0.3237949539998226
NBaIoT_MixedDevice_9Sources_Balanced,Cumulative_Base,IID,47,Adaptive_NoTemporalMemory,0.9991277728754158,0.0011555555555555555,0.46597121902998423,0.0,0.9994444442729766,0.0011111111111111111,0.35384744299972226
NBaIoT_MixedDevice_9Sources_Balanced,Cumulative_Base,IID,47,Adaptive_Ultimate,0.9991277728754158,0.0011555555555555555,0.4549522315500144,0.0,0.9994444442729766,0.0011111111111111111,1.7459604689997832
NBaIoT_MixedDevice_9Sources_Balanced,Cumulative_Base,IID,47,FLAME,0.9990444386658658,0.0011777777777777778,0.47578265731996455,0.0,0.9994444442729766,0.0011111111111111111,0.3321922390000509
NBaIoT_MixedDevice_9Sources_Balanced,Cumulative_Base,IID,47,FLTrust,0.9991277728754158,0.0011555555555555555,0.4635594982700195,0.0,0.9994444442729766,0.0011111111111111111,0.6223048289998587
NBaIoT_MixedDevice_9Sources_Balanced,Cumulative_Base,IID,47,FedAvg,0.9987777743723655,0.0012444444444444445,0.4781728495800007,0.0,0.9988888888888889,0.0011111111111111111,0.34504466099997444
NBaIoT_MixedDevice_9Sources_Balanced,Cumulative_Base,IID,47,Krum,0.9987888843586274,0.0011777777777777778,0.47750455998998403,0.0,0.9988888888888889,0.0011111111111111111,0.3193847590000587
NBaIoT_MixedDevice_9Sources_Balanced,Cumulative_Base,IID,48,Adaptive_FixedCircuitBreaker,0.997583329007159,0.0016666666666666666,0.4628285048099997,0.0,0.9983333328189299,0.0011111111111111111,0.31776041900002383
NBaIoT_MixedDevice_9Sources_Balanced,Cumulative_Base,IID,48,Adaptive_NoAdaptiveWeighting,0.997538884384388,0.0016666666666666666,0.4630074864300059,0.0,0.9983333328189299,0.0011111111111111111,0.33200862900002903
NBaIoT_MixedDevice_9Sources_Balanced,Cumulative_Base,IID,48,Adaptive_NoCircuitBreaker,0.997583329007159,0.0016666666666666666,0.4665145333100099,0.0,0.9983333328189299,0.0011111111111111111,0.3168957849998151
NBaIoT_MixedDevice_9Sources_Balanced,Cumulative_Base,IID,48,Adaptive_NoTemporalMemory,0.9975888845850055,0.0016666666666666666,0.47413348713000686,0.0,0.9983333328189299,0.0011111111111111111,0.34780131100023937
NBaIoT_MixedDevice_9Sources_Balanced,Cumulative_Base,IID,48,Adaptive_Ultimate,0.997583329007159,0.0016666666666666666,0.4720323901300253,0.0,0.9983333328189299,0.0011111111111111111,0.32312713999999687
NBaIoT_MixedDevice_9Sources_Balanced,Cumulative_Base,IID,48,FLAME,0.9966722147444423,0.0024444444444444444,0.46398096746998363,0.0,0.9983333328189299,0.0011111111111111111,0.3404017200000453
NBaIoT_MixedDevice_9Sources_Balanced,Cumulative_Base,IID,48,FLTrust,0.9975888845850055,0.0016666666666666666,0.47152406232003613,0.0,0.9983333328189299,0.0011111111111111111,0.3192066080000586
NBaIoT_MixedDevice_9Sources_Balanced,Cumulative_Base,IID,48,FedAvg,0.9974166610853278,0.0017777777777777779,0.44704883359996983,0.0,0.9983333328189299,0.0011111111111111111,0.3816308260002188
NBaIoT_MixedDevice_9Sources_Balanced,Cumulative_Base,IID,48,Krum,0.9970611021072713,0.0016666666666666666,0.5063943788299866,0.0,0.9972222007885864,0.0,1.9265260940001099
NBaIoT_MixedDevice_9Sources_Balanced,Cumulative_Base,IID,49,Adaptive_FixedCircuitBreaker,0.9977055200923732,0.0004888888888888889,0.4727822539299541,0.0,0.9983333287036908,0.0,0.3382395290000204
NBaIoT_MixedDevice_9Sources_Balanced,Cumulative_Base,IID,49,Adaptive_NoAdaptiveWeighting,0.9976832978632949,0.0004888888888888889,0.4371958522599971,0.0,0.9983333287036908,0.0,1.5702759330001754
NBaIoT_MixedDevice_9Sources_Balanced,Cumulative_Base,IID,49,Adaptive_NoCircuitBreaker,0.9977055200923732,0.0004888888888888889,0.4612100797000494,0.0,0.9983333287036908,0.0,0.4170857740000429
NBaIoT_MixedDevice_9Sources_Balanced,Cumulative_Base,IID,49,Adaptive_NoTemporalMemory,0.9977166313715243,0.0004888888888888889,0.46939920641998467,0.0,0.9983333287036908,0.0,0.6478980209999463
NBaIoT_MixedDevice_9Sources_Balanced,Cumulative_Base,IID,49,Adaptive_Ultimate,0.9977055200923732,0.0004888888888888889,0.47938078511002913,0.0,0.9983333287036908,0.0,0.35792865699977483
NBaIoT_MixedDevice_9Sources_Balanced,Cumulative_Base,IID,49,FLAME,0.9974442816895013,0.0006333333333333334,0.4727685725600031,0.0,0.9983333287036908,0.0,0.35365202700040754
NBaIoT_MixedDevice_9Sources_Balanced,Cumulative_Base,IID,49,FLTrust,0.9977055200923732,0.0004888888888888889,0.46325988513998256,0.0,0.9983333287036908,0.0,0.3546699710000212
NBaIoT_MixedDevice_9Sources_Balanced,Cumulative_Base,IID,49,FedAvg,0.9975221368838197,0.0006555555555555556,0.46974759563001045,0.0,0.9983333287036908,0.0,0.38409402599972964
NBaIoT_MixedDevice_9Sources_Balanced,Cumulative_Base,IID,49,Krum,0.9973053705321996,0.0019222222222222223,0.47058137472,0.0,0.9972222213648831,0.0033333333333333335,0.32834135400025843
NBaIoT_MixedDevice_9Sources_Balanced,Cumulative_Base,IID,50,Adaptive_FixedCircuitBreaker,0.9962109088617658,0.001322222222222222,0.4350448673099845,0.0,0.9961110811040208,0.0011111111111111111,0.3553273430002264
NBaIoT_MixedDevice_9Sources_Balanced,Cumulative_Base,IID,50,Adaptive_NoAdaptiveWeighting,0.9962942384244721,0.0010222222222222221,0.4666188285500402,0.0,0.99666665020568,0.0011111111111111111,0.32466447499973583
NBaIoT_MixedDevice_9Sources_Balanced,Cumulative_Base,IID,50,Adaptive_NoCircuitBreaker,0.9962109088617658,0.001322222222222222,0.4731599766600084,0.0,0.9961110811040208,0.0011111111111111111,0.3154105189996699
NBaIoT_MixedDevice_9Sources_Balanced,Cumulative_Base,IID,50,Adaptive_NoTemporalMemory,0.9962331315949676,0.001311111111111111,0.4639877863500487,0.0,0.99666665020568,0.0011111111111111111,0.3568844680003167
NBaIoT_MixedDevice_9Sources_Balanced,Cumulative_Base,IID,50,Adaptive_Ultimate,0.9962109088617658,0.001322222222222222,0.465443421309983,0.0,0.9961110811040208,0.0011111111111111111,1.4147830520000753
NBaIoT_MixedDevice_9Sources_Balanced,Cumulative_Base,IID,50,FLAME,0.993937746975946,0.0054666666666666665,0.49322146324001553,0.0,0.9972222145061513,0.0011111111111111111,0.33548584199979814
NBaIoT_MixedDevice_9Sources_Balanced,Cumulative_Base,IID,50,FLTrust,0.9962386869464737,0.001288888888888889,0.47064722851002444,0.0,0.99666665020568,0.0011111111111111111,1.0250285100000838
NBaIoT_MixedDevice_9Sources_Balanced,Cumulative_Base,IID,50,FedAvg,0.9940231707414204,0.005322222222222223,0.462919061349985,0.0,0.99666665020568,0.0011111111111111111,0.35361262800006443
NBaIoT_MixedDevice_9Sources_Balanced,Cumulative_Base,IID,50,Krum,0.9939687268157855,0.004844444444444444,0.47043745620000665,0.0,0.9961110811040208,0.0011111111111111111,0.9832978409999669
NBaIoT_MixedDevice_9Sources_Balanced,Cumulative_Base,IID,51,Adaptive_FixedCircuitBreaker,0.9978999922906491,0.0015666666666666667,0.4663179764899996,0.0,0.9983333328189299,0.0011111111111111111,0.3602105219997611
NBaIoT_MixedDevice_9Sources_Balanced,Cumulative_Base,IID,51,Adaptive_NoAdaptiveWeighting,0.9978999922906491,0.0015666666666666667,0.4613119088899839,0.0,0.9983333328189299,0.0011111111111111111,0.3331055969993031
NBaIoT_MixedDevice_9Sources_Balanced,Cumulative_Base,IID,51,Adaptive_NoCircuitBreaker,0.9978999922906491,0.0015666666666666667,0.46439965441996717,0.0,0.9983333328189299,0.0011111111111111111,0.39535442299984425
NBaIoT_MixedDevice_9Sources_Balanced,Cumulative_Base,IID,51,Adaptive_NoTemporalMemory,0.997899992448402,0.0015666666666666667,0.46007125898001505,0.0,0.9983333328189299,0.0011111111111111111,0.33442654099962965
NBaIoT_MixedDevice_9Sources_Balanced,Cumulative_Base,IID,51,Adaptive_Ultimate,0.9978999922906491,0.0015666666666666667,0.4631886002500505,0.0,0.9983333328189299,0.0011111111111111111,0.34207524100020237
NBaIoT_MixedDevice_9Sources_Balanced,Cumulative_Base,IID,51,FLAME,0.9973666501532733,0.0016777777777777778,0.4610650457199699,0.0,0.9972222145061513,0.0011111111111111111,0.31188708100035
NBaIoT_MixedDevice_9Sources_Balanced,Cumulative_Base,IID,51,FLTrust,0.997899992448402,0.0015666666666666667,0.46241437909005983,0.0,0.9983333328189299,0.0011111111111111111,0.3159848810000767
NBaIoT_MixedDevice_9Sources_Balanced,Cumulative_Base,IID,51,FedAvg,0.997788875280373,0.0016444444444444445,0.4324715321400208,0.0,0.9983333328189299,0.0011111111111111111,1.5837964820002526
NBaIoT_MixedDevice_9Sources_Balanced,Cumulative_Base,IID,51,Krum,0.9965610940447033,0.0018111111111111112,0.45259279833001076,0.0,0.9972222145061513,0.0011111111111111111,0.6343247989998417
NBaIoT_MixedDevice_9Sources_Balanced,Cumulative_Base,IID,52,Adaptive_FixedCircuitBreaker,0.9986888879663895,0.0008666666666666667,0.4572621375399467,0.0,0.9994444442729766,0.0011111111111111111,0.32173288600006344
NBaIoT_MixedDevice_9Sources_Balanced,Cumulative_Base,IID,52,Adaptive_NoAdaptiveWeighting,0.9988777768930014,0.0011444444444444445,0.46035339153996574,0.0,0.9994444442729766,0.0011111111111111111,0.37439458899916644
NBaIoT_MixedDevice_9Sources_Balanced,Cumulative_Base,IID,52,Adaptive_NoCircuitBreaker,0.9986888879663895,0.0008666666666666667,0.46480602374999763,0.0,0.9994444442729766,0.0011111111111111111,0.3222187560004386
NBaIoT_MixedDevice_9Sources_Balanced,Cumulative_Base,IID,52,Adaptive_NoTemporalMemory,0.9986944435476652,0.0010222222222222223,0.4589830522299508,0.0,0.9994444442729766,0.0011111111111111111,0.3145534380000754
NBaIoT_MixedDevice_9Sources_Balanced,Cumulative_Base,IID,52,Adaptive_Ultimate,0.9986888879663895,0.0008666666666666667,0.4590452714000003,0.0,0.9994444442729766,0.0011111111111111111,0.3452275970003029
NBaIoT_MixedDevice_9Sources_Balanced,Cumulative_Base,IID,52,FLAME,0.998588888089845,0.0013666666666666666,0.46523029161999147,0.0,0.9988888888888889,0.0011111111111111111,0.34090575499976694
NBaIoT_MixedDevice_9Sources_Balanced,Cumulative_Base,IID,52,FLTrust,0.998722221310011,0.0011555555555555555,0.4653172021000046,0.0,0.9994444442729766,0.0011111111111111111,0.357520105999356
NBaIoT_MixedDevice_9Sources_Balanced,Cumulative_Base,IID,52,FedAvg,0.9985833323405299,0.0012777777777777776,0.46126032827003655,0.0,0.9988888888888889,0.0011111111111111111,0.3813258460004363
NBaIoT_MixedDevice_9Sources_Balanced,Cumulative_Base,IID,52,Krum,0.9978555534053463,0.002833333333333333,0.46587083946996244,0.0,0.9983333328189299,0.0022222222222222222,0.32828058500035695
NBaIoT_MixedDevice_9Sources_Balanced,Cumulative_Base,NonIID_Dirichlet,43,Adaptive_FixedCircuitBreaker,0.9942718672135471,0.004511111111111112,0.45191368603999765,0.0,0.9944444170094667,0.0033333333333333335,0.3175410269996064
NBaIoT_MixedDevice_9Sources_Balanced,Cumulative_Base,NonIID_Dirichlet,43,Adaptive_NoAdaptiveWeighting,0.9943162770450096,0.004577777777777778,0.43618321235001534,0.0,0.9949999861110725,0.0033333333333333335,0.32515044100000523
NBaIoT_MixedDevice_9Sources_Balanced,Cumulative_Base,NonIID_Dirichlet,43,Adaptive_NoCircuitBreaker,0.9942718672135471,0.004511111111111112,0.43888732777998485,0.0,0.9944444170094667,0.0033333333333333335,0.3123254080001061
NBaIoT_MixedDevice_9Sources_Balanced,Cumulative_Base,NonIID_Dirichlet,43,Adaptive_NoTemporalMemory,0.994310877269895,0.004433333333333333,0.4099974376600221,0.0,0.9944444170094667,0.0033333333333333335,0.658550794999428
NBaIoT_MixedDevice_9Sources_Balanced,Cumulative_Base,NonIID_Dirichlet,43,Adaptive_Ultimate,0.9942718672135471,0.004511111111111112,0.4474900741099282,0.0,0.9944444170094667,0.0033333333333333335,0.30453531599960115
NBaIoT_MixedDevice_9Sources_Balanced,Cumulative_Base,NonIID_Dirichlet,43,FLAME,0.8725667556335398,0.010266666666666667,0.40669254577000175,0.0,0.9955555500685803,0.0033333333333333335,0.33375894999971933
NBaIoT_MixedDevice_9Sources_Balanced,Cumulative_Base,NonIID_Dirichlet,43,FLTrust,0.9943719898710717,0.004433333333333333,0.44202902021995216,0.0,0.9949999861110725,0.0033333333333333335,0.30869534099929297
NBaIoT_MixedDevice_9Sources_Balanced,Cumulative_Base,NonIID_Dirichlet,43,FedAvg,0.995688806553469,0.0031444444444444445,0.44781256030002625,0.0,0.9977777750342902,0.0011111111111111111,0.31240180900022096
NBaIoT_MixedDevice_9Sources_Balanced,Cumulative_Base,NonIID_Dirichlet,43,Krum,0.815429307780475,0.01118888888888889,0.4476861829900099,0.0,0.9532409698169223,0.0022222222222222222,0.6664394879999236
NBaIoT_MixedDevice_9Sources_Balanced,Cumulative_Base,NonIID_Dirichlet,44,Adaptive_FixedCircuitBreaker,0.9963388803994975,0.0022444444444444443,0.4394872919000591,0.0,0.996111100308612,0.0022222222222222222,1.3572544669996205
NBaIoT_MixedDevice_9Sources_Balanced,Cumulative_Base,NonIID_Dirichlet,44,Adaptive_NoAdaptiveWeighting,0.9966611059413479,0.0021888888888888887,0.4514043040699744,0.0,0.9966666625514352,0.0022222222222222222,0.3266432989994428
NBaIoT_MixedDevice_9Sources_Balanced,Cumulative_Base,NonIID_Dirichlet,44,Adaptive_NoCircuitBreaker,0.9963388803994975,0.0022444444444444443,0.4625782991399774,0.0,0.996111100308612,0.0022222222222222222,0.32628160399963235
NBaIoT_MixedDevice_9Sources_Balanced,Cumulative_Base,NonIID_Dirichlet,44,Adaptive_NoTemporalMemory,0.9963611028549166,0.0022444444444444443,0.42426026820003243,0.0,0.996111100308612,0.0022222222222222222,0.31168374300068535
NBaIoT_MixedDevice_9Sources_Balanced,Cumulative_Base,NonIID_Dirichlet,44,Adaptive_Ultimate,0.9963388803994975,0.0022444444444444443,0.45866874178005673,0.0,0.996111100308612,0.0022222222222222222,0.35065848199974425
NBaIoT_MixedDevice_9Sources_Balanced,Cumulative_Base,NonIID_Dirichlet,44,FLAME,0.9968055505744001,0.0021444444444444445,0.4567911911799274,0.0,0.9966666625514352,0.0022222222222222222,0.3306190000002971
NBaIoT_MixedDevice_9Sources_Balanced,Cumulative_Base,NonIID_Dirichlet,44,FLTrust,0.9963666585116386,0.0022444444444444443,0.4600842523599658,0.0,0.996111100308612,0.0022222222222222222,0.3524492269998518
NBaIoT_MixedDevice_9Sources_Balanced,Cumulative_Base,NonIID_Dirichlet,44,FedAvg,0.997222220517827,0.0023555555555555556,0.4527782540300359,0.0,0.9972222213648831,0.0022222222222222222,0.32374622200040903
NBaIoT_MixedDevice_9Sources_Balanced,Cumulative_Base,NonIID_Dirichlet,44,Krum,0.9923773330729629,0.001988888888888889,0.45684237523995763,0.0,0.9888877776666556,0.0022222222222222222,0.33344795500033797
NBaIoT_MixedDevice_9Sources_Balanced,Cumulative_Base,NonIID_Dirichlet,45,Adaptive_FixedCircuitBreaker,0.9957028201280884,0.006500000000000001,0.4496050137900056,0.0,0.9977777777777778,0.0033333333333333335,0.32715394900060346
NBaIoT_MixedDevice_9Sources_Balanced,Cumulative_Base,NonIID_Dirichlet,45,Adaptive_NoAdaptiveWeighting,0.9953707422778745,0.006788888888888889,0.4471124864200465,0.0,0.9977777777777778,0.0033333333333333335,0.33178253500045685
NBaIoT_MixedDevice_9Sources_Balanced,Cumulative_Base,NonIID_Dirichlet,45,Adaptive_NoCircuitBreaker,0.9957028201280884,0.006500000000000001,0.4449461404900012,0.0,0.9977777777777778,0.0033333333333333335,0.32063182899946696
NBaIoT_MixedDevice_9Sources_Balanced,Cumulative_Base,NonIID_Dirichlet,45,Adaptive_NoTemporalMemory,0.9958882007052314,0.006088888888888889,0.402090516069984,0.0,0.9977777777777778,0.0033333333333333335,0.3114085450006314
NBaIoT_MixedDevice_9Sources_Balanced,Cumulative_Base,NonIID_Dirichlet,45,Adaptive_Ultimate,0.9957028201280884,0.006500000000000001,0.44356090158996264,0.0,0.9977777777777778,0.0033333333333333335,0.3295385419996819
NBaIoT_MixedDevice_9Sources_Balanced,Cumulative_Base,NonIID_Dirichlet,45,FLAME,0.997733327691844,0.0019444444444444444,0.4484762210400004,0.0,0.9977777777777778,0.0022222222222222222,0.31033105200003774
NBaIoT_MixedDevice_9Sources_Balanced,Cumulative_Base,NonIID_Dirichlet,45,FLTrust,0.9958882007052314,0.0061222222222222225,0.4423330339200311,0.0,0.9977777777777778,0.0033333333333333335,0.35830213300050673
NBaIoT_MixedDevice_9Sources_Balanced,Cumulative_Base,NonIID_Dirichlet,45,FedAvg,0.9978388874468281,0.001988888888888889,0.41369797212998494,0.0,0.9977777777777778,0.0022222222222222222,0.497841607000737
NBaIoT_MixedDevice_9Sources_Balanced,Cumulative_Base,NonIID_Dirichlet,45,Krum,0.9922596986414921,0.011899999999999999,0.45679505235003487,0.0,0.9872219027697915,0.021111111111111112,0.3571652990003713
NBaIoT_MixedDevice_9Sources_Balanced,Cumulative_Base,NonIID_Dirichlet,46,Adaptive_FixedCircuitBreaker,0.9943561378849495,0.0029000000000000002,0.45276097518003555,0.3,0.9966666666666667,0.0033333333333333335,0.30518086299980496
NBaIoT_MixedDevice_9Sources_Balanced,Cumulative_Base,NonIID_Dirichlet,46,Adaptive_NoAdaptiveWeighting,0.9919636642209936,0.002877777777777778,0.4419603676699626,0.0,0.9966666666666667,0.0033333333333333335,0.3170435929996529
NBaIoT_MixedDevice_9Sources_Balanced,Cumulative_Base,NonIID_Dirichlet,46,Adaptive_NoCircuitBreaker,0.9943616934319316,0.002888888888888889,0.44991717621992394,0.0,0.9972222213648831,0.0022222222222222222,0.46032122200085723
NBaIoT_MixedDevice_9Sources_Balanced,Cumulative_Base,NonIID_Dirichlet,46,Adaptive_NoTemporalMemory,0.9950160199513816,0.0029111111111111117,0.4456041737900341,0.0,0.9966666666666667,0.0033333333333333335,0.34579969700007496
NBaIoT_MixedDevice_9Sources_Balanced,Cumulative_Base,NonIID_Dirichlet,46,Adaptive_Ultimate,0.9943561378849495,0.0029000000000000002,0.3981094640300125,0.0,0.9966666666666667,0.0033333333333333335,0.32104341499962175
NBaIoT_MixedDevice_9Sources_Balanced,Cumulative_Base,NonIID_Dirichlet,46,FLAME,0.9965687114671158,0.0019111111111111113,0.4455463688799409,0.0,0.9972222213648831,0.0022222222222222222,0.3505886240000109
NBaIoT_MixedDevice_9Sources_Balanced,Cumulative_Base,NonIID_Dirichlet,46,FLTrust,0.9950160199685284,0.0029111111111111117,0.4443429581099463,0.0,0.9966666666666667,0.0033333333333333335,0.3111417620002612
NBaIoT_MixedDevice_9Sources_Balanced,Cumulative_Base,NonIID_Dirichlet,46,FedAvg,0.9977499987911465,0.0017222222222222222,0.44979227451001863,0.0,0.9994444442729766,0.0011111111111111111,0.3204530609991707
NBaIoT_MixedDevice_9Sources_Balanced,Cumulative_Base,NonIID_Dirichlet,46,Krum,0.5434987109145853,0.0012222222222222222,0.4463426755099954,0.0,0.49731374937499784,0.0011111111111111111,0.3444629220002753
NBaIoT_MixedDevice_9Sources_Balanced,Cumulative_Base,NonIID_Dirichlet,47,Adaptive_FixedCircuitBreaker,0.999038887683461,0.0012666666666666668,0.4311726443600037,0.0,0.9983333328189299,0.0011111111111111111,1.5248054460007552
NBaIoT_MixedDevice_9Sources_Balanced,Cumulative_Base,NonIID_Dirichlet,47,Adaptive_NoAdaptiveWeighting,0.9991388879269492,0.0012666666666666668,0.46022074603001784,0.0,0.9994444442729766,0.0011111111111111111,0.34458502899997256
NBaIoT_MixedDevice_9Sources_Balanced,Cumulative_Base,NonIID_Dirichlet,47,Adaptive_NoCircuitBreaker,0.999038887683461,0.0012666666666666668,0.4524352844499663,0.0,0.9983333328189299,0.0011111111111111111,0.33390208299988444
NBaIoT_MixedDevice_9Sources_Balanced,Cumulative_Base,NonIID_Dirichlet,47,Adaptive_NoTemporalMemory,0.9990722198233651,0.0011888888888888889,0.44455463262001105,0.0,0.9983333328189299,0.0011111111111111111,0.33250025200050004
NBaIoT_MixedDevice_9Sources_Balanced,Cumulative_Base,NonIID_Dirichlet,47,Adaptive_Ultimate,0.999038887683461,0.0012666666666666668,0.4617305288900661,0.0,0.9983333328189299,0.0011111111111111111,0.3698691350000445
NBaIoT_MixedDevice_9Sources_Balanced,Cumulative_Base,NonIID_Dirichlet,47,FLAME,0.9990666626474005,0.0011666666666666668,0.4575920681899606,0.0,0.9988888888888889,0.0011111111111111111,0.3393934729992907
NBaIoT_MixedDevice_9Sources_Balanced,Cumulative_Base,NonIID_Dirichlet,47,FLTrust,0.9990722198233651,0.0011888888888888889,0.4533892805599498,0.0,0.9983333328189299,0.0011111111111111111,0.37174829300056444
NBaIoT_MixedDevice_9Sources_Balanced,Cumulative_Base,NonIID_Dirichlet,47,FedAvg,0.9990388876423083,0.0012444444444444445,0.46039666900002885,0.0,0.9988888888888889,0.0011111111111111111,0.32775441499961744
NBaIoT_MixedDevice_9Sources_Balanced,Cumulative_Base,NonIID_Dirichlet,47,Krum,0.9954833143328191,0.005,0.4648249305900299,0.0,0.9944444170094667,0.0033333333333333335,0.35665473799963365
NBaIoT_MixedDevice_9Sources_Balanced,Cumulative_Base,NonIID_Dirichlet,48,Adaptive_FixedCircuitBreaker,0.9958777707406385,0.003811111111111111,0.4691433099499864,0.0,0.9972222213648831,0.0033333333333333335,0.3375319329998092
NBaIoT_MixedDevice_9Sources_Balanced,Cumulative_Base,NonIID_Dirichlet,48,Adaptive_NoAdaptiveWeighting,0.9959722141442684,0.0036444444444444445,0.46037929835000796,0.0,0.9977777750342902,0.0011111111111111111,0.3863915520005321
NBaIoT_MixedDevice_9Sources_Balanced,Cumulative_Base,NonIID_Dirichlet,48,Adaptive_NoCircuitBreaker,0.9958777707406385,0.003811111111111111,0.46304875377996724,0.0,0.9972222213648831,0.0033333333333333335,0.36637985499965
NBaIoT_MixedDevice_9Sources_Balanced,Cumulative_Base,NonIID_Dirichlet,48,Adaptive_NoTemporalMemory,0.9958833277211129,0.003766666666666667,0.4681508427200242,0.0,0.9966666666666667,0.0033333333333333335,0.3569416200007254
NBaIoT_MixedDevice_9Sources_Balanced,Cumulative_Base,NonIID_Dirichlet,48,Adaptive_Ultimate,0.9958777707406385,0.003811111111111111,0.4716476854699431,0.0,0.9972222213648831,0.0033333333333333335,0.32650381599978573
NBaIoT_MixedDevice_9Sources_Balanced,Cumulative_Base,NonIID_Dirichlet,48,FLAME,0.9962499834547813,0.0031111111111111114,0.4859563779600103,0.0,0.9972222145061513,0.0011111111111111111,0.4032851980000487
NBaIoT_MixedDevice_9Sources_Balanced,Cumulative_Base,NonIID_Dirichlet,48,FLTrust,0.9958833277211129,0.003766666666666667,0.47061169471002356,0.0,0.9966666666666667,0.0033333333333333335,0.39133338400006323
NBaIoT_MixedDevice_9Sources_Balanced,Cumulative_Base,NonIID_Dirichlet,48,FedAvg,0.9970388814145561,0.0017888888888888891,0.48062615216000265,0.0,0.9988888875171451,0.0011111111111111111,0.3306967509997776
NBaIoT_MixedDevice_9Sources_Balanced,Cumulative_Base,NonIID_Dirichlet,48,Krum,0.9868936488467341,0.020855555555555558,0.47222681496004953,0.0,0.9844432152663913,0.024444444444444446,0.38520848299958743
NBaIoT_MixedDevice_9Sources_Balanced,Cumulative_Base,NonIID_Dirichlet,49,Adaptive_FixedCircuitBreaker,0.9971331796343186,0.0004666666666666666,0.48032827282993823,0.0,0.9983333287036908,0.0,0.37789940099992236
NBaIoT_MixedDevice_9Sources_Balanced,Cumulative_Base,NonIID_Dirichlet,49,Adaptive_NoAdaptiveWeighting,0.9968886188600181,0.0004666666666666666,0.47934025736002694,0.0,0.9983333287036908,0.0,0.350501436999366
NBaIoT_MixedDevice_9Sources_Balanced,Cumulative_Base,NonIID_Dirichlet,49,Adaptive_NoCircuitBreaker,0.9971331796343186,0.0004666666666666666,0.47893812721000356,0.0,0.9983333287036908,0.0,0.3845861130002959
NBaIoT_MixedDevice_9Sources_Balanced,Cumulative_Base,NonIID_Dirichlet,49,Adaptive_NoTemporalMemory,0.9971559154460965,0.0004666666666666666,0.4790270202200645,0.0,0.9983333287036908,0.0,0.35878601300009905
NBaIoT_MixedDevice_9Sources_Balanced,Cumulative_Base,NonIID_Dirichlet,49,Adaptive_Ultimate,0.9971331796343186,0.0004666666666666666,0.48623326371992337,0.0,0.9983333287036908,0.0,0.35559208300037426
NBaIoT_MixedDevice_9Sources_Balanced,Cumulative_Base,NonIID_Dirichlet,49,FLAME,0.9905824645812694,0.003811111111111111,0.48421706909999557,0.0,0.9977777668037867,0.0,0.487545451999722
NBaIoT_MixedDevice_9Sources_Balanced,Cumulative_Base,NonIID_Dirichlet,49,FLTrust,0.9971670266840945,0.0004666666666666666,0.5196863778399893,0.0,0.9983333287036908,0.0,1.5540851500009012
NBaIoT_MixedDevice_9Sources_Balanced,Cumulative_Base,NonIID_Dirichlet,49,FedAvg,0.9978888823695319,0.0019,0.4795424578399616,0.0,0.9972222213648831,0.0033333333333333335,0.33859664000010525
NBaIoT_MixedDevice_9Sources_Balanced,Cumulative_Base,NonIID_Dirichlet,49,Krum,0.9842382174022873,0.003911111111111112,0.4766277486199579,0.0,0.9916660879227724,0.0,0.34914592200038896
NBaIoT_MixedDevice_9Sources_Balanced,Cumulative_Base,NonIID_Dirichlet,50,Adaptive_FixedCircuitBreaker,0.9927178139545323,0.006511111111111112,0.46206714867006665,0.0,0.9949999243815725,0.0011111111111111111,0.34000131100037834
NBaIoT_MixedDevice_9Sources_Balanced,Cumulative_Base,NonIID_Dirichlet,50,Adaptive_NoAdaptiveWeighting,0.9936835576045904,0.006477777777777778,0.47623602137999116,0.0,0.99666665020568,0.0011111111111111111,0.7247459179998259
NBaIoT_MixedDevice_9Sources_Balanced,Cumulative_Base,NonIID_Dirichlet,50,Adaptive_NoCircuitBreaker,0.9927178139545323,0.006511111111111112,0.5165546564699617,0.0,0.9949999243815725,0.0011111111111111111,1.4241998340003192
NBaIoT_MixedDevice_9Sources_Balanced,Cumulative_Base,NonIID_Dirichlet,50,Adaptive_NoTemporalMemory,0.9929655212660475,0.006155555555555556,0.47046949969990237,0.0,0.9949999243815725,0.0011111111111111111,0.3363637540005584
NBaIoT_MixedDevice_9Sources_Balanced,Cumulative_Base,NonIID_Dirichlet,50,Adaptive_Ultimate,0.9927178139545323,0.006511111111111112,0.4503378909400817,0.0,0.9949999243815725,0.0011111111111111111,0.3338314299999183
NBaIoT_MixedDevice_9Sources_Balanced,Cumulative_Base,NonIID_Dirichlet,50,FLAME,0.9915926096110874,0.008544444444444445,0.4888891134900314,0.0,0.993888871913533,0.0044444444444444444,1.6983232180000414
NBaIoT_MixedDevice_9Sources_Balanced,Cumulative_Base,NonIID_Dirichlet,50,FLTrust,0.9930933049681624,0.006166666666666667,0.4536692810400382,0.0,0.9955555061722908,0.0011111111111111111,1.1005463849996886
NBaIoT_MixedDevice_9Sources_Balanced,Cumulative_Base,NonIID_Dirichlet,50,FedAvg,0.9964277358370964,0.0012555555555555555,0.4793924546999915,0.0,0.99666665020568,0.0011111111111111111,0.38095186699956685
NBaIoT_MixedDevice_9Sources_Balanced,Cumulative_Base,NonIID_Dirichlet,50,Krum,0.9633646351337427,0.06107777777777778,0.47206221213997196,0.0,0.9783303838578029,0.03222222222222222,0.34220937800000684
NBaIoT_MixedDevice_9Sources_Balanced,Cumulative_Base,NonIID_Dirichlet,51,Adaptive_FixedCircuitBreaker,0.9965221798365202,0.0017777777777777779,0.4344968640199295,0.0,0.9977777750342902,0.0011111111111111111,0.3457856540007924
NBaIoT_MixedDevice_9Sources_Balanced,Cumulative_Base,NonIID_Dirichlet,51,Adaptive_NoAdaptiveWeighting,0.9963666228991951,0.0017666666666666666,0.43067010149983614,0.0,0.9977777750342902,0.0011111111111111111,0.33264887199948134
NBaIoT_MixedDevice_9Sources_Balanced,Cumulative_Base,NonIID_Dirichlet,51,Adaptive_NoCircuitBreaker,0.9965221798365202,0.0017777777777777779,0.43105569518002085,0.0,0.9977777750342902,0.0011111111111111111,0.3129139739994571
NBaIoT_MixedDevice_9Sources_Balanced,Cumulative_Base,NonIID_Dirichlet,51,Adaptive_NoTemporalMemory,0.9965721899551733,0.0017666666666666666,0.3944020542600265,0.0,0.9977777750342902,0.0011111111111111111,0.34186740100085444
NBaIoT_MixedDevice_9Sources_Balanced,Cumulative_Base,NonIID_Dirichlet,51,Adaptive_Ultimate,0.9965221798365202,0.0017777777777777779,0.44319097838990273,0.0,0.9977777750342902,0.0011111111111111111,0.3117977759993664
NBaIoT_MixedDevice_9Sources_Balanced,Cumulative_Base,NonIID_Dirichlet,51,FLAME,0.9948521554718361,0.006,0.4495513148899954,0.0,0.9977777750342902,0.0011111111111111111,0.32074797700079216
NBaIoT_MixedDevice_9Sources_Balanced,Cumulative_Base,NonIID_Dirichlet,51,FLTrust,0.9965555230261591,0.0017666666666666666,0.44766206722992136,0.0,0.9977777750342902,0.0011111111111111111,0.3300695200014161
NBaIoT_MixedDevice_9Sources_Balanced,Cumulative_Base,NonIID_Dirichlet,51,FedAvg,0.9974333175679572,0.0015222222222222223,0.43661731334999787,0.0,0.9977777750342902,0.0011111111111111111,0.3149543210001866
NBaIoT_MixedDevice_9Sources_Balanced,Cumulative_Base,NonIID_Dirichlet,51,Krum,0.9881720566922406,0.01078888888888889,0.4009094381900104,0.0,0.9938887361072916,0.0011111111111111111,0.298831321999387
NBaIoT_MixedDevice_9Sources_Balanced,Cumulative_Base,NonIID_Dirichlet,52,Adaptive_FixedCircuitBreaker,0.9967611092472535,0.002577777777777778,0.44381595602986634,0.0,0.9972222213648831,0.0022222222222222222,0.30756419299905247
NBaIoT_MixedDevice_9Sources_Balanced,Cumulative_Base,NonIID_Dirichlet,52,Adaptive_NoAdaptiveWeighting,0.9976555540912179,0.0021444444444444445,0.4422439668299012,0.0,0.9977777777777778,0.0022222222222222222,1.8163387160002458
NBaIoT_MixedDevice_9Sources_Balanced,Cumulative_Base,NonIID_Dirichlet,52,Adaptive_NoCircuitBreaker,0.9967611092472535,0.002577777777777778,0.40946109850003265,0.0,0.9972222213648831,0.0022222222222222222,0.3591995099995984
NBaIoT_MixedDevice_9Sources_Balanced,Cumulative_Base,NonIID_Dirichlet,52,Adaptive_NoTemporalMemory,0.9967944425737282,0.0025666666666666667,0.44595506188014045,0.0,0.9972222213648831,0.0022222222222222222,0.30511417199886637
NBaIoT_MixedDevice_9Sources_Balanced,Cumulative_Base,NonIID_Dirichlet,52,Adaptive_Ultimate,0.9967611092472535,0.002577777777777778,0.44461963373007163,0.0,0.9972222213648831,0.0022222222222222222,0.30967743799919845
NBaIoT_MixedDevice_9Sources_Balanced,Cumulative_Base,NonIID_Dirichlet,52,FLAME,0.9968333233023976,0.004244444444444445,0.4237576720799188,0.0,0.9955555336075734,0.005555555555555556,0.5841775629996846
NBaIoT_MixedDevice_9Sources_Balanced,Cumulative_Base,NonIID_Dirichlet,52,FLTrust,0.996861109003769,0.0025666666666666667,0.42367560873995896,0.0,0.9972222213648831,0.0022222222222222222,0.3211970600004861
NBaIoT_MixedDevice_9Sources_Balanced,Cumulative_Base,NonIID_Dirichlet,52,FedAvg,0.9991499983864804,0.0001,0.4420127264399707,0.0,0.9994444442729766,0.0,0.3295290429996385
NBaIoT_MixedDevice_9Sources_Balanced,Cumulative_Base,NonIID_Dirichlet,52,Krum,0.9914087626411743,0.004422222222222222,0.4455661343600332,0.0,0.99333330041136,0.0044444444444444444,0.34436907500094094
NBaIoT_MixedDevice_9Sources_Balanced,Cumulative_Extreme,IID,43,Adaptive_FixedCircuitBreaker,0.9947777582611529,0.0038,0.4560195472198757,0.0,0.9944444375857254,0.0044444444444444444,0.3666297520012449
NBaIoT_MixedDevice_9Sources_Balanced,Cumulative_Extreme,IID,43,Adaptive_NoAdaptiveWeighting,0.9953499852382012,0.003466666666666667,0.4421010903700335,0.0,0.9966666625514352,0.0022222222222222222,1.6036283020002884
NBaIoT_MixedDevice_9Sources_Balanced,Cumulative_Extreme,IID,43,Adaptive_NoCircuitBreaker,0.9947777582611529,0.0038,0.41959574458993304,0.0,0.9944444375857254,0.0044444444444444444,0.3222620579999784
NBaIoT_MixedDevice_9Sources_Balanced,Cumulative_Extreme,IID,43,Adaptive_NoTemporalMemory,0.9947666471466128,0.003811111111111111,0.450865319479999,0.0,0.9944444375857254,0.0044444444444444444,0.3171296459986479
NBaIoT_MixedDevice_9Sources_Balanced,Cumulative_Extreme,IID,43,Adaptive_Ultimate,0.9947777582611529,0.0038,0.4605472683599692,0.0,0.9944444375857254,0.0044444444444444444,0.3317941889999929
NBaIoT_MixedDevice_9Sources_Balanced,Cumulative_Extreme,IID,43,FLAME,0.994899908542213,0.0036333333333333335,0.45847753338992336,0.0,0.9966666625514352,0.0022222222222222222,0.3265139070008445
NBaIoT_MixedDevice_9Sources_Balanced,Cumulative_Extreme,IID,43,FLTrust,0.9947666471466128,0.003811111111111111,0.45293746996005213,0.0,0.9944444375857254,0.0044444444444444444,0.3312515470006474
NBaIoT_MixedDevice_9Sources_Balanced,Cumulative_Extreme,IID,43,FedAvg,0.9941888098236086,0.006500000000000001,0.41798719688005803,0.0,0.9933332592584362,0.01,0.3143677409989323
NBaIoT_MixedDevice_9Sources_Balanced,Cumulative_Extreme,IID,43,Krum,0.9953165616970037,0.0034555555555555555,0.4524206675399182,0.0,0.9955555336075734,0.0022222222222222222,0.3421030339995923
NBaIoT_MixedDevice_9Sources_Balanced,Cumulative_Extreme,IID,44,Adaptive_FixedCircuitBreaker,0.9971777756652884,0.002255555555555556,0.45426250118001915,0.44,0.9966666625514352,0.0022222222222222222,0.32634302499900514
NBaIoT_MixedDevice_9Sources_Balanced,Cumulative_Extreme,IID,44,Adaptive_NoAdaptiveWeighting,0.9969722193707057,0.0023444444444444446,0.4515061734301162,0.0,0.9966666625514352,0.0022222222222222222,0.3274377130001085
NBaIoT_MixedDevice_9Sources_Balanced,Cumulative_Extreme,IID,44,Adaptive_NoCircuitBreaker,0.9970444415500609,0.002255555555555556,0.45312918885001635,0.0,0.9972222213648831,0.0022222222222222222,0.34654092699929606
NBaIoT_MixedDevice_9Sources_Balanced,Cumulative_Extreme,IID,44,Adaptive_NoTemporalMemory,0.9970944418535592,0.002255555555555556,0.4508896590600125,0.0,0.9972222213648831,0.0022222222222222222,0.3267151090003608
NBaIoT_MixedDevice_9Sources_Balanced,Cumulative_Extreme,IID,44,Adaptive_Ultimate,0.996999996844985,0.002255555555555556,0.45343627523994656,0.0,0.9972222213648831,0.0022222222222222222,0.33222071700038214
NBaIoT_MixedDevice_9Sources_Balanced,Cumulative_Extreme,IID,44,FLAME,0.9971222201097332,0.002288888888888889,0.4562446012599321,0.0,0.9966666625514352,0.0022222222222222222,0.35391211899877817
NBaIoT_MixedDevice_9Sources_Balanced,Cumulative_Extreme,IID,44,FLTrust,0.9971055530812686,0.002255555555555556,0.4529665705999287,0.0,0.9972222213648831,0.0022222222222222222,0.3322368400004052
NBaIoT_MixedDevice_9Sources_Balanced,Cumulative_Extreme,IID,44,FedAvg,0.997155552928662,0.003422222222222222,0.45331413025003714,0.0,0.9966666625514352,0.0077777777777777776,0.5752501329989173
NBaIoT_MixedDevice_9Sources_Balanced,Cumulative_Extreme,IID,44,Krum,0.9971055542986916,0.0026666666666666666,0.41533645167000943,0.0,0.9972222213648831,0.0022222222222222222,0.3344249059991853
NBaIoT_MixedDevice_9Sources_Balanced,Cumulative_Extreme,IID,45,Adaptive_FixedCircuitBreaker,0.9979444361723284,0.0015777777777777778,0.4511413984900537,0.0,0.9983333328189299,0.0011111111111111111,0.31350596500124084
NBaIoT_MixedDevice_9Sources_Balanced,Cumulative_Extreme,IID,45,Adaptive_NoAdaptiveWeighting,0.9976055444284947,0.0013333333333333333,0.4524814807999792,0.0,0.9972222145061513,0.0022222222222222222,0.3218987969994487
NBaIoT_MixedDevice_9Sources_Balanced,Cumulative_Extreme,IID,45,Adaptive_NoCircuitBreaker,0.9979444361723284,0.0015777777777777778,0.450898236790199,0.0,0.9983333328189299,0.0011111111111111111,0.3205706040007499
NBaIoT_MixedDevice_9Sources_Balanced,Cumulative_Extreme,IID,45,Adaptive_NoTemporalMemory,0.9979222139295301,0.0015888888888888888,0.45122920217001594,0.0,0.9983333328189299,0.0011111111111111111,0.31201137300013215
NBaIoT_MixedDevice_9Sources_Balanced,Cumulative_Extreme,IID,45,Adaptive_Ultimate,0.9979444361723284,0.0015777777777777778,0.44126197925002997,0.0,0.9983333328189299,0.0011111111111111111,0.3228570020000916
NBaIoT_MixedDevice_9Sources_Balanced,Cumulative_Extreme,IID,45,FLAME,0.997922213007033,0.0013,0.45124127395998587,0.0,0.9977777750342902,0.0011111111111111111,0.3157446799996251
NBaIoT_MixedDevice_9Sources_Balanced,Cumulative_Extreme,IID,45,FLTrust,0.9979333250440706,0.0015888888888888888,0.41782394442012444,0.0,0.9983333328189299,0.0011111111111111111,0.9603698669998266
NBaIoT_MixedDevice_9Sources_Balanced,Cumulative_Extreme,IID,45,FedAvg,0.9973666566728298,0.0024333333333333334,0.45248108652991503,0.0,0.9966666666666667,0.0033333333333333335,0.3438663049983006
NBaIoT_MixedDevice_9Sources_Balanced,Cumulative_Extreme,IID,45,Krum,0.9969499853684645,0.001322222222222222,0.4532141743500506,0.0,0.996111100308612,0.0022222222222222222,0.3270941420014424
NBaIoT_MixedDevice_9Sources_Balanced,Cumulative_Extreme,IID,46,Adaptive_FixedCircuitBreaker,0.9980554821693004,0.0011111111111111111,0.4306901505799942,0.0,0.9983333328189299,0.0011111111111111111,0.3480778979992465
NBaIoT_MixedDevice_9Sources_Balanced,Cumulative_Extreme,IID,46,Adaptive_NoAdaptiveWeighting,0.9980554821693004,0.0011111111111111111,0.4529344350800602,0.0,0.9983333328189299,0.0011111111111111111,0.32459043500057305
NBaIoT_MixedDevice_9Sources_Balanced,Cumulative_Extreme,IID,46,Adaptive_NoCircuitBreaker,0.9980554821693004,0.0011111111111111111,0.452320696959996,0.0,0.9983333328189299,0.0011111111111111111,0.35892766100005247
NBaIoT_MixedDevice_9Sources_Balanced,Cumulative_Extreme,IID,46,Adaptive_NoTemporalMemory,0.9980610376614115,0.0011111111111111111,0.451401157570017,0.0,0.9983333328189299,0.0011111111111111111,0.31943689599938807
NBaIoT_MixedDevice_9Sources_Balanced,Cumulative_Extreme,IID,46,Adaptive_Ultimate,0.9980554821693004,0.0011111111111111111,0.4283905518498432,0.0,0.9983333328189299,0.0011111111111111111,0.7651173660015047
NBaIoT_MixedDevice_9Sources_Balanced,Cumulative_Extreme,IID,46,FLAME,0.9975442948875967,0.0011111111111111111,0.4593724074600323,0.0,0.9977777750342902,0.0011111111111111111,0.35014026099997864
NBaIoT_MixedDevice_9Sources_Balanced,Cumulative_Extreme,IID,46,FLTrust,0.9980610376614115,0.0011111111111111111,0.4545871588200862,0.0,0.9983333328189299,0.0011111111111111111,0.3270107129992539
NBaIoT_MixedDevice_9Sources_Balanced,Cumulative_Extreme,IID,46,FedAvg,0.9957664904109564,0.006688888888888888,0.4489206259200182,0.0,0.9911107160318235,0.021111111111111112,0.31429411499993876
NBaIoT_MixedDevice_9Sources_Balanced,Cumulative_Extreme,IID,46,Krum,0.9961610711939285,0.0018,0.45115605236997,0.0,0.996111100308612,0.0022222222222222222,0.3366549069996836
NBaIoT_MixedDevice_9Sources_Balanced,Cumulative_Extreme,IID,47,Adaptive_FixedCircuitBreaker,0.9991277728754158,0.0011555555555555555,0.42963033841990184,0.0,0.9994444442729766,0.0011111111111111111,0.7082384060013283
NBaIoT_MixedDevice_9Sources_Balanced,Cumulative_Extreme,IID,47,Adaptive_NoAdaptiveWeighting,0.9991166617745927,0.0011555555555555555,0.4529576347398506,0.0,0.9994444442729766,0.0011111111111111111,0.31263343099999474
NBaIoT_MixedDevice_9Sources_Balanced,Cumulative_Extreme,IID,47,Adaptive_NoCircuitBreaker,0.9991277728754158,0.0011555555555555555,0.4532486475001133,0.0,0.9994444442729766,0.0011111111111111111,0.32733204799842497
NBaIoT_MixedDevice_9Sources_Balanced,Cumulative_Extreme,IID,47,Adaptive_NoTemporalMemory,0.9991277728754158,0.0011555555555555555,0.43187535635999663,0.0,0.9994444442729766,0.0011111111111111111,0.3509061160002602
NBaIoT_MixedDevice_9Sources_Balanced,Cumulative_Extreme,IID,47,Adaptive_Ultimate,0.9991277728754158,0.0011555555555555555,0.4488698325000769,0.0,0.9994444442729766,0.0011111111111111111,0.31637570899874845
NBaIoT_MixedDevice_9Sources_Balanced,Cumulative_Extreme,IID,47,FLAME,0.998888883501267,0.0011777777777777778,0.45406544815008604,0.0,0.9988888888888889,0.0011111111111111111,0.334845208999468
NBaIoT_MixedDevice_9Sources_Balanced,Cumulative_Extreme,IID,47,FLTrust,0.9991277728754158,0.0011555555555555555,0.45056760016001135,0.0,0.9994444442729766,0.0011111111111111111,0.3401935649999359
NBaIoT_MixedDevice_9Sources_Balanced,Cumulative_Extreme,IID,47,FedAvg,0.9980888852365627,0.0017555555555555556,0.4549275677198057,0.0,0.9966666666666667,0.0033333333333333335,0.34635634799997206
NBaIoT_MixedDevice_9Sources_Balanced,Cumulative_Extreme,IID,47,Krum,0.9984444391288598,0.0011777777777777778,0.4497464615599347,0.0,0.9977777750342902,0.0011111111111111111,0.3268856989998312
NBaIoT_MixedDevice_9Sources_Balanced,Cumulative_Extreme,IID,48,Adaptive_FixedCircuitBreaker,0.9975333288065416,0.0016888888888888889,0.4437117836600191,0.0,0.9983333328189299,0.0011111111111111111,1.7868252170010237
NBaIoT_MixedDevice_9Sources_Balanced,Cumulative_Extreme,IID,48,Adaptive_NoAdaptiveWeighting,0.9974555507887085,0.0016888888888888889,0.44912577862987746,0.0,0.9983333328189299,0.0011111111111111111,0.32563375999961863
NBaIoT_MixedDevice_9Sources_Balanced,Cumulative_Extreme,IID,48,Adaptive_NoCircuitBreaker,0.9975333288065416,0.0016888888888888889,0.44663734469013433,0.0,0.9983333328189299,0.0011111111111111111,0.31722492199878616
NBaIoT_MixedDevice_9Sources_Balanced,Cumulative_Extreme,IID,48,Adaptive_NoTemporalMemory,0.9975333288065416,0.0016777777777777778,0.41502963441998875,0.0,0.9983333328189299,0.0011111111111111111,0.37953701200058276
NBaIoT_MixedDevice_9Sources_Balanced,Cumulative_Extreme,IID,48,Adaptive_Ultimate,0.9975333288065416,0.0016888888888888889,0.4507640476400593,0.0,0.9983333328189299,0.0011111111111111111,0.3479760570007784
NBaIoT_MixedDevice_9Sources_Balanced,Cumulative_Extreme,IID,48,FLAME,0.9969555471878556,0.0019,0.4509437735599386,0.0,0.9983333328189299,0.0011111111111111111,0.32055417399897124
NBaIoT_MixedDevice_9Sources_Balanced,Cumulative_Extreme,IID,48,FLTrust,0.9975333288065416,0.0016777777777777778,0.4479025118300342,0.0,0.9983333328189299,0.0011111111111111111,0.3511941750002734
NBaIoT_MixedDevice_9Sources_Balanced,Cumulative_Extreme,IID,48,FedAvg,0.9964388841786078,0.003855555555555555,0.4497551553399353,0.0,0.9961111099108364,0.0044444444444444444,0.309235508000711
NBaIoT_MixedDevice_9Sources_Balanced,Cumulative_Extreme,IID,48,Krum,0.9967055408520864,0.001411111111111111,0.4488908984599948,0.0,0.9966666296292181,0.0,0.3463156150010036
NBaIoT_MixedDevice_9Sources_Balanced,Cumulative_Extreme,IID,49,Adaptive_FixedCircuitBreaker,0.9976055187034727,0.0004888888888888889,0.4253216926299501,0.0,0.9983333287036908,0.0,1.1794776040005672
NBaIoT_MixedDevice_9Sources_Balanced,Cumulative_Extreme,IID,49,Adaptive_NoAdaptiveWeighting,0.9974999620247967,0.0004888888888888889,0.444387577660018,0.0,0.9983333287036908,0.0,0.3220134430011967
NBaIoT_MixedDevice_9Sources_Balanced,Cumulative_Extreme,IID,49,Adaptive_NoCircuitBreaker,0.9976055187034727,0.0004888888888888889,0.4470300449599381,0.0,0.9983333287036908,0.0,0.3189812359996722
NBaIoT_MixedDevice_9Sources_Balanced,Cumulative_Extreme,IID,49,Adaptive_NoTemporalMemory,0.9976166299414707,0.0004888888888888889,0.4289129567100099,0.0,0.9983333287036908,0.0,0.3119367669987696
NBaIoT_MixedDevice_9Sources_Balanced,Cumulative_Extreme,IID,49,Adaptive_Ultimate,0.9976055187034727,0.0004888888888888889,0.4464696216199809,0.0,0.9983333287036908,0.0,0.32656612399841833
NBaIoT_MixedDevice_9Sources_Balanced,Cumulative_Extreme,IID,49,FLAME,0.9973498355594898,0.0006444444444444444,0.4578348294398893,0.0,0.9983333287036908,0.0,0.3497645260013087
NBaIoT_MixedDevice_9Sources_Balanced,Cumulative_Extreme,IID,49,FLTrust,0.9976110743224718,0.0004888888888888889,0.450685848549947,0.0,0.9983333287036908,0.0,0.34375709099913365
NBaIoT_MixedDevice_9Sources_Balanced,Cumulative_Extreme,IID,49,FedAvg,0.9970554730978304,0.001955555555555556,0.44469450267992217,0.0,0.9966666666666667,0.006666666666666667,0.33986144400114426
NBaIoT_MixedDevice_9Sources_Balanced,Cumulative_Extreme,IID,49,Krum,0.9972387007550914,0.0016888888888888889,0.4484539778099497,0.0,0.9977777750342902,0.0011111111111111111,0.31999654500032193
NBaIoT_MixedDevice_9Sources_Balanced,Cumulative_Extreme,IID,50,Adaptive_FixedCircuitBreaker,0.996194242728371,0.0013333333333333333,0.4325499583699457,0.0,0.9972222145061513,0.0011111111111111111,0.350041740000961
NBaIoT_MixedDevice_9Sources_Balanced,Cumulative_Extreme,IID,50,Adaptive_NoAdaptiveWeighting,0.9963331293109842,0.0010333333333333334,0.44492191403989634,0.0,0.99666665020568,0.0011111111111111111,0.32521833999999217
NBaIoT_MixedDevice_9Sources_Balanced,Cumulative_Extreme,IID,50,Adaptive_NoCircuitBreaker,0.996194242728371,0.0013333333333333333,0.4457060136999644,0.0,0.9972222145061513,0.0011111111111111111,0.30584242599979916
NBaIoT_MixedDevice_9Sources_Balanced,Cumulative_Extreme,IID,50,Adaptive_NoTemporalMemory,0.996194242728371,0.0013333333333333333,0.44826274078999634,0.0,0.9972222145061513,0.0011111111111111111,0.3141293589997076
NBaIoT_MixedDevice_9Sources_Balanced,Cumulative_Extreme,IID,50,Adaptive_Ultimate,0.996194242728371,0.0013333333333333333,0.42931490180002585,0.0,0.9972222145061513,0.0011111111111111111,1.2603125009991345
NBaIoT_MixedDevice_9Sources_Balanced,Cumulative_Extreme,IID,50,FLAME,0.9938548185398274,0.005488888888888889,0.44607758057993124,0.0,0.9961110811040208,0.0011111111111111111,0.3234395929994207
NBaIoT_MixedDevice_9Sources_Balanced,Cumulative_Extreme,IID,50,FLTrust,0.9962109092458582,0.001311111111111111,0.4443740902000718,0.0,0.9972222145061513,0.0011111111111111111,0.3293608019994281
NBaIoT_MixedDevice_9Sources_Balanced,Cumulative_Extreme,IID,50,FedAvg,0.9925009538518903,0.007977777777777778,0.4496746161399096,0.0,0.9938888870027429,0.0077777777777777776,0.3967548189993977
NBaIoT_MixedDevice_9Sources_Balanced,Cumulative_Extreme,IID,50,Krum,0.9941909640348043,0.005411111111111111,0.44498477671002545,0.0,0.9972222007885864,0.0,0.32439583000086714
NBaIoT_MixedDevice_9Sources_Balanced,Cumulative_Extreme,IID,51,Adaptive_FixedCircuitBreaker,0.9978999922906491,0.0015666666666666667,0.45035062126011327,0.0,0.9983333328189299,0.0011111111111111111,0.33080415899894433
NBaIoT_MixedDevice_9Sources_Balanced,Cumulative_Extreme,IID,51,Adaptive_NoAdaptiveWeighting,0.9978999922906491,0.0015666666666666667,0.4499620734898963,0.0,0.9983333328189299,0.0011111111111111111,0.3333885760002886
NBaIoT_MixedDevice_9Sources_Balanced,Cumulative_Extreme,IID,51,Adaptive_NoCircuitBreaker,0.9978999922906491,0.0015666666666666667,0.44504813530011234,0.0,0.9983333328189299,0.0011111111111111111,0.3092642820010951
NBaIoT_MixedDevice_9Sources_Balanced,Cumulative_Extreme,IID,51,Adaptive_NoTemporalMemory,0.997899992448402,0.0015666666666666667,0.44583583307006847,0.0,0.9983333328189299,0.0011111111111111111,0.3409109830008674
NBaIoT_MixedDevice_9Sources_Balanced,Cumulative_Extreme,IID,51,Adaptive_Ultimate,0.9978999922906491,0.0015666666666666667,0.44507834965994336,0.0,0.9983333328189299,0.0011111111111111111,0.3184617299993988
NBaIoT_MixedDevice_9Sources_Balanced,Cumulative_Extreme,IID,51,FLAME,0.996744418657778,0.0016555555555555557,0.4471467826198932,0.0,0.9972222145061513,0.0011111111111111111,0.3513059670003713
NBaIoT_MixedDevice_9Sources_Balanced,Cumulative_Extreme,IID,51,FLTrust,0.997899992448402,0.0015666666666666667,0.40699105355995924,0.0,0.9983333328189299,0.0011111111111111111,0.6632376999987173
NBaIoT_MixedDevice_9Sources_Balanced,Cumulative_Extreme,IID,51,FedAvg,0.9975055419213195,0.0021555555555555555,0.44474213540001073,0.0,0.9972222213648831,0.0044444444444444444,0.3169810850013164
NBaIoT_MixedDevice_9Sources_Balanced,Cumulative_Extreme,IID,51,Krum,0.9956832874805377,0.0013555555555555556,0.4468670387099883,0.0,0.9972222007885864,0.0,0.35523529999954917
NBaIoT_MixedDevice_9Sources_Balanced,Cumulative_Extreme,IID,52,Adaptive_FixedCircuitBreaker,0.9985722214317531,0.0013,0.44908933623006303,0.67,0.9988888888888889,0.0011111111111111111,0.3187675050012331
NBaIoT_MixedDevice_9Sources_Balanced,Cumulative_Extreme,IID,52,Adaptive_NoAdaptiveWeighting,0.9989722213082962,0.00046666666666666666,0.4501659125699916,0.0,0.9994444442729766,0.0,0.3348374850011169
NBaIoT_MixedDevice_9Sources_Balanced,Cumulative_Extreme,IID,52,Adaptive_NoCircuitBreaker,0.9986999991152234,0.0008111111111111111,0.4523413801000242,0.0,0.9988888875171451,0.0,0.32988189199932094
NBaIoT_MixedDevice_9Sources_Balanced,Cumulative_Extreme,IID,52,Adaptive_NoTemporalMemory,0.9985722214317531,0.0012444444444444445,0.45057817050992527,0.0,0.9988888888888889,0.0,0.3261532270007592
NBaIoT_MixedDevice_9Sources_Balanced,Cumulative_Extreme,IID,52,Adaptive_Ultimate,0.9985722214317531,0.0011333333333333332,0.4494651534999139,0.0,0.9988888888888889,0.0,0.32265616099903127
NBaIoT_MixedDevice_9Sources_Balanced,Cumulative_Extreme,IID,52,FLAME,0.9985888879389502,0.0013777777777777777,0.4229396657300276,0.0,0.9988888888888889,0.0011111111111111111,1.3067133159984223
NBaIoT_MixedDevice_9Sources_Balanced,Cumulative_Extreme,IID,52,FLTrust,0.9987444435871028,0.0007333333333333333,0.44510565226986726,0.0,0.9988888875171451,0.0,0.32874191500013694
NBaIoT_MixedDevice_9Sources_Balanced,Cumulative_Extreme,IID,52,FedAvg,0.9981777757647393,0.0024,0.4487630388699836,0.0,0.9972222145061513,0.0077777777777777776,0.3159427680002409
NBaIoT_MixedDevice_9Sources_Balanced,Cumulative_Extreme,IID,52,Krum,0.9988055543261293,0.0004,0.45133094293993054,0.0,0.9994444442729766,0.0,0.32142641199970967
NBaIoT_MixedDevice_9Sources_Balanced,Cumulative_Extreme,NonIID_Dirichlet,43,Adaptive_FixedCircuitBreaker,0.9939885269717282,0.004511111111111112,0.432763781510057,0.0,0.9944444170094667,0.0033333333333333335,0.31776677900052164
NBaIoT_MixedDevice_9Sources_Balanced,Cumulative_Extreme,NonIID_Dirichlet,43,Adaptive_NoAdaptiveWeighting,0.9938662629382232,0.004511111111111112,0.40017175149005196,0.0,0.9944443827153635,0.0022222222222222222,1.5439224910005578
NBaIoT_MixedDevice_9Sources_Balanced,Cumulative_Extreme,NonIID_Dirichlet,43,Adaptive_NoCircuitBreaker,0.9939885269717282,0.004511111111111112,0.41051746608998657,0.0,0.9944444170094667,0.0033333333333333335,0.32439572400107863
NBaIoT_MixedDevice_9Sources_Balanced,Cumulative_Extreme,NonIID_Dirichlet,43,Adaptive_NoTemporalMemory,0.9940330927190921,0.004433333333333333,0.42626826458999856,0.0,0.9944444170094667,0.0033333333333333335,0.2947719010007859
NBaIoT_MixedDevice_9Sources_Balanced,Cumulative_Extreme,NonIID_Dirichlet,43,Adaptive_Ultimate,0.9939885269717282,0.004511111111111112,0.39363542278009844,0.0,0.9944444170094667,0.0033333333333333335,0.3640585329994792
NBaIoT_MixedDevice_9Sources_Balanced,Cumulative_Extreme,NonIID_Dirichlet,43,FLAME,0.9476731727409031,0.012122222222222223,0.4363256574900333,0.0,0.9949999984567897,0.0044444444444444444,0.29391752400078985
NBaIoT_MixedDevice_9Sources_Balanced,Cumulative_Extreme,NonIID_Dirichlet,43,FLTrust,0.9940553154831564,0.004433333333333333,0.4293124920899936,0.0,0.9944444170094667,0.0033333333333333335,0.3019205550008337
NBaIoT_MixedDevice_9Sources_Balanced,Cumulative_Extreme,NonIID_Dirichlet,43,FedAvg,0.9956999180143765,0.0031666666666666666,0.436286177420061,0.0,0.9977777750342902,0.0011111111111111111,0.3021292559988069
NBaIoT_MixedDevice_9Sources_Balanced,Cumulative_Extreme,NonIID_Dirichlet,43,Krum,0.8929680977245489,0.012022222222222222,0.3935940152399235,0.0,0.9938888417348899,0.0033333333333333335,0.36061622299894225
NBaIoT_MixedDevice_9Sources_Balanced,Cumulative_Extreme,NonIID_Dirichlet,44,Adaptive_FixedCircuitBreaker,0.9966611064488944,0.0022333333333333333,0.4493663618499522,0.79,0.9966666625514352,0.0022222222222222222,0.31502206200093497
NBaIoT_MixedDevice_9Sources_Balanced,Cumulative_Extreme,NonIID_Dirichlet,44,Adaptive_NoAdaptiveWeighting,0.996988885788746,0.0021888888888888887,0.44587645443993096,0.0,0.9972222213648831,0.0022222222222222222,0.31498286399983044
NBaIoT_MixedDevice_9Sources_Balanced,Cumulative_Extreme,NonIID_Dirichlet,44,Adaptive_NoCircuitBreaker,0.9961611015483135,0.0026111111111111114,0.4198832995400881,0.0,0.9955555336075734,0.0022222222222222222,1.4552021870003955
NBaIoT_MixedDevice_9Sources_Balanced,Cumulative_Extreme,NonIID_Dirichlet,44,Adaptive_NoTemporalMemory,0.9963999974074027,0.0029444444444444444,0.4437638425698969,0.0,0.9966666625514352,0.0022222222222222222,0.3084433199983323
NBaIoT_MixedDevice_9Sources_Balanced,Cumulative_Extreme,NonIID_Dirichlet,44,Adaptive_Ultimate,0.9963944420456059,0.0029888888888888895,0.43110192793998064,0.0,0.9961111099108364,0.0033333333333333335,0.3146205609991739
NBaIoT_MixedDevice_9Sources_Balanced,Cumulative_Extreme,NonIID_Dirichlet,44,FLAME,0.9968111056824235,0.002111111111111111,0.4399603144201501,0.0,0.9966666625514352,0.0022222222222222222,0.3524327720006113
NBaIoT_MixedDevice_9Sources_Balanced,Cumulative_Extreme,NonIID_Dirichlet,44,FLTrust,0.996366656814089,0.0024222222222222223,0.41293041253997215,0.0,0.9955555336075734,0.0022222222222222222,1.4666345429996
NBaIoT_MixedDevice_9Sources_Balanced,Cumulative_Extreme,NonIID_Dirichlet,44,FedAvg,0.9973333321296245,0.0023555555555555556,0.43734348890993713,0.0,0.9977777777777778,0.0022222222222222222,0.3480462309998984
NBaIoT_MixedDevice_9Sources_Balanced,Cumulative_Extreme,NonIID_Dirichlet,44,Krum,0.9923162283089926,0.002033333333333333,0.4404728479199184,0.0,0.9888877776666556,0.0022222222222222222,0.3855819499985955
NBaIoT_MixedDevice_9Sources_Balanced,Cumulative_Extreme,NonIID_Dirichlet,45,Adaptive_FixedCircuitBreaker,0.9953805974360445,0.006644444444444444,0.4304054704799637,0.0,0.9972222213648831,0.0033333333333333335,0.3052719990009791
NBaIoT_MixedDevice_9Sources_Balanced,Cumulative_Extreme,NonIID_Dirichlet,45,Adaptive_NoAdaptiveWeighting,0.9951096308598362,0.007188888888888889,0.3927519028599818,0.0,0.9972222213648831,0.0033333333333333335,0.2989817489997222
NBaIoT_MixedDevice_9Sources_Balanced,Cumulative_Extreme,NonIID_Dirichlet,45,Adaptive_NoCircuitBreaker,0.9953805974360445,0.006644444444444444,0.4284101347699834,0.0,0.9972222213648831,0.0033333333333333335,0.33968057699894416
NBaIoT_MixedDevice_9Sources_Balanced,Cumulative_Extreme,NonIID_Dirichlet,45,Adaptive_NoTemporalMemory,0.9955493113619528,0.006244444444444445,0.42690701817011356,0.0,0.9972222213648831,0.0033333333333333335,0.8829050340009417
NBaIoT_MixedDevice_9Sources_Balanced,Cumulative_Extreme,NonIID_Dirichlet,45,Adaptive_Ultimate,0.9953805974360445,0.006644444444444444,0.41145023614006276,0.0,0.9972222213648831,0.0033333333333333335,0.296192035999411
NBaIoT_MixedDevice_9Sources_Balanced,Cumulative_Extreme,NonIID_Dirichlet,45,FLAME,0.9977333289161902,0.002277777777777778,0.4325625236899214,0.0,0.9972222213648831,0.0033333333333333335,0.29284860900042986
NBaIoT_MixedDevice_9Sources_Balanced,Cumulative_Extreme,NonIID_Dirichlet,45,FLTrust,0.9955493113619528,0.006266666666666667,0.40617019472998434,0.0,0.9972222213648831,0.0033333333333333335,0.841941474000123
NBaIoT_MixedDevice_9Sources_Balanced,Cumulative_Extreme,NonIID_Dirichlet,45,FedAvg,0.9978333318964167,0.002,0.3930710301100044,0.0,0.9977777777777778,0.0022222222222222222,0.38824362300147186
NBaIoT_MixedDevice_9Sources_Balanced,Cumulative_Extreme,NonIID_Dirichlet,45,Krum,0.9930819832569717,0.011833333333333333,0.43233641120003086,0.0,0.9938887964663663,0.012222222222222223,0.33523289599907
NBaIoT_MixedDevice_9Sources_Balanced,Cumulative_Extreme,NonIID_Dirichlet,46,Adaptive_FixedCircuitBreaker,0.9951839157638932,0.001988888888888889,0.3930142742200042,0.78,0.9977777777777778,0.0022222222222222222,0.3403908780001075
NBaIoT_MixedDevice_9Sources_Balanced,Cumulative_Extreme,NonIID_Dirichlet,46,Adaptive_NoAdaptiveWeighting,0.9924081084905408,0.0024555555555555554,0.42898141328001654,0.0,0.9972222213648831,0.0033333333333333335,0.30220904300040274
NBaIoT_MixedDevice_9Sources_Balanced,Cumulative_Extreme,NonIID_Dirichlet,46,Adaptive_NoCircuitBreaker,0.9949061372076513,0.0018555555555555556,0.3868603137300488,0.0,0.9977777750342902,0.0011111111111111111,0.29734086700045737
NBaIoT_MixedDevice_9Sources_Balanced,Cumulative_Extreme,NonIID_Dirichlet,46,Adaptive_NoTemporalMemory,0.9951826863814226,0.0026111111111111114,0.4302120389199445,0.0,0.9972222213648831,0.0022222222222222222,0.3086645220009814
NBaIoT_MixedDevice_9Sources_Balanced,Cumulative_Extreme,NonIID_Dirichlet,46,Adaptive_Ultimate,0.9947950264463347,0.0021222222222222224,0.43376298080997006,0.0,0.9972222213648831,0.0022222222222222222,0.30616691899922444
NBaIoT_MixedDevice_9Sources_Balanced,Cumulative_Extreme,NonIID_Dirichlet,46,FLAME,0.9965222403163613,0.0019111111111111113,0.4010715232099756,0.0,0.9972222213648831,0.0022222222222222222,0.2988199119990895
NBaIoT_MixedDevice_9Sources_Balanced,Cumulative_Extreme,NonIID_Dirichlet,46,FLTrust,0.9953160186687998,0.002188888888888889,0.42956484533999173,0.0,0.9972222145061513,0.0011111111111111111,0.30000701599965396
NBaIoT_MixedDevice_9Sources_Balanced,Cumulative_Extreme,NonIID_Dirichlet,46,FedAvg,0.9977722210270862,0.0017222222222222222,0.428715000839984,0.0,0.9994444442729766,0.0011111111111111111,0.32964296200043464
NBaIoT_MixedDevice_9Sources_Balanced,Cumulative_Extreme,NonIID_Dirichlet,46,Krum,0.5434987109145853,0.0012222222222222222,0.4203489655700105,0.0,0.49731374937499784,0.0011111111111111111,1.5107461090010474
NBaIoT_MixedDevice_9Sources_Balanced,Cumulative_Extreme,NonIID_Dirichlet,47,Adaptive_FixedCircuitBreaker,0.9989277766203609,0.0012666666666666668,0.4186356134799462,0.0,0.9983333328189299,0.0011111111111111111,0.31448477300000377
NBaIoT_MixedDevice_9Sources_Balanced,Cumulative_Extreme,NonIID_Dirichlet,47,Adaptive_NoAdaptiveWeighting,0.9990888879423813,0.0012666666666666668,0.4394541065998965,0.0,0.9988888888888889,0.0011111111111111111,0.35051100899909216
NBaIoT_MixedDevice_9Sources_Balanced,Cumulative_Extreme,NonIID_Dirichlet,47,Adaptive_NoCircuitBreaker,0.9989277766203609,0.0012666666666666668,0.43829779989993767,0.0,0.9983333328189299,0.0011111111111111111,0.34666627800106653
NBaIoT_MixedDevice_9Sources_Balanced,Cumulative_Extreme,NonIID_Dirichlet,47,Adaptive_NoTemporalMemory,0.9989277753411976,0.0011888888888888889,0.44529519300000175,0.0,0.9977777750342902,0.0011111111111111111,0.32983459899878653
NBaIoT_MixedDevice_9Sources_Balanced,Cumulative_Extreme,NonIID_Dirichlet,47,Adaptive_Ultimate,0.9989277766203609,0.0012666666666666668,0.4217370230499182,0.0,0.9983333328189299,0.0011111111111111111,1.03569238000091
NBaIoT_MixedDevice_9Sources_Balanced,Cumulative_Extreme,NonIID_Dirichlet,47,FLAME,0.9989888847221529,0.0011555555555555555,0.44239176403987585,0.0,0.9988888888888889,0.0011111111111111111,0.337625942998784
NBaIoT_MixedDevice_9Sources_Balanced,Cumulative_Extreme,NonIID_Dirichlet,47,FLTrust,0.9989499976114309,0.0011888888888888889,0.44009874606990707,0.0,0.9977777750342902,0.0011111111111111111,0.33931283300080395
NBaIoT_MixedDevice_9Sources_Balanced,Cumulative_Extreme,NonIID_Dirichlet,47,FedAvg,0.9990722209516361,0.0012666666666666668,0.4043319803200029,0.0,0.9983333328189299,0.0022222222222222222,0.32761507000032
NBaIoT_MixedDevice_9Sources_Balanced,Cumulative_Extreme,NonIID_Dirichlet,47,Krum,0.995394427532418,0.0051,0.4414906868198159,0.0,0.9949999861110725,0.0033333333333333335,0.33569078000073205
NBaIoT_MixedDevice_9Sources_Balanced,Cumulative_Extreme,NonIID_Dirichlet,48,Adaptive_FixedCircuitBreaker,0.9958777707406385,0.003811111111111111,0.44919396688001145,0.0,0.9972222213648831,0.0033333333333333335,0.34502328500093427
NBaIoT_MixedDevice_9Sources_Balanced,Cumulative_Extreme,NonIID_Dirichlet,48,Adaptive_NoAdaptiveWeighting,0.9959611030125811,0.0036444444444444445,0.45415713768003113,0.0,0.9977777750342902,0.0011111111111111111,0.3091274660000636
NBaIoT_MixedDevice_9Sources_Balanced,Cumulative_Extreme,NonIID_Dirichlet,48,Adaptive_NoCircuitBreaker,0.9958777707406385,0.003811111111111111,0.44603289459000733,0.0,0.9972222213648831,0.0033333333333333335,0.34865842799990787
NBaIoT_MixedDevice_9Sources_Balanced,Cumulative_Extreme,NonIID_Dirichlet,48,Adaptive_NoTemporalMemory,0.9958833277211129,0.003766666666666667,0.45519563885000025,0.0,0.9966666666666667,0.0033333333333333335,0.3369508590003534
NBaIoT_MixedDevice_9Sources_Balanced,Cumulative_Extreme,NonIID_Dirichlet,48,Adaptive_Ultimate,0.9958777707406385,0.003811111111111111,0.4348960622201048,0.0,0.9972222213648831,0.0033333333333333335,0.3430250560013519
NBaIoT_MixedDevice_9Sources_Balanced,Cumulative_Extreme,NonIID_Dirichlet,48,FLAME,0.9957944315241737,0.003944444444444444,0.4541201824499331,0.0,0.9972222145061513,0.0011111111111111111,0.38436745000035444
NBaIoT_MixedDevice_9Sources_Balanced,Cumulative_Extreme,NonIID_Dirichlet,48,FLTrust,0.9958833277211129,0.003766666666666667,0.43055404313003237,0.0,0.9966666666666667,0.0033333333333333335,0.9971918880000885
NBaIoT_MixedDevice_9Sources_Balanced,Cumulative_Extreme,NonIID_Dirichlet,48,FedAvg,0.9920495445374451,0.01928888888888889,0.4491871570699732,0.0,0.9838862579723665,0.07,0.34656969599927834
NBaIoT_MixedDevice_9Sources_Balanced,Cumulative_Extreme,NonIID_Dirichlet,48,Krum,0.9865324099040856,0.0217,0.4493821038198803,0.0,0.9833316664999834,0.02666666666666667,0.32769284499954665
NBaIoT_MixedDevice_9Sources_Balanced,Cumulative_Extreme,NonIID_Dirichlet,49,Adaptive_FixedCircuitBreaker,0.9971331796343186,0.0004666666666666666,0.4659317276398724,0.0,0.9983333287036908,0.0,0.35318328399807797
NBaIoT_MixedDevice_9Sources_Balanced,Cumulative_Extreme,NonIID_Dirichlet,49,Adaptive_NoAdaptiveWeighting,0.9968886188600181,0.0004666666666666666,0.4572591539597488,0.0,0.9983333287036908,0.0,0.3311330380020081
NBaIoT_MixedDevice_9Sources_Balanced,Cumulative_Extreme,NonIID_Dirichlet,49,Adaptive_NoCircuitBreaker,0.9971331796343186,0.0004666666666666666,0.4650302312401618,0.0,0.9983333287036908,0.0,0.3580647360031435
NBaIoT_MixedDevice_9Sources_Balanced,Cumulative_Extreme,NonIID_Dirichlet,49,Adaptive_NoTemporalMemory,0.9971559154460965,0.0004666666666666666,0.46189089260005856,0.0,0.9983333287036908,0.0,0.3579041140001209
NBaIoT_MixedDevice_9Sources_Balanced,Cumulative_Extreme,NonIID_Dirichlet,49,Adaptive_Ultimate,0.9971331796343186,0.0004666666666666666,0.46683349111997813,0.0,0.9983333287036908,0.0,0.32896032099961303
NBaIoT_MixedDevice_9Sources_Balanced,Cumulative_Extreme,NonIID_Dirichlet,49,FLAME,0.9907417946161334,0.0038222222222222225,0.4683422697099377,0.0,0.9977777668037867,0.0,0.33202203499968164
NBaIoT_MixedDevice_9Sources_Balanced,Cumulative_Extreme,NonIID_Dirichlet,49,FLTrust,0.9971670266840945,0.0004666666666666666,0.4665866813100365,0.0,0.9983333287036908,0.0,0.3731606479996117
NBaIoT_MixedDevice_9Sources_Balanced,Cumulative_Extreme,NonIID_Dirichlet,49,FedAvg,0.9803616430884893,0.32916666666666666,0.46186469998005125,0.0,0.888131543812803,0.9988888888888889,0.3277399329999753
NBaIoT_MixedDevice_9Sources_Balanced,Cumulative_Extreme,NonIID_Dirichlet,49,Krum,0.9842382174022873,0.003911111111111112,0.4644608421399062,0.0,0.9916660879227724,0.0,0.33238792499832925
NBaIoT_MixedDevice_9Sources_Balanced,Cumulative_Extreme,NonIID_Dirichlet,50,Adaptive_FixedCircuitBreaker,0.992740037226161,0.006511111111111112,0.45968381146001774,0.0,0.9949999243815725,0.0011111111111111111,0.3310566039981495
NBaIoT_MixedDevice_9Sources_Balanced,Cumulative_Extreme,NonIID_Dirichlet,50,Adaptive_NoAdaptiveWeighting,0.9936835576045904,0.006477777777777778,0.4625196418100313,0.0,0.99666665020568,0.0011111111111111111,0.3352292989984562
NBaIoT_MixedDevice_9Sources_Balanced,Cumulative_Extreme,NonIID_Dirichlet,50,Adaptive_NoCircuitBreaker,0.992740037226161,0.006511111111111112,0.4591929502199491,0.0,0.9949999243815725,0.0011111111111111111,0.3741955349978525
NBaIoT_MixedDevice_9Sources_Balanced,Cumulative_Extreme,NonIID_Dirichlet,50,Adaptive_NoTemporalMemory,0.9929710770153648,0.006155555555555556,0.4592882705301599,0.0,0.9949999243815725,0.0011111111111111111,0.33146510100050364
NBaIoT_MixedDevice_9Sources_Balanced,Cumulative_Extreme,NonIID_Dirichlet,50,Adaptive_Ultimate,0.992740037226161,0.006511111111111112,0.46047655897997175,0.0,0.9949999243815725,0.0011111111111111111,0.3256470279993664
NBaIoT_MixedDevice_9Sources_Balanced,Cumulative_Extreme,NonIID_Dirichlet,50,FLAME,0.989723179701703,0.011155555555555556,0.45652559010017285,0.0,0.9911111111111112,0.008888888888888889,0.3317668899981072
NBaIoT_MixedDevice_9Sources_Balanced,Cumulative_Extreme,NonIID_Dirichlet,50,FLTrust,0.9930821934009378,0.006166666666666667,0.46231933201972425,0.0,0.9955555061722908,0.0011111111111111111,0.3234290990003501
NBaIoT_MixedDevice_9Sources_Balanced,Cumulative_Extreme,NonIID_Dirichlet,50,FedAvg,0.9893660281593057,0.2754,0.45436344326004474,0.0,0.9335986699894199,1.0,0.3247518290008884
NBaIoT_MixedDevice_9Sources_Balanced,Cumulative_Extreme,NonIID_Dirichlet,50,Krum,0.963253701015711,0.061177777777777775,0.45597287806001985,0.0,0.9799984196282175,0.028888888888888888,0.3575706839983468
NBaIoT_MixedDevice_9Sources_Balanced,Cumulative_Extreme,NonIID_Dirichlet,51,Adaptive_FixedCircuitBreaker,0.9964777348433758,0.0017777777777777779,0.4292743446702298,0.05,0.9977777750342902,0.0011111111111111111,0.31098996400032775
NBaIoT_MixedDevice_9Sources_Balanced,Cumulative_Extreme,NonIID_Dirichlet,51,Adaptive_NoAdaptiveWeighting,0.9963832898384979,0.0017666666666666666,0.4039025625899012,0.0,0.9977777750342902,0.0011111111111111111,0.5442642769994563
NBaIoT_MixedDevice_9Sources_Balanced,Cumulative_Extreme,NonIID_Dirichlet,51,Adaptive_NoCircuitBreaker,0.9965221798365202,0.0017777777777777779,0.40470596358001787,0.0,0.9977777750342902,0.0011111111111111111,0.3352043849990878
NBaIoT_MixedDevice_9Sources_Balanced,Cumulative_Extreme,NonIID_Dirichlet,51,Adaptive_NoTemporalMemory,0.9965666343121685,0.0017666666666666666,0.42752257774998725,0.0,0.9977777750342902,0.0011111111111111111,0.3119022770006268
NBaIoT_MixedDevice_9Sources_Balanced,Cumulative_Extreme,NonIID_Dirichlet,51,Adaptive_Ultimate,0.9965055129829526,0.0017777777777777779,0.3901741939703425,0.0,0.9977777750342902,0.0011111111111111111,0.3828814290027367
NBaIoT_MixedDevice_9Sources_Balanced,Cumulative_Extreme,NonIID_Dirichlet,51,FLAME,0.9946691302197311,0.006,0.43270395173985887,0.0,0.9977777750342902,0.0011111111111111111,0.29592733699973905
NBaIoT_MixedDevice_9Sources_Balanced,Cumulative_Extreme,NonIID_Dirichlet,51,FLTrust,0.9965555230261591,0.0017666666666666666,0.42674969660005446,0.0,0.9977777750342902,0.0011111111111111111,0.3199501710005279
NBaIoT_MixedDevice_9Sources_Balanced,Cumulative_Extreme,NonIID_Dirichlet,51,FedAvg,0.9974333175679572,0.0015222222222222223,0.42557006900005945,0.0,0.9977777750342902,0.0011111111111111111,0.2981176819994289
NBaIoT_MixedDevice_9Sources_Balanced,Cumulative_Extreme,NonIID_Dirichlet,51,Krum,0.9832548113803514,0.020388888888888887,0.39158549043990204,0.0,0.9911111001371606,0.006666666666666667,0.33692889799931436
NBaIoT_MixedDevice_9Sources_Balanced,Cumulative_Extreme,NonIID_Dirichlet,52,Adaptive_FixedCircuitBreaker,0.9967611092061012,0.002577777777777778,0.44214886182988267,0.0,0.9972222213648831,0.0022222222222222222,0.31392666600004304
NBaIoT_MixedDevice_9Sources_Balanced,Cumulative_Extreme,NonIID_Dirichlet,52,Adaptive_NoAdaptiveWeighting,0.9976555540912179,0.0021444444444444445,0.44105192862993137,0.0,0.9977777777777778,0.0022222222222222222,0.33681646500190254
NBaIoT_MixedDevice_9Sources_Balanced,Cumulative_Extreme,NonIID_Dirichlet,52,Adaptive_NoCircuitBreaker,0.9967611092061012,0.002577777777777778,0.46273015242000837,0.0,0.9972222213648831,0.0022222222222222222,0.37458111999876564
NBaIoT_MixedDevice_9Sources_Balanced,Cumulative_Extreme,NonIID_Dirichlet,52,Adaptive_NoTemporalMemory,0.9968166647205046,0.0025666666666666667,0.4409317165800894,0.0,0.9972222213648831,0.0022222222222222222,0.32149813900105073
NBaIoT_MixedDevice_9Sources_Balanced,Cumulative_Extreme,NonIID_Dirichlet,52,Adaptive_Ultimate,0.9967611092061012,0.002577777777777778,0.4146647433801263,0.0,0.9972222213648831,0.0022222222222222222,0.31103588200130616
NBaIoT_MixedDevice_9Sources_Balanced,Cumulative_Extreme,NonIID_Dirichlet,52,FLAME,0.9975833287019377,0.002888888888888889,0.4419145298402145,0.0,0.9977777750342902,0.0022222222222222222,0.35308399900168297
NBaIoT_MixedDevice_9Sources_Balanced,Cumulative_Extreme,NonIID_Dirichlet,52,FLTrust,0.9968833311505453,0.0025666666666666667,0.42466792491031813,0.0,0.9972222213648831,0.0022222222222222222,1.022876527000335
NBaIoT_MixedDevice_9Sources_Balanced,Cumulative_Extreme,NonIID_Dirichlet,52,FedAvg,0.9987555539060277,0.0009666666666666667,0.44159137901002393,0.0,0.9983333328189299,0.0022222222222222222,0.3242318289994728
NBaIoT_MixedDevice_9Sources_Balanced,Cumulative_Extreme,NonIID_Dirichlet,52,Krum,0.9917254330374106,0.004022222222222222,0.4436368425800902,0.0,0.9938888417348899,0.0044444444444444444,0.3408067349992052
