iat_ms,temperature,humidity,pressure,rssi,topic_iot/card,topic_sensores/camera,iat_sec,msg_rate_per_sec,log_iat_ms,is_fast_message,is_very_fast_message,is_slow_message,temp_humidity_ratio,temp_humidity_product,pressure_temp_ratio,rssi_abs,topic_card_only,topic_camera_only,rate_signal_interaction,rate_topic_interaction,Label,label
44.9,32.13,56.43,1016.2,-34.0,1,0,0.044899999999999995,22.27171492155297,3.8264651170664994,1,1,0,0.569377990420532,1813.0959,31.627762215013142,34.0,1,0,757.238307332801,44.54342984310594,1,flood
56.9,36.13,52.42,1019.3,-33.0,1,0,0.0569,17.57469244257338,4.05871738457895,1,1,0,0.6892407477930325,1893.9346000000003,28.212012177464377,33.0,1,0,579.9648506049215,35.14938488514676,1,flood
49.8,32.38,57.19,1018.6,-34.0,1,0,0.0498,20.080321284737344,3.927896354584436,1,1,0,0.5661828990983357,1851.8122,31.457689931085312,34.0,1,0,682.7309236810697,40.16064256947469,1,flood
4014.7,34.76,56.27,1019.7,-32.0,1,0,4.0146999999999995,0.24908461404332852,8.297966957386073,0,0,1,0.6177359161077353,1955.9451999999999,29.335443037130748,32.0,1,0,7.9707076493865125,0.49816922808665703,0,benign
52.9,25.26,49.99,1015.9,-31.0,1,0,0.052899999999999996,18.903591682062316,3.9871304779149517,1,1,0,0.5053010602019344,1262.7474000000002,40.21773554868496,31.0,1,0,586.0113421439318,37.80718336412463,1,flood
75.2,36.73,51.24,1018.4,-33.0,1,0,0.0752,13.297872340248697,4.333361462692601,1,1,0,0.7168227946776576,1882.0452,27.72665396058463,33.0,1,0,438.829787228207,26.595744680497393,1,flood
49.9,36.09,51.93,1018.7,-34.0,1,0,0.0499,20.04008015991904,3.929862923556477,1,1,0,0.6949740034528217,1874.1537,28.226655582481946,34.0,1,0,681.3627254372474,40.08016031983808,1,flood
49.6,24.89,58.93,1015.0,-33.0,1,0,0.0496,20.161290322174167,3.92395157629342,1,1,0,0.42236551840450764,1466.7677,40.779429488116534,33.0,1,0,665.3225806317475,40.322580644348335,1,flood
64.0,25.1,56.62,1014.9,-34.0,1,0,0.064,15.62499999975586,4.174387269895637,1,1,0,0.443306252199871,1421.162,40.43426294659624,34.0,1,0,531.2499999916993,31.24999999951172,1,flood
4005.2,35.13,55.63,1019.5,-25.0,1,0,4.005199999999999,0.24967542195140077,8.295598440091878,0,0,1,0.6314937982989126,1954.2819000000002,29.020779959321924,25.0,1,0,6.241885548785019,0.49935084390280154,0,benign
70.9,36.03,49.58,1019.2,-34.0,1,0,0.0709,14.104372355231249,4.275276264727001,1,1,0,0.7267043162418979,1786.3674,28.287538161857135,34.0,1,0,479.54866007786245,28.208744710462497,1,flood
51.2,29.13,58.42,1014.1,-35.0,1,0,0.0512,19.53124999961853,3.955082494888593,1,1,0,0.4986306059483288,1701.7746,34.81290765414305,35.0,1,0,683.5937499866486,39.06249999923706,1,flood
71.0,23.45,58.56,1015.2,-34.0,1,0,0.071,14.084507042055147,4.276666119016055,1,1,0,0.4004439890642001,1373.232,43.292110872354286,34.0,1,0,478.873239429875,28.169014084110295,1,flood
62.1,28.93,59.66,1014.0,-34.0,1,0,0.0621,16.103059581061142,4.144720769547168,1,1,0,0.484914515580206,1725.9638,35.05012098046837,34.0,1,0,547.5040257560788,32.206119162122285,1,flood
51.8,36.23,52.79,1019.1,-33.0,1,0,0.0518,19.305019304646624,3.966511190712216,1,1,0,0.6863042242719017,1912.5816999999997,28.12862268760341,33.0,1,0,637.0656370533386,38.61003860929325,1,flood
50.4,36.06,53.33,1019.4,-34.0,1,0,0.0504,19.841269840876166,3.9396381724611196,1,1,0,0.6761672604410995,1923.0798,28.269550747968122,34.0,1,0,674.6031745897897,39.68253968175233,1,flood
53.1,24.69,57.7,1014.9,-34.0,1,0,0.0531,18.832391713392987,3.9908341858524357,1,1,0,0.4279029462664142,1424.613,41.1057108124299,34.0,1,0,640.3013182553616,37.664783426785974,1,flood
49.8,36.1,49.53,1018.0,-34.0,1,0,0.0498,20.080321284737344,3.927896354584436,1,1,0,0.7288512012774309,1788.0330000000001,28.199445982598355,34.0,1,0,682.7309236810697,40.16064256947469,1,flood
43.6,23.6,62.22,1015.5,-33.0,1,0,0.0436,22.93577981598771,3.7977338590260183,1,1,0,0.37929926068178565,1468.392,43.02966101512586,33.0,1,0,756.8807339275945,45.87155963197542,1,flood
3992.9,35.34,54.75,1019.4,-26.0,1,0,3.9929,0.2504445390567631,8.29252347610598,0,0,1,0.645479452043005,1934.8650000000002,28.845500848080206,26.0,1,0,6.511558015475841,0.5008890781135262,0,benign
50.2,32.99,55.16,1016.8,-35.0,1,0,0.0502,19.92031872470278,3.9357395320454622,1,1,0,0.5980783176106224,1819.7284,30.8214610478684,35.0,1,0,697.2111553645973,39.84063744940556,1,flood
3956.4,35.43,55.56,1019.1,-30.0,1,0,3.9564,0.2527550298250296,8.283342522958339,0,0,1,0.637688984869732,1968.4908,28.76375952501373,30.0,1,0,7.582650894750889,0.5055100596500592,0,benign
52.8,35.15,54.79,1019.5,-34.0,1,0,0.0528,18.93939393903524,3.9852734671677386,1,1,0,0.6415404270735254,1925.8684999999998,29.004267424494905,34.0,1,0,643.9393939271982,37.87878787807048,1,flood
52.8,25.45,49.83,1015.9,-31.0,1,0,0.0528,18.93939393903524,3.9852734671677386,1,1,0,0.510736504103738,1268.1734999999999,39.91748526365747,31.0,1,0,587.1212121100925,37.87878787807048,1,flood
67.8,24.05,59.54,1017.0,-34.0,1,0,0.0678,14.749262536655616,4.231203744939298,1,1,0,0.4039301309975827,1431.9370000000001,42.286902285143995,34.0,1,0,501.4749262462909,29.49852507331123,1,flood
63.7,24.24,54.66,1016.0,-32.0,1,0,0.0637,15.698587126912111,4.169761201506855,1,1,0,0.44346871568892304,1324.9583999999998,41.91419141741278,32.0,1,0,502.35478806118755,31.397174253824222,1,flood
44.0,25.23,49.48,1015.8,-31.0,1,0,0.044,22.7272727267562,3.8066624897703196,1,1,0,0.509902991097213,1248.3804,40.26159333966462,31.0,1,0,704.5454545294423,45.4545454535124,1,flood
49.7,33.88,57.03,1019.5,-34.0,1,0,0.0497,20.120724345671615,3.9259259105971376,1,1,0,0.5940732947467285,1932.1764000000003,30.091499408793048,34.0,1,0,684.1046277528349,40.24144869134323,1,flood
50.2,27.18,56.4,1014.3,-34.0,1,0,0.0502,19.92031872470278,3.9357395320454622,1,1,0,0.4819148936084767,1532.952,37.317880793328996,34.0,1,0,677.2908366398946,39.84063744940556,1,flood
52.6,26.88,56.68,1014.6,-35.0,1,0,0.0526,19.011406843745032,3.9815490680767565,1,1,0,0.4742413549669329,1523.5584,37.74553571288149,35.0,1,0,665.3992395310761,38.022813687490064,1,flood
63.9,25.27,56.86,1014.6,-34.0,1,0,0.0639,15.649452268925675,4.1728476237100445,1,1,0,0.4444249032633763,1436.8522,40.15037593826077,34.0,1,0,532.081377143473,31.29890453785135,1,flood
4001.7,34.61,56.56,1019.6,-33.0,1,0,4.0017,0.2498937951370043,8.294724412391991,0,0,1,0.611916548786918,1957.5416,29.459693729284613,33.0,1,0,8.246495239521142,0.4997875902740086,0,benign
45.2,22.42,59.82,1015.2,-34.0,1,0,0.045200000000000004,22.12389380482027,3.832979798087693,1,1,0,0.37479103977975947,1341.1644000000001,45.28099910591967,34.0,1,0,752.2123893638892,44.24778760964054,1,flood
42.7,35.53,52.52,1019.1,-34.0,1,0,0.0427,23.41920374652414,3.7773481021015445,1,1,0,0.6765041888675456,1866.0356000000002,28.682803264039325,34.0,1,0,796.2529273818208,46.83840749304828,1,flood
180024.8,27.77,56.47,1015.9,-34.0,0,1,180.0248,0.005554790228901765,12.10085545293444,0,0,1,0.4917655392156585,1568.1719,36.58264313876188,34.0,0,1,0.18886286778266,0.01110958045780353,0,benign
4002.0,35.64,55.1,1019.2,-26.0,1,0,4.002,0.24987506246870317,8.294799358992574,0,0,1,0.6468239564310921,1963.7640000000001,28.59708192961288,26.0,1,0,6.496751624186283,0.49975012493740634,0,benign
81.4,28.9,57.29,1014.4,-33.0,1,0,0.0814,12.285012284861361,4.411585436915426,1,1,0,0.5044510385668625,1655.6809999999998,35.1003460195467,33.0,1,0,405.4054054004249,24.570024569722722,1,flood
49.8,38.0,49.81,1019.0,-35.0,1,0,0.0498,20.080321284737344,3.927896354584436,1,1,0,0.7628990162464787,1892.7800000000002,26.815789472978533,35.0,1,0,702.8112449658071,40.16064256947469,1,flood
45.0,35.25,58.48,1019.6,-35.0,1,0,0.045,22.222222221728398,3.828641396489095,1,1,0,0.60277017782827,2061.42,28.924822694214903,35.0,1,0,777.7777777604939,44.444444443456796,1,flood
4000.6,36.19,54.31,1019.4,-31.0,1,0,4.0005999999999995,0.2499625056240939,8.294449560123354,0,0,1,0.6663597863990727,1965.4789,28.168002209777068,31.0,1,0,7.748837674346911,0.4999250112481878,0,benign
2201.9,36.39,53.82,1019.2,-19.0,1,0,2.2019,0.45415323130003443,7.697529953125675,0,0,0,0.6761426978692653,1958.5098,28.00769442077473,19.0,1,0,8.628911394700655,0.9083064626000689,0,benign
4003.6,35.4,55.04,1019.4,-26.0,1,0,4.0036,0.2497752023178515,8.295198979358549,0,0,1,0.6431686046394773,1948.416,28.796610168678065,26.0,1,0,6.494155260264139,0.499550404635703,0,benign
52.5,25.48,53.4,1015.3,-32.0,1,0,0.0525,19.047619047256237,3.979681653901961,1,1,0,0.47715355804349907,1360.632,39.84693877394635,32.0,1,0,609.5238095121996,38.095238094512474,1,flood
42.6,28.48,57.93,1014.1,-35.0,1,0,0.0426,23.47417840320483,3.775057150354989,1,1,0,0.49162782667889476,1649.8464,35.60744381897446,35.0,1,0,821.5962441121691,46.94835680640966,1,flood
4005.2,35.11,56.55,1019.4,-32.0,1,0,4.005199999999999,0.24967542195140077,8.295598440091878,0,0,1,0.6208664898210281,1985.4705,29.034463115094436,32.0,1,0,7.989613502444825,0.49935084390280154,0,benign
52.6,22.98,59.37,1015.5,-34.0,1,0,0.0526,19.011406843745032,3.9815490680767565,1,1,0,0.3870641738186447,1364.3226,44.19060052027021,34.0,1,0,646.3878326873311,38.022813687490064,1,flood
44.7,27.46,57.9,1014.5,-35.0,1,0,0.044700000000000004,22.37136465274337,3.822098297900159,1,1,0,0.4742659758121889,1589.934,36.94464675757667,35.0,1,0,782.997762846018,44.74272930548674,1,flood
56.6,36.32,50.5,1018.0,-33.0,1,0,0.056600000000000004,17.667844522656047,4.053522567701846,1,1,0,0.7192079207778376,1834.16,28.02863436046177,33.0,1,0,583.0388692476496,35.335689045312094,1,flood
4001.5,35.9,55.18,1019.1,-31.0,1,0,4.0015,0.2499062851430089,8.29467444487087,0,0,1,0.6505980427573288,1980.962,28.387186628735737,31.0,1,0,7.7470948394332755,0.4998125702860178,0,benign
4006.8,34.95,56.68,1019.6,-33.0,1,0,4.0068,0.24957572127377217,8.295997741320043,0,0,1,0.616619618902318,1980.9660000000001,29.1731044340723,33.0,1,0,8.235998802034482,0.49915144254754434,0,benign
60.4,26.52,57.55,1014.7,-35.0,1,0,0.060399999999999995,16.55629139045437,4.117409835153096,1,1,0,0.4608166811388216,1526.2259999999999,38.26168928965831,35.0,1,0,579.4701986659029,33.11258278090874,1,flood
71.3,27.79,57.09,1014.5,-35.0,1,0,0.0713,14.025245441598523,4.280824129164719,1,1,0,0.48677526711356145,1586.5311000000002,36.50593738623584,35.0,1,0,490.8835904559483,28.050490883197046,1,flood
56.8,35.59,50.78,1018.4,-34.0,1,0,0.056799999999999996,17.605633802506944,4.056988775678332,1,1,0,0.7008664828534686,1807.2602000000002,28.614779431620825,34.0,1,0,598.591549285236,35.21126760501389,1,flood
9999000.0,36.36,53.48,1019.3,-26.0,1,0,9999.0,0.00010001000100009999,16.11799574596798,0,0,1,0.679880329082276,1944.5328,28.033553354564535,26.0,1,0,0.0026002600260025995,0.00020002000200019997,0,benign
4000.8,35.47,55.56,1019.2,-32.0,1,0,4.0008,0.24995000999793793,8.294499538882393,0,0,1,0.6384089272743266,1970.7132,28.734141527241782,32.0,1,0,7.998400319934014,0.49990001999587586,0,benign
51.8,24.07,54.34,1015.8,-32.0,1,0,0.0518,19.305019304646624,3.966511190712216,1,1,0,0.4429517850488967,1307.9638,42.20191109089315,32.0,1,0,617.760617748692,38.61003860929325,1,flood
3996.7,35.51,55.93,1019.0,-30.0,1,0,3.9966999999999997,0.2502064202966822,8.29347447472613,0,0,1,0.6349007688068139,1986.0742999999998,28.696141931042074,30.0,1,0,7.5061926089004665,0.5004128405933644,0,benign
52.8,31.79,58.59,1018.8,-34.0,1,0,0.0528,18.93939393903524,3.9852734671677386,1,1,0,0.5425840587038303,1862.5761,32.04781377690947,34.0,1,0,643.9393939271982,37.87878787807048,1,flood
57.4,24.1,59.04,1016.7,-33.0,1,0,0.0574,17.421602787152935,4.067315889834181,1,1,0,0.4081978319714059,1422.864,42.186721989950755,33.0,1,0,574.9128919760468,34.84320557430587,1,flood
3996.3,35.02,56.4,1019.5,-32.0,1,0,3.9963,0.25023146410423386,8.29337441218696,0,0,1,0.6209219858045937,1975.1280000000002,29.11193603571925,32.0,1,0,8.007406851335483,0.5004629282084677,0,benign
42.6,32.73,54.71,1016.7,-34.0,1,0,0.0426,23.47417840320483,3.775057150354989,1,1,0,0.5982452933540806,1790.6582999999998,31.063244728656798,34.0,1,0,798.1220657089643,46.94835680640966,1,flood
49.8,36.14,53.22,1019.2,-34.0,1,0,0.0498,20.080321284737344,3.927896354584436,1,1,0,0.6790680195287662,1923.3708,28.20143884814053,34.0,1,0,682.7309236810697,40.16064256947469,1,flood
64.1,24.68,55.06,1015.6,-33.0,1,0,0.06409999999999999,15.60062402471762,4.175924549214524,1,1,0,0.448238285498579,1358.8808000000001,41.15072933382696,33.0,1,0,514.8205928156815,31.20124804943524,1,flood
64.1,24.24,54.72,1015.5,-33.0,1,0,0.06409999999999999,15.60062402471762,4.175924549214524,1,1,0,0.44298245613225545,1326.4127999999998,41.893564354707365,33.0,1,0,514.8205928156815,31.20124804943524,1,flood
42.4,24.6,57.12,1015.0,-33.0,1,0,0.0424,23.584905659821114,3.770459441106359,1,1,0,0.4306722689000233,1405.152,41.26016259994877,33.0,1,0,778.3018867740967,47.16981131964223,1,flood
4004.6,36.05,54.79,1019.1,-31.0,1,0,4.0046,0.24971283024515564,8.295448661015735,0,0,1,0.6579667822475276,1975.1794999999997,28.269070734305995,31.0,1,0,7.741097737599825,0.4994256604903113,0,benign
4001.1,36.06,54.62,1019.2,-31.0,1,0,4.0011,0.24993126890098974,8.294574502337744,0,0,1,0.6601977297572282,1969.5972,28.26400443626556,31.0,1,0,7.747869335930682,0.4998625378019795,0,benign
4007.4,35.39,55.7,1019.5,-25.0,1,0,4.0074000000000005,0.24953835404495445,8.296147438184175,0,0,1,0.6353680430765644,1971.2230000000002,28.807572759852853,25.0,1,0,6.238458851123861,0.4990767080899089,0,benign
3995.3,35.77,55.2,1019.3,-31.0,1,0,3.9953000000000003,0.25029409556222304,8.293124212025527,0,0,1,0.6480072463650723,1974.5040000000004,28.49594632293833,31.0,1,0,7.759116962428914,0.5005881911244461,0,benign
45.7,36.77,53.2,1018.7,-19.0,1,0,0.045700000000000005,21.881838073919436,3.8437441646748516,1,1,0,0.6911654135208428,1956.1640000000002,27.704650529570177,19.0,1,0,415.7549234044693,43.76367614783887,1,flood
3995.3,35.57,54.46,1019.4,-26.0,1,0,3.9953000000000003,0.25029409556222304,8.293124212025527,0,0,1,0.6531399191947642,1937.1422,28.658982287639613,26.0,1,0,6.5076464846177995,0.5005881911244461,0,benign
52.9,22.79,59.58,1015.6,-34.0,1,0,0.052899999999999996,18.903591682062316,3.9871304779149517,1,1,0,0.38251090969482193,1357.8282,44.563405000238554,34.0,1,0,642.7221171901188,37.80718336412463,1,flood
51.1,22.85,59.72,1015.7,-34.0,1,0,0.0511,19.56947162388318,3.9531649487593215,1,1,0,0.38261888813826833,1364.602,44.45076586238727,34.0,1,0,665.3620352120282,39.13894324776636,1,flood
42.7,24.66,54.27,1015.7,-32.0,1,0,0.0427,23.41920374652414,3.7773481021015445,1,1,0,0.4543946931922905,1338.2982000000002,41.18815896021135,32.0,1,0,749.4145198887725,46.83840749304828,1,flood
78.3,36.67,49.34,1018.8,-34.0,1,0,0.0783,12.7713920815738,4.373238128640803,1,1,0,0.7432103769610213,1809.2978000000003,27.782928823894657,34.0,1,0,434.2273307735092,25.5427841631476,1,flood
3994.1,36.19,54.2,1019.5,-31.0,1,0,3.9941,0.25036929470963415,8.292823889176208,0,0,1,0.6677121771094517,1961.498,28.17076540402955,31.0,1,0,7.761448135998658,0.5007385894192683,0,benign
49.8,28.04,59.92,1014.4,-35.0,1,0,0.0498,20.080321284737344,3.927896354584436,1,1,0,0.46795727636068163,1680.1568,36.1768901556285,35.0,1,0,702.8112449658071,40.16064256947469,1,flood
64.0,35.51,54.18,1020.3,-35.0,1,0,0.064,15.62499999975586,4.174387269895637,1,1,0,0.6554078995818493,1923.9317999999998,28.732751336842224,35.0,1,0,546.8749999914551,31.24999999951172,1,flood
58.7,34.02,57.42,1019.7,-34.0,1,0,0.0587,17.035775127478097,4.089332020398556,1,1,0,0.592476489017895,1953.4284000000002,29.97354497266392,34.0,1,0,579.2163543342552,34.07155025495619,1,flood
4467.6,35.35,55.57,1019.0,-32.0,1,0,4.4676,0.2238338257676999,8.404830439445385,0,0,1,0.636134604991252,1964.3995,28.82602545887338,32.0,1,0,7.1626824245663965,0.4476676515353998,0,benign
56.7,25.01,55.81,1015.0,-33.0,1,0,0.0567,17.636684303039917,4.055257173514054,1,1,0,0.4481275756952495,1395.8081000000002,40.58376649177993,33.0,1,0,582.0105820003173,35.273368606079835,1,flood
46.2,25.84,49.84,1016.2,-32.0,1,0,0.046200000000000005,21.64502164455314,3.85439389259151,1,1,0,0.5184590690104643,1287.8656,39.326625385474976,32.0,1,0,692.6406926257005,43.29004328910628,1,flood
47.1,24.92,51.31,1015.6,-32.0,1,0,0.0471,21.231422504857083,3.8732821771117156,1,1,0,0.48567530694824257,1278.6452000000002,40.75441412356523,32.0,1,0,679.4055201554266,42.462845009714165,1,flood
59.0,35.38,53.22,1019.2,-34.0,1,0,0.059,16.94915254208561,4.0943445622221,1,1,0,0.6647876737943483,1882.9236,28.807235725584874,34.0,1,0,576.2711864309107,33.89830508417122,1,flood
49.7,26.37,57.16,1014.5,-34.0,1,0,0.0497,20.120724345671615,3.9259259105971376,1,1,0,0.461336599012223,1507.3092,38.471748197251735,34.0,1,0,684.1046277528349,40.24144869134323,1,flood
3993.1,35.18,55.85,1019.6,-26.0,1,0,3.9931,0.250431995191643,8.292573551218661,0,0,1,0.6299015219224727,1964.803,28.982376349375148,26.0,1,0,6.511231874982718,0.500863990383286,0,benign
4000.0,35.06,55.39,1019.6,-25.0,1,0,4.0,0.2499999999999375,8.294299608857235,0,0,1,0.632966239381965,1941.9734,29.081574442981132,25.0,1,0,6.249999999998438,0.499999999999875,0,benign
45.2,24.31,60.97,1015.3,-35.0,1,0,0.045200000000000004,22.12389380482027,3.832979798087693,1,1,0,0.39872068229623225,1482.1807,41.764705880634935,35.0,1,0,774.3362831687094,44.24778760964054,1,flood
57.0,23.49,59.14,1015.5,-34.0,1,0,0.057,17.543859648815022,4.060443010546419,1,1,0,0.3971931011092798,1389.1986,43.23116219483904,34.0,1,0,596.4912280597108,35.087719297630045,1,flood
6.9,25.77,56.71,1014.8,-34.0,1,0,0.006900000000000001,144.92753621088005,2.066862759472976,1,1,0,0.45441721036052873,1461.4167,39.3791230097253,34.0,1,0,4927.536231169922,289.8550724217601,1,flood
49.8,36.79,54.62,1018.3,-23.0,1,0,0.0498,20.080321284737344,3.927896354584436,1,1,0,0.6735627974977378,2009.4697999999999,27.678717041922297,23.0,1,0,461.8473895489589,40.16064256947469,1,flood
42.8,22.88,59.47,1015.3,-34.0,1,0,0.0428,23.364485980762517,3.7796338173824005,1,1,0,0.38473179753851133,1360.6735999999999,44.37499999806053,34.0,1,0,794.3925233459256,46.72897196152503,1,flood
50.1,36.07,52.07,1019.3,-34.0,1,0,0.0501,19.960079839920958,3.933784497209659,1,1,0,0.6927213366488819,1878.1649,28.258940947372917,34.0,1,0,678.6427145573126,39.920159679841916,1,flood
55.8,27.97,57.52,1014.7,-34.0,1,0,0.055799999999999995,17.921146953083852,4.039536325727106,1,1,0,0.4862656467231178,1608.8344,36.278155164952516,34.0,1,0,609.318996404851,35.842293906167704,1,flood
55.1,32.29,57.47,1018.4,-34.0,1,0,0.0551,18.148820326349387,4.027135812528651,1,1,0,0.561858360874163,1855.7062999999998,31.539176214569864,34.0,1,0,617.0598910958792,36.297640652698774,1,flood
53.0,24.92,57.01,1015.0,-34.0,1,0,0.053,18.86792452794589,3.9889840465642745,1,1,0,0.43711629537910696,1420.6892,40.73033707701724,34.0,1,0,641.5094339501602,37.73584905589178,1,flood
4005.6,35.09,55.91,1019.8,-26.0,1,0,4.0056,0.24965048931489675,8.295698280347553,0,0,1,0.627615811113797,1961.8819,29.06241094246046,26.0,1,0,6.490912722187316,0.4993009786297935,0,benign
50.0,22.98,60.72,1015.7,-33.0,1,0,0.05,19.9999999996,3.9318256327243257,1,1,0,0.3784584980174826,1395.3456,44.1993037404613,33.0,1,0,659.9999999868,39.9999999992,1,flood
4002.3,36.12,53.89,1019.4,-30.0,1,0,4.0023,0.24985633260868753,8.294874299976584,0,0,1,0.6702542215500046,1946.5067999999999,28.222591361344893,30.0,1,0,7.495689978260626,0.49971266521737506,0,benign
63.9,23.96,58.76,1014.5,-34.0,1,0,0.0639,15.649452268925675,4.1728476237100445,1,1,0,0.40776038120476926,1407.8896,42.341402335461545,34.0,1,0,532.081377143473,31.29890453785135,1,flood
3997.7,35.32,56.22,1019.6,-26.0,1,0,3.9977,0.25014383270374213,8.293724587278081,0,0,1,0.6282461757269967,1985.6904,28.867497167925613,26.0,1,0,6.5037396502972955,0.5002876654074843,0,benign
57.2,24.37,59.64,1016.0,-34.0,1,0,0.0572,17.482517482211843,4.063885354737392,1,1,0,0.4086183769213847,1453.4268000000002,41.69060319894581,34.0,1,0,594.4055943952027,34.96503496442369,1,flood
56.7,23.32,58.78,1015.3,-34.0,1,0,0.0567,17.636684303039917,4.055257173514054,1,1,0,0.3967335828445605,1370.7496,43.53773584718963,34.0,1,0,599.6472663033572,35.273368606079835,1,flood
3998.4,34.97,56.84,1019.7,-32.0,1,0,3.9984,0.2501000400159438,8.293899628850902,0,0,1,0.6152357494613787,1987.6948,29.159279381493878,32.0,1,0,8.003201280510202,0.5002000800318877,0,benign
45.2,31.6,56.55,1016.1,-34.0,1,0,0.045200000000000004,22.12389380482027,3.832979798087693,1,1,0,0.5587975243048843,1786.98,32.155063290121674,34.0,1,0,752.2123893638892,44.24778760964054,1,flood
59.8,35.06,58.81,1019.5,-35.0,1,0,0.0598,16.722408026476216,4.107589788972121,1,1,0,0.5961571161265745,2061.8786,29.07872218970112,35.0,1,0,585.2842809266676,33.44481605295243,1,flood
49.7,37.61,49.23,1018.6,-35.0,1,0,0.0497,20.120724345671615,3.9259259105971376,1,1,0,0.7639650619385748,1851.5403,27.08322254647479,35.0,1,0,704.2253520985065,40.24144869134323,1,flood
49.8,23.48,60.38,1015.6,-33.0,1,0,0.0498,20.080321284737344,3.927896354584436,1,1,0,0.38887048690975706,1417.7224,43.25383304756159,33.0,1,0,662.6506023963324,40.16064256947469,1,flood
37.3,36.51,51.19,1018.3,-33.0,1,0,0.0373,26.809651473812078,3.6454498961866,1,1,0,0.7132252392906188,1868.9469,27.89098876943602,33.0,1,0,884.7184986357986,53.619302947624156,1,flood
60.5,24.21,59.23,1016.4,-32.0,1,0,0.0605,16.528925619561505,4.119037174812473,1,1,0,0.4087455681173604,1433.9583,41.982651795044085,32.0,1,0,528.9256198259682,33.05785123912301,1,flood
3998.6,35.23,55.88,1019.2,-32.0,1,0,3.9985999999999997,0.25008753063565997,8.293949635101693,0,0,1,0.6304581245413303,1968.6524,28.929889298071824,32.0,1,0,8.002800980341119,0.5001750612713199,0,benign
52.2,25.43,56.77,1014.7,-34.0,1,0,0.0522,19.15708812223837,3.9740583963475986,1,1,0,0.4479478597772072,1443.6611,39.90169091467158,34.0,1,0,651.3409961561046,38.31417624447674,1,flood
42.8,23.78,60.27,1015.6,-33.0,1,0,0.0428,23.364485980762517,3.7796338173824005,1,1,0,0.3945578231227052,1433.2206,42.708158114267945,33.0,1,0,771.0280373651631,46.72897196152503,1,flood
4000.6,35.39,55.87,1019.4,-26.0,1,0,4.0005999999999995,0.2499625056240939,8.294449560123354,0,0,1,0.6334347592512363,1977.2393,28.80474710288769,26.0,1,0,6.499025146226441,0.4999250112481878,0,benign
4000.9,35.82,54.71,1019.3,-26.0,1,0,4.0009,0.2499437626533405,8.294524527325239,0,0,1,0.6547249131666109,1959.7122,28.456169736782353,26.0,1,0,6.498537828986853,0.499887525306681,0,benign
56.7,25.6,50.4,1015.9,-33.0,1,0,0.0567,17.636684303039917,4.055257173514054,1,1,0,0.5079365079264299,1290.24,39.68359374844986,33.0,1,0,582.0105820003173,35.273368606079835,1,flood
60.3,37.78,50.48,1018.4,-35.0,1,0,0.0603,16.58374792675649,4.115779842942166,1,1,0,0.7484152139312914,1907.1344,26.956061407438963,35.0,1,0,580.4311774364771,33.16749585351298,1,flood
49.8,23.43,59.9,1015.8,-34.0,1,0,0.0498,20.080321284737344,3.927896354584436,1,1,0,0.39115191985991404,1403.4569999999999,43.35467349366817,34.0,1,0,682.7309236810697,40.16064256947469,1,flood
3994.2,34.76,56.75,1019.7,-27.0,1,0,3.9941999999999998,0.2503630263882003,8.29284891952551,0,0,1,0.6125110132050658,1972.6299999999999,29.335443037130748,27.0,1,0,6.759801712481408,0.5007260527764006,0,benign
4001.0,35.06,55.83,1019.7,-25.0,1,0,4.001,0.24993751562103225,8.294549515143679,0,0,1,0.6279777897075413,1957.3998000000001,29.084426696261144,25.0,1,0,6.248437890525806,0.4998750312420645,0,benign
54.6,22.85,61.16,1015.9,-33.0,1,0,0.0546,18.315018314682877,4.018183201256536,1,1,0,0.3736102027407847,1397.506,44.45951859761665,33.0,1,0,604.395604384535,36.630036629365755,1,flood
49.6,23.96,58.86,1016.7,-33.0,1,0,0.0496,20.161290322174167,3.92395157629342,1,1,0,0.40706761806987657,1410.2856,42.43322203495688,33.0,1,0,665.3225806317475,40.322580644348335,1,flood
4002.7,35.65,55.6,1019.1,-33.0,1,0,4.0027,0.24983136382935275,8.294974212553162,0,0,1,0.6411870503481801,1982.1399999999999,28.586255258665187,33.0,1,0,8.24443500636864,0.4996627276587055,0,benign
55.7,27.57,59.29,1014.4,-34.0,1,0,0.0557,17.9533213641301,4.037774210733707,1,1,0,0.46500252992975205,1634.6253,36.793616248212054,34.0,1,0,610.4129263804234,35.9066427282602,1,flood
4000.2,35.18,54.91,1019.4,-25.0,1,0,4.0001999999999995,0.24998750062490627,8.294349595111026,0,0,1,0.6406847568632184,1931.7338,28.976691301052398,25.0,1,0,6.249687515622656,0.49997500124981253,0,benign
52.9,24.9,57.9,1015.0,-35.0,1,0,0.052899999999999996,18.903591682062316,3.9871304779149517,1,1,0,0.4300518134640751,1441.7099999999998,40.76305220719827,35.0,1,0,661.6257088721811,37.80718336412463,1,flood
65.4,22.66,60.59,1015.5,-34.0,1,0,0.0654,15.290519877442039,4.1956970564823886,1,1,0,0.3739891071072126,1372.9694000000002,44.81465136607173,34.0,1,0,519.8776758330293,30.581039754884078,1,flood
4002.3,36.15,53.19,1019.2,-30.0,1,0,4.0023,0.24985633260868753,8.294874299976584,0,0,1,0.6796390298800594,1922.8184999999999,28.19363762024361,30.0,1,0,7.495689978260626,0.49971266521737506,0,benign
52.1,23.63,59.18,1015.3,-34.0,1,0,0.0521,19.193857965082653,3.9721769282478934,1,1,0,0.39929030077054256,1398.4234,42.966567920314574,34.0,1,0,652.5911708128102,38.38771593016531,1,flood
88.4,23.47,61.51,1015.2,-35.0,1,0,0.0884,11.312217194442168,4.493120682179469,1,1,0,0.3815639733314654,1443.6397,43.25521942721537,35.0,1,0,395.9276018054759,22.624434388884335,1,flood
64.0,25.47,51.41,1015.8,-32.0,1,0,0.064,15.62499999975586,4.174387269895637,1,1,0,0.4954289048726818,1309.4126999999999,39.882214368281026,32.0,1,0,499.9999999921875,31.24999999951172,1,flood
63.9,24.86,56.41,1015.0,-33.0,1,0,0.0639,15.649452268925675,4.1728476237100445,1,1,0,0.44070200318311115,1402.3526,40.82864038452017,33.0,1,0,516.4319248745472,31.29890453785135,1,flood
28.4,25.21,57.1,1014.4,-34.0,1,0,0.028399999999999998,35.211267604393974,3.380994674344636,1,1,0,0.4415061295894658,1439.491,40.238000791739864,34.0,1,0,1197.183098549395,70.42253520878795,1,flood
52.9,35.3,54.97,1019.3,-35.0,1,0,0.052899999999999996,18.903591682062316,3.9871304779149517,1,1,0,0.6421684555095112,1940.4409999999998,28.87535410683073,35.0,1,0,661.6257088721811,37.80718336412463,1,flood
50.5,34.29,55.21,1020.1,-34.0,1,0,0.0505,19.801980197627685,3.9415818076696905,1,1,0,0.6210831371015925,1893.1509,29.74919801604698,34.0,1,0,673.2673267193413,39.60396039525537,1,flood
3992.8,36.01,55.1,1019.2,-31.0,1,0,3.9928000000000003,0.2504508114605664,8.292498437609291,0,0,1,0.6535390199518414,1984.1509999999998,28.303249096686947,31.0,1,0,7.763975155277559,0.5009016229211328,0,benign
51.8,24.81,56.81,1015.0,-35.0,1,0,0.0518,19.305019304646624,3.966511190712216,1,1,0,0.43671888751211546,1409.4560999999999,40.91092301326437,35.0,1,0,675.6756756626319,38.61003860929325,1,flood
51.5,35.68,59.35,1018.9,-35.0,1,0,0.0515,19.417475727778303,3.960813169597578,1,1,0,0.6011794439662818,2117.608,28.556614348975433,35.0,1,0,679.6116504722406,38.834951455556606,1,flood
68.0,27.96,58.03,1014.1,-34.0,1,0,0.068,14.705882352724913,4.23410650459726,1,1,0,0.481819748397694,1622.5188,36.26967095721496,34.0,1,0,499.9999999926471,29.411764705449826,1,flood
45.3,25.76,52.51,1015.3,-32.0,1,0,0.0453,22.075055187150664,3.835141961092188,1,1,0,0.49057322413843896,1352.6576,39.41381987424635,32.0,1,0,706.4017659888212,44.15011037430133,1,flood
21.8,25.45,48.79,1015.6,-32.0,1,0,0.0218,45.87155963092332,3.126760535960395,1,1,0,0.5216232834490342,1241.7055,39.905697444404495,32.0,1,0,1467.8899081895463,91.74311926184664,1,flood
4002.7,35.85,55.29,1019.3,-31.0,1,0,4.0027,0.24983136382935275,8.294974212553162,0,0,1,0.648399348875956,1982.1465,28.43235704244261,31.0,1,0,7.744772278709935,0.4996627276587055,0,benign
4002.7,35.07,55.56,1019.7,-25.0,1,0,4.0027,0.24983136382935275,8.294974212553162,0,0,1,0.63120950322838,1948.4892,29.076133446561848,25.0,1,0,6.245784095733819,0.4996627276587055,0,benign
4010.1,34.96,56.3,1019.7,-31.0,1,0,4.0100999999999996,0.2493703398917111,8.296820796897814,0,0,1,0.6209591474134821,1968.248,29.16762013646546,31.0,1,0,7.730480536643044,0.4987406797834222,0,benign
69.4,34.91,56.02,1019.4,-34.0,1,0,0.0694,14.409221901809664,4.254193263163997,1,1,0,0.6231702963116178,1955.6581999999999,29.200802061609835,34.0,1,0,489.9135446615286,28.818443803619328,1,flood
3995.1,35.71,55.59,1019.3,-32.0,1,0,3.9951,0.2503066256163174,8.293074164480348,0,0,1,0.6423817233199788,1985.1189000000002,28.543825258231763,32.0,1,0,8.009812019722157,0.5006132512326348,0,benign
49.9,36.08,53.16,1018.9,-34.0,1,0,0.0499,20.04008015991904,3.929862923556477,1,1,0,0.6787057938171801,1918.0127999999997,28.2400221721663,34.0,1,0,681.3627254372474,40.08016031983808,1,flood
52.9,24.37,59.31,1014.9,-34.0,1,0,0.052899999999999996,18.903591682062316,3.9871304779149517,1,1,0,0.41089192378332673,1445.3847,41.64546573485246,34.0,1,0,642.7221171901188,37.80718336412463,1,flood
49.9,23.11,57.0,1015.9,-34.0,1,0,0.0499,20.04008015991904,3.929862923556477,1,1,0,0.4054385964841151,1317.27,43.95932496564434,34.0,1,0,681.3627254372474,40.08016031983808,1,flood
49.8,25.61,56.35,1014.4,-34.0,1,0,0.0498,20.080321284737344,3.927896354584436,1,1,0,0.45448092279583885,1443.1235,39.60952752676261,34.0,1,0,682.7309236810697,40.16064256947469,1,flood
62.8,35.84,51.25,1019.2,-34.0,1,0,0.0628,15.923566878727334,4.155753190350744,1,1,0,0.6993170731570866,1836.8000000000002,28.437499999206544,34.0,1,0,541.4012738767293,31.847133757454667,1,flood
53.3,27.86,57.7,1014.0,-34.0,1,0,0.0533,18.76172607844725,3.9945242269398897,1,1,0,0.48284228768660586,1607.522,36.39626704822698,34.0,1,0,637.8986866672064,37.5234521568945,1,flood
50.8,22.92,60.57,1015.8,-33.0,1,0,0.0508,19.685039369691243,3.9473901492654373,1,1,0,0.37840515105863626,1388.2644,44.31937172581503,33.0,1,0,649.606299199811,39.370078739382485,1,flood
53.0,23.8,59.18,1017.1,-33.0,1,0,0.053,18.86792452794589,3.9889840465642745,1,1,0,0.402162892862417,1408.484,42.73529411585146,33.0,1,0,622.6415094222143,37.73584905589178,1,flood
59.0,25.05,57.85,1014.7,-35.0,1,0,0.059,16.94915254208561,4.0943445622221,1,1,0,0.4330164217729816,1449.1425000000002,40.50698602632707,35.0,1,0,593.2203389729964,33.89830508417122,1,flood
45.8,34.84,56.23,1019.4,-34.0,1,0,0.0458,21.834061134894455,3.845883202923601,1,1,0,0.6195980793060717,1959.0532,29.259471870572344,34.0,1,0,742.3580785864115,43.66812226978891,1,flood
49.7,24.11,58.82,1016.8,-33.0,1,0,0.0497,20.120724345671615,3.9259259105971376,1,1,0,0.40989459366865194,1418.1502,42.17337204304548,33.0,1,0,663.9839034071633,40.24144869134323,1,flood
56.8,37.0,53.59,1018.2,-33.0,1,0,0.056799999999999996,17.605633802506944,4.056988775678332,1,1,0,0.6904273185166929,1982.8300000000002,27.518918918175167,33.0,1,0,580.9859154827292,35.21126760501389,1,flood
50.3,24.41,54.54,1015.9,-32.0,1,0,0.0503,19.880715705370168,3.937690752176724,1,1,0,0.44756142280074146,1331.3214,41.61818926498901,32.0,1,0,636.1829025718454,39.761431410740336,1,flood
45.2,37.09,54.05,1018.2,-33.0,1,0,0.045200000000000004,22.12389380482027,3.832979798087693,1,1,0,0.6862164662222718,2004.7145,27.452143434147963,33.0,1,0,730.0884955590689,44.24778760964054,1,flood
49.9,32.8,53.27,1019.2,-35.0,1,0,0.0499,20.04008015991904,3.929862923556477,1,1,0,0.6157311807656142,1747.2559999999999,31.073170730759973,35.0,1,0,701.4028055971664,40.08016031983808,1,flood
50.0,23.31,58.95,1015.7,-34.0,1,0,0.05,19.9999999996,3.9318256327243257,1,1,0,0.39541984732153657,1374.1245,43.57357357170427,34.0,1,0,679.9999999864,39.9999999992,1,flood
4764.2,34.73,56.17,1019.7,-32.0,1,0,4.7642,0.20989882876449142,8.469094787925206,0,0,1,0.6183015844646911,1950.7840999999999,29.360783183721264,32.0,1,0,6.716762520463726,0.41979765752898285,0,benign
52.8,24.24,58.0,1016.8,-35.0,1,0,0.0528,18.93939393903524,3.9852734671677386,1,1,0,0.4179310344755529,1405.9199999999998,41.94719471774145,35.0,1,0,662.8787878662334,37.87878787807048,1,flood
51.1,24.37,59.11,1016.6,-33.0,1,0,0.0511,19.56947162388318,3.9531649487593215,1,1,0,0.41228218574839653,1440.5107,41.715223633905815,33.0,1,0,645.792563588145,39.13894324776636,1,flood
58.0,25.75,53.54,1015.2,-32.0,1,0,0.058,17.241379310047563,4.07753744390572,1,1,0,0.48094882330069205,1378.655,39.42524271691553,32.0,1,0,551.724137921522,34.482758620095126,1,flood
45.2,24.08,54.41,1015.5,-32.0,1,0,0.045200000000000004,22.12389380482027,3.832979798087693,1,1,0,0.4425657048255364,1310.1927999999998,42.17192690854768,32.0,1,0,707.9646017542486,44.24778760964054,1,flood
45.1,24.07,54.16,1015.7,-32.0,1,0,0.0451,22.172949001725655,3.8308129500026027,1,1,0,0.44442392909076034,1303.6312,42.19775654166192,32.0,1,0,709.534368055221,44.34589800345131,1,flood
49.8,23.09,60.51,1015.9,-34.0,1,0,0.0498,20.080321284737344,3.927896354584436,1,1,0,0.381589819858179,1397.1759,43.997401470593445,34.0,1,0,682.7309236810697,40.16064256947469,1,flood
58.2,31.95,57.86,1017.7,-34.0,1,0,0.0582,17.182130583897216,4.0809215418899605,1,1,0,0.5521949533260941,1848.627,31.85289514767284,34.0,1,0,584.1924398525053,34.36426116779443,1,flood
67.5,35.76,59.21,1019.6,-34.0,1,0,0.0675,14.814814814595335,4.22683374526818,1,1,0,0.603952035119001,2117.3496,28.512304249761964,34.0,1,0,503.7037036962414,29.62962962919067,1,flood
55.1,24.77,51.35,1015.6,-31.0,1,0,0.0551,18.148820326349387,4.027135812528651,1,1,0,0.4823758519867113,1271.9395,41.00121114085583,31.0,1,0,562.613430116831,36.297640652698774,1,flood
71.1,29.51,56.07,1014.4,-34.0,1,0,0.0711,14.064697608803591,4.278054044290903,1,1,0,0.5263064027015105,1654.6257,34.37478820622247,34.0,1,0,478.1997186993221,28.129395217607183,1,flood
44.1,24.57,54.32,1015.7,-32.0,1,0,0.0441,22.67573696093706,3.8088822465086327,1,1,0,0.4523195876205391,1334.6424,41.33903133734884,32.0,1,0,725.6235827499859,45.35147392187412,1,flood
50.2,28.07,57.68,1014.6,-35.0,1,0,0.0502,19.92031872470278,3.9357395320454622,1,1,0,0.4866504854284562,1619.0776,36.14535090715549,35.0,1,0,697.2111553645973,39.84063744940556,1,flood
65.8,25.62,49.3,1016.0,-32.0,1,0,0.0658,15.197568388826785,4.2017030805426,1,1,0,0.5196754563789113,1263.066,39.65651834349506,32.0,1,0,486.3221884424571,30.39513677765357,1,flood
49.8,27.95,57.12,1014.6,-35.0,1,0,0.0498,20.080321284737344,3.927896354584436,1,1,0,0.48932072828275003,1596.504,36.30053667133093,35.0,1,0,702.8112449658071,40.16064256947469,1,flood
45.1,23.31,57.64,1016.4,-34.0,1,0,0.0451,22.172949001725655,3.8308129500026027,1,1,0,0.4044066620332337,1343.5883999999999,43.603603601733006,34.0,1,0,753.8802660586723,44.34589800345131,1,flood
56.9,27.41,58.49,1014.4,-35.0,1,0,0.0569,17.57469244257338,4.05871738457895,1,1,0,0.4686271157382693,1603.2109,37.00839109678918,35.0,1,0,615.1142354900683,35.14938488514676,1,flood
3996.0,35.3,55.15,1019.4,-26.0,1,0,3.996,0.2502502502501876,8.293299358711323,0,0,1,0.6400725294534891,1946.7949999999998,28.87818696802045,26.0,1,0,6.506506506504878,0.5005005005003752,0,benign
57.4,32.55,54.16,1019.1,-35.0,1,0,0.0574,17.421602787152935,4.067315889834181,1,1,0,0.6009970457791545,1762.9079999999997,31.308755759406804,35.0,1,0,609.7560975503527,34.84320557430587,1,flood
49.8,27.23,58.32,1014.5,-35.0,1,0,0.0498,20.080321284737344,3.927896354584436,1,1,0,0.4669067215283453,1588.0536,37.25670216535965,35.0,1,0,702.8112449658071,40.16064256947469,1,flood
72.7,36.6,59.75,1019.3,-34.0,1,0,0.0727,13.755158184129915,4.300002799195291,1,1,0,0.6125523012449783,2186.85,27.849726775195364,34.0,1,0,467.6753782604171,27.51031636825983,1,flood
60.2,23.8,56.58,1016.0,-34.0,1,0,0.060200000000000004,16.611295680787187,4.11414718951828,1,1,0,0.42064333686071687,1346.604,42.68907562845844,34.0,1,0,564.7840531467643,33.22259136157437,1,flood
49.7,36.28,59.82,1019.3,-35.0,1,0,0.0497,20.120724345671615,3.9259259105971376,1,1,0,0.6064861250316536,2170.2696,28.095369348729456,35.0,1,0,704.2253520985065,40.24144869134323,1,flood
55.7,29.12,59.68,1014.1,-34.0,1,0,0.0557,17.9533213641301,4.037774210733707,1,1,0,0.4879356568282853,1737.8816000000002,34.82486263616673,34.0,1,0,610.4129263804234,35.9066427282602,1,flood
49.8,24.66,49.96,1015.0,-32.0,1,0,0.0498,20.080321284737344,3.927896354584436,1,1,0,0.4935948758908408,1232.0136,41.15977290992864,32.0,1,0,642.570281111595,40.16064256947469,1,flood
3997.9,35.93,54.85,1019.1,-30.0,1,0,3.9979,0.2501313189423822,8.293774602282594,0,0,1,0.6550592524948942,1970.7605,28.363484552508673,30.0,1,0,7.503939568271466,0.5002626378847644,0,benign
4005.2,34.66,56.51,1019.6,-28.0,1,0,4.005199999999999,0.24967542195140077,8.295598440091878,0,0,1,0.613342771180086,1958.6365999999998,29.417195613692527,28.0,1,0,6.9909118146392215,0.49935084390280154,0,benign
3952.9,36.25,53.54,1019.1,-19.0,1,0,3.9529,0.25297882567222724,8.282457712566028,0,0,1,0.6770638774621394,1940.825,28.113103447500333,19.0,1,0,4.806597687772317,0.5059576513444545,0,benign
49.8,38.0,49.87,1018.8,-35.0,1,0,0.0498,20.080321284737344,3.927896354584436,1,1,0,0.7619811509773015,1895.06,26.810526315083933,35.0,1,0,702.8112449658071,40.16064256947469,1,flood
49.9,25.61,48.9,1015.7,-32.0,1,0,0.0499,20.04008015991904,3.929862923556477,1,1,0,0.5237218813798831,1252.329,39.66028894808043,32.0,1,0,641.2825651174093,40.08016031983808,1,flood
52.9,24.31,54.5,1015.7,-32.0,1,0,0.052899999999999996,18.903591682062316,3.9871304779149517,1,1,0,0.44605504586337513,1324.895,41.781160014735455,32.0,1,0,604.9149338259941,37.80718336412463,1,flood
54.7,27.54,57.11,1014.6,-35.0,1,0,0.054700000000000006,18.281535648660302,4.019980146933238,1,1,0,0.48222728067795084,1572.8093999999999,36.840958604326765,35.0,1,0,639.8537477031106,36.563071297320604,1,flood
45.1,23.87,57.41,1015.8,-34.0,1,0,0.0451,22.172949001725655,3.8308129500026027,1,1,0,0.41578122277624496,1370.3767,42.555509005339104,34.0,1,0,753.8802660586723,44.34589800345131,1,flood
28.6,25.49,49.14,1016.0,-32.0,1,0,0.0286,34.96503496381241,3.3877743613300146,1,1,0,0.5187220187114627,1252.5786,39.85876814280664,32.0,1,0,1118.881118841997,69.93006992762481,1,flood
52.6,36.19,50.53,1018.3,-33.0,1,0,0.0526,19.011406843745032,3.9815490680767565,1,1,0,0.7162081931384087,1828.6807,28.137607072999792,33.0,1,0,627.376425843586,38.022813687490064,1,flood
4002.2,34.78,56.06,1019.6,-33.0,1,0,4.0022,0.2498625755833667,8.294849320272592,0,0,1,0.6204067070884695,1949.7668,29.31569867655792,33.0,1,0,8.245464994251101,0.4997251511667334,0,benign
49.8,25.04,56.13,1014.9,-33.0,1,0,0.0498,20.080321284737344,3.927896354584436,1,1,0,0.44610725101645987,1405.4952,40.531150158125755,33.0,1,0,662.6506023963324,40.16064256947469,1,flood
4002.2,35.6,55.5,1019.2,-31.0,1,0,4.0022,0.2498625755833667,8.294849320272592,0,0,1,0.641441441429884,1975.8000000000002,28.62921348234188,31.0,1,0,7.745739843084367,0.4997251511667334,0,benign
59.3,25.35,53.64,1015.2,-32.0,1,0,0.0593,16.86340640781006,4.09933210373314,1,1,0,0.47259507829096586,1359.7740000000001,40.04733727652673,32.0,1,0,539.629005049922,33.72681281562012,1,flood
49.9,23.8,54.45,1015.8,-32.0,1,0,0.0499,20.04008015991904,3.929862923556477,1,1,0,0.437098255272046,1295.91,42.680672267114254,32.0,1,0,641.2825651174093,40.08016031983808,1,flood
49.9,35.36,55.37,1019.4,-35.0,1,0,0.0499,20.04008015991904,3.929862923556477,1,1,0,0.6386129672992846,1957.8832,28.829185519546687,35.0,1,0,701.4028055971664,40.08016031983808,1,flood
4002.7,36.12,55.47,1019.2,-30.0,1,0,4.0027,0.24983136382935275,8.294974212553162,0,0,1,0.6511627906859354,2003.5764,28.217054262784693,30.0,1,0,7.494940914880583,0.4996627276587055,0,benign
45.3,32.7,54.94,1019.6,-35.0,1,0,0.0453,22.075055187150664,3.835141961092188,1,1,0,0.595194757906895,1796.538,31.180428133603048,35.0,1,0,772.6269315502732,44.15011037430133,1,flood
3998.9,34.99,55.04,1019.4,-26.0,1,0,3.9989,0.25006876891138813,8.294024639789523,0,0,1,0.635719476732636,1925.8496,29.134038295823547,26.0,1,0,6.501787991696092,0.5001375378227763,0,benign
4001.5,34.87,56.26,1019.8,-32.0,1,0,4.0015,0.2499062851430089,8.29467444487087,0,0,1,0.6198009242691113,1961.7861999999998,29.24577000202909,32.0,1,0,7.997001124576284,0.4998125702860178,0,benign
4001.2,34.7,56.15,1019.6,-28.0,1,0,4.0012,0.24992502249318957,8.294599488907464,0,0,1,0.6179875333816922,1948.4050000000002,29.38328530174688,28.0,1,0,6.997900629809308,0.49985004498637914,0,benign
45.1,35.3,54.8,1019.6,-35.0,1,0,0.0451,22.172949001725655,3.8308129500026027,1,1,0,0.6441605839298511,1934.4399999999998,28.883852690399898,35.0,1,0,776.053215060398,44.34589800345131,1,flood
58.3,23.36,57.82,1016.3,-34.0,1,0,0.0583,17.152658661798412,4.08260930600368,1,1,0,0.40401245243161515,1350.6752,43.50599314882252,34.0,1,0,583.190394501146,34.305317323596825,1,flood
49.8,28.38,59.49,1013.8,-34.0,1,0,0.0498,20.080321284737344,3.927896354584436,1,1,0,0.47705496721336266,1688.3262,35.722339674569334,34.0,1,0,682.7309236810697,40.16064256947469,1,flood
56.9,24.3,54.37,1015.8,-33.0,1,0,0.0569,17.57469244257338,4.05871738457895,1,1,0,0.44693764943080866,1321.191,41.8024691340822,33.0,1,0,579.9648506049215,35.14938488514676,1,flood
43.6,36.18,53.19,1019.1,-34.0,1,0,0.0436,22.93577981598771,3.7977338590260183,1,1,0,0.6802030456724911,1924.4142,28.167495853284485,34.0,1,0,779.8165137435822,45.87155963197542,1,flood
4001.7,35.47,56.53,1019.3,-32.0,1,0,4.0017,0.2498937951370043,8.294724412391991,0,0,1,0.6274544489540518,2005.1191,28.73696081114359,32.0,1,0,7.996601444384138,0.4997875902740086,0,benign
45.1,24.19,59.04,1016.5,-32.0,1,0,0.0451,22.172949001725655,3.8308129500026027,1,1,0,0.40972222221528254,1428.1776,42.02149648441416,32.0,1,0,709.534368055221,44.34589800345131,1,flood
50.1,25.61,56.36,1015.1,-33.0,1,0,0.0501,19.960079839920958,3.933784497209659,1,1,0,0.4544002838812207,1443.3796,39.6368605997799,33.0,1,0,658.6826347173916,39.920159679841916,1,flood
44.6,24.11,54.6,1015.6,-32.0,1,0,0.0446,22.421524663174406,3.8199077165203406,1,1,0,0.44157509156700414,1316.406,42.12360016415912,32.0,1,0,717.488789221581,44.84304932634881,1,flood
49.8,24.38,54.3,1015.7,-32.0,1,0,0.0498,20.080321284737344,3.927896354584436,1,1,0,0.44898710864734837,1323.8339999999998,41.66119770132645,32.0,1,0,642.570281111595,40.16064256947469,1,flood
42.9,22.34,59.94,1015.8,-34.0,1,0,0.0429,23.310023309479956,3.7819143200811256,1,1,0,0.3727060393664881,1339.0596,45.47000895051611,34.0,1,0,792.5407925223185,46.62004661895991,1,flood
4000.8,34.97,56.11,1019.6,-32.0,1,0,4.0008,0.24995000999793793,8.294499538882393,0,0,1,0.6232400641485789,1962.1667,29.1564197875563,32.0,1,0,7.998400319934014,0.49990001999587586,0,benign
57.6,24.45,57.31,1016.4,-32.0,1,0,0.0576,17.361111110809702,4.070734696582967,1,1,0,0.42662711567917244,1401.2295,41.57055214553904,32.0,1,0,555.5555555459105,34.722222221619404,1,flood
54.3,33.88,58.11,1019.9,-34.0,1,0,0.054299999999999994,18.416206261170974,4.012772908528289,1,1,0,0.5830321803375834,1968.7668,30.103305784235438,34.0,1,0,626.1510128798132,36.83241252234195,1,flood
55.2,37.23,53.72,1018.1,-33.0,1,0,0.055200000000000006,18.11594202865732,4.028916756899646,1,1,0,0.6930379746706433,1999.9955999999997,27.34622616096304,33.0,1,0,597.8260869456915,36.23188405731464,1,flood
49.6,29.49,56.25,1014.2,-34.0,1,0,0.0496,20.161290322174167,3.92395157629342,1,1,0,0.5242666666573463,1658.8125,34.39131909005116,34.0,1,0,685.4838709539217,40.322580644348335,1,flood
3993.6,34.89,55.63,1019.5,-27.0,1,0,3.9936,0.25040064102557835,8.292698728031072,0,0,1,0.6271795793523786,1940.9307000000001,29.220406992570354,27.0,1,0,6.7608173076906155,0.5008012820511567,0,benign
69.0,32.58,53.31,1019.4,-35.0,1,0,0.069,14.492753622978364,4.248495242049359,1,1,0,0.6111423747775062,1736.8398,31.289134437345336,35.0,1,0,507.24637680424274,28.98550724595673,1,flood
45.5,24.8,53.42,1015.8,-33.0,1,0,0.0455,21.978021977538948,3.839452312593311,1,1,0,0.4642456008898494,1324.816,40.95967741770323,33.0,1,0,725.2747252587852,43.956043955077895,1,flood
52.7,31.85,58.86,1018.6,-34.0,1,0,0.052700000000000004,18.975332067951133,3.983413001514819,1,1,0,0.5411145089952241,1874.691,31.98116169444329,34.0,1,0,645.1612903103385,37.950664135902265,1,flood
3996.4,35.43,54.83,1019.3,-26.0,1,0,3.9964,0.25022520268235154,8.293399428760441,0,0,1,0.6461790990215908,1942.6269,28.769404458685596,26.0,1,0,6.50585526974114,0.5004504053647031,0,benign
9999000.0,35.34,55.69,1019.6,-26.0,1,0,9999.0,0.00010001000100009999,16.11799574596798,0,0,1,0.6345843059681348,1968.0846000000001,28.85116015764428,26.0,1,0,0.0026002600260025995,0.00020002000200019997,0,benign
45.4,23.85,56.93,1015.7,-34.0,1,0,0.045399999999999996,22.026431717576514,3.8372994592322094,1,1,0,0.4189355348600223,1357.7805,42.58700209465044,34.0,1,0,748.8986783976015,44.05286343515303,1,flood
52.7,24.76,58.52,1014.7,-33.0,1,0,0.052700000000000004,18.975332067951133,3.983413001514819,1,1,0,0.42310321256966676,1448.9552,40.981421646163916,33.0,1,0,626.1859582423874,37.950664135902265,1,flood
45.1,37.26,54.2,1018.2,-23.0,1,0,0.0451,22.172949001725655,3.8308129500026027,1,1,0,0.6874538745260617,2019.492,27.3268921087674,23.0,1,0,509.97782703969006,44.34589800345131,1,flood
48.5,35.64,53.69,1020.0,-35.0,1,0,0.0485,20.618556700605804,3.9019726695746444,1,1,0,0.6638107654933171,1913.5116,28.619528618725603,35.0,1,0,721.6494845212031,41.23711340121161,1,flood
62.6,35.28,52.72,1019.2,-34.0,1,0,0.0626,15.974440894313508,4.152613470346076,1,1,0,0.6691957511253946,1859.9616,28.888888888070046,34.0,1,0,543.1309904066593,31.948881788627016,1,flood
56.9,25.15,49.25,1016.1,-32.0,1,0,0.0569,17.57469244257338,4.05871738457895,1,1,0,0.5106598984667886,1238.6374999999998,40.40159045565004,32.0,1,0,562.3901581623481,35.14938488514676,1,flood
66.4,35.88,49.58,1018.8,-34.0,1,0,0.0664,15.060240963628608,4.210645017918261,1,1,0,0.7236789027687843,1778.9304,28.394648828640058,34.0,1,0,512.0481927633726,30.120481927257217,1,flood
75.3,24.28,57.53,1017.0,-35.0,1,0,0.07529999999999999,13.28021248322337,4.334672938290411,1,1,0,0.4220406744233958,1396.8284,41.88632619267354,35.0,1,0,464.80743691281793,26.56042496644674,1,flood
58.3,22.62,60.56,1015.7,-34.0,1,0,0.0583,17.152658661798412,4.08260930600368,1,1,0,0.373513870535444,1369.8672000000001,44.902740935238604,34.0,1,0,583.190394501146,34.305317323596825,1,flood
34.8,36.46,49.46,1017.9,-34.0,1,0,0.0348,28.735632183082316,3.5779478934066544,1,1,0,0.7371613424840849,1803.3116,27.91826659276143,34.0,1,0,977.0114942247988,57.47126436616463,1,flood
64.2,25.15,50.52,1015.6,-32.0,1,0,0.06420000000000001,15.576323987296318,4.177459468932607,1,1,0,0.49782264448737484,1270.578,40.381709739945066,32.0,1,0,498.4423675934822,31.152647974592636,1,flood
49.9,23.01,59.28,1015.7,-33.0,1,0,0.0499,20.04008015991904,3.929862923556477,1,1,0,0.3881578947302943,1364.0328000000002,44.14167752958967,33.0,1,0,661.3226452773283,40.08016031983808,1,flood
3997.5,34.85,56.63,1019.7,-31.0,1,0,3.9975,0.25015634771726075,8.293674569771945,0,0,1,0.6153981988236731,1973.5555000000002,29.25968436070991,31.0,1,0,7.754846779235083,0.5003126954345215,0,benign
57.0,23.26,60.06,1015.7,-33.0,1,0,0.057,17.543859648815022,4.060443010546419,1,1,0,0.3872793872729391,1396.9956000000002,43.66723989494122,33.0,1,0,578.9473684108957,35.087719297630045,1,flood
4000.0,35.19,55.5,1019.1,-31.0,1,0,4.0,0.2499999999999375,8.294299608857235,0,0,1,0.6340540540426296,1953.0449999999998,28.959931797983526,31.0,1,0,7.749999999998062,0.499999999999875,0,benign
57.1,35.71,52.28,1018.6,-33.0,1,0,0.0571,17.513134850831644,4.062165663857866,1,1,0,0.6830527926418697,1866.9188000000001,28.524222905950037,33.0,1,0,577.9334500774443,35.02626970166329,1,flood
3989.1,35.24,56.71,1019.4,-33.0,1,0,3.9891,0.25068311147871686,8.291571572226488,0,0,1,0.6214071592202186,1998.4604000000002,28.92735527727221,33.0,1,0,8.272542678797656,0.5013662229574337,0,benign
9999000.0,27.77,56.47,1015.9,-34.0,0,1,9999.0,0.00010001000100009999,16.11799574596798,0,0,1,0.4917655392156585,1568.1719,36.58264313876188,34.0,0,1,0.0034003400340033994,0.00020002000200019997,0,benign
49.9,35.73,59.74,1019.5,-35.0,1,0,0.0499,20.04008015991904,3.929862923556477,1,1,0,0.5980917308236007,2134.5101999999997,28.53344528327643,35.0,1,0,701.4028055971664,40.08016031983808,1,flood
4002.8,35.2,54.9,1019.3,-26.0,1,0,4.002800000000001,0.24982512241424756,8.294999189137616,0,0,1,0.6411657559081756,1932.48,28.95738636281371,26.0,1,0,6.4954531827704365,0.4996502448284951,0,benign
51.2,32.66,53.26,1019.2,-35.0,1,0,0.0512,19.53124999961853,3.955082494888593,1,1,0,0.6132181749790985,1739.4715999999999,31.2063686457071,35.0,1,0,683.5937499866486,39.06249999923706,1,flood
64.5,28.15,59.35,1014.3,-34.0,1,0,0.0645,15.503875968751878,4.182050142641207,1,1,0,0.4743049705059089,1670.7024999999999,36.03197157953705,34.0,1,0,527.1317829375638,31.007751937503755,1,flood
49.4,23.31,61.34,1015.8,-33.0,1,0,0.0494,20.24291497934731,3.919991175077323,1,1,0,0.38001304205445036,1429.8354,43.57786357599409,33.0,1,0,668.0161943184613,40.48582995869462,1,flood
3997.1,34.85,55.88,1019.6,-26.0,1,0,3.9971,0.2501813815015261,8.29357452725379,0,0,1,0.6236578382136068,1947.4180000000001,29.256814920250882,26.0,1,0,6.504715919039678,0.5003627630030522,0,benign
56.8,35.39,54.56,1020.1,-35.0,1,0,0.056799999999999996,17.605633802506944,4.056988775678332,1,1,0,0.6486436950027742,1930.8784,28.824526701643844,35.0,1,0,616.197183087743,35.21126760501389,1,flood
37.6,22.47,58.65,1014.8,-34.0,1,0,0.0376,26.59574468014373,3.653252276470785,1,1,0,0.38312020459704826,1317.8654999999999,45.16243880528872,34.0,1,0,904.2553191248869,53.19148936028746,1,flood
43.9,24.78,56.66,1014.9,-33.0,1,0,0.0439,22.77904327966335,3.8044377947482086,1,1,0,0.43734557005934804,1404.0348,40.956416463238234,33.0,1,0,751.7084282288906,45.5580865593267,1,flood
52.7,35.3,55.21,1019.3,-35.0,1,0,0.052700000000000004,18.975332067951133,3.983413001514819,1,1,0,0.6393769244586238,1948.9129999999998,28.87535410683073,35.0,1,0,664.1366223782896,37.950664135902265,1,flood
56.8,36.97,54.55,1018.3,-23.0,1,0,0.056799999999999996,17.605633802506944,4.056988775678332,1,1,0,0.6777268560829015,2016.7134999999998,27.543954557004493,23.0,1,0,404.9295774576597,35.21126760501389,1,flood
49.8,25.28,51.3,1015.4,-32.0,1,0,0.0498,20.080321284737344,3.927896354584436,1,1,0,0.49278752435686585,1296.864,40.166139238917474,32.0,1,0,642.570281111595,40.16064256947469,1,flood
4001.7,35.22,55.55,1019.1,-31.0,1,0,4.0017,0.2498937951370043,8.294724412391991,0,0,1,0.6340234023288205,1956.4709999999998,28.935264053692926,31.0,1,0,7.746707649247133,0.4997875902740086,0,benign
52.8,22.41,60.62,1016.1,-34.0,1,0,0.0528,18.93939393903524,3.9852734671677386,1,1,0,0.36967997359997234,1358.4941999999999,45.341365459824125,34.0,1,0,643.9393939271982,37.87878787807048,1,flood
56.6,35.98,50.96,1018.3,-34.0,1,0,0.056600000000000004,17.667844522656047,4.053522567701846,1,1,0,0.7060439560301012,1833.5407999999998,28.301834351631413,34.0,1,0,600.7067137703056,35.335689045312094,1,flood
4006.1,35.51,54.69,1019.3,-26.0,1,0,4.0061,0.24961933052089325,8.295823066651169,0,0,1,0.6492960321695137,1942.0418999999997,28.704590255457493,26.0,1,0,6.490102593543225,0.4992386610417865,0,benign
4005.9,35.5,55.66,1019.3,-30.0,1,0,4.0059000000000005,0.24963179310510755,8.2957731539983,0,0,1,0.6378009342321632,1975.9299999999998,28.712676055529222,30.0,1,0,7.488953793153226,0.4992635862102151,0,benign
4480.6,35.18,55.6,1019.6,-27.0,1,0,4.480600000000001,0.22318439494705544,8.407735404505845,0,0,1,0.6327338129382603,1956.008,28.982376349375148,27.0,1,0,6.025978663570497,0.4463687898941109,0,benign
49.3,36.23,54.34,1019.3,-34.0,1,0,0.0493,20.283975658817774,3.9180050771056933,1,1,0,0.6667280088210024,1968.7382,28.134142974658182,34.0,1,0,689.6551723998043,40.56795131763555,1,flood
3994.4,34.75,56.21,1019.7,-33.0,1,0,3.9944,0.2503504906868991,8.292898978344631,0,0,1,0.6182173990283185,1953.2975000000001,29.343884891241906,33.0,1,0,8.261566192667669,0.5007009813737981,0,benign
49.6,34.78,57.76,1019.7,-35.0,1,0,0.0496,20.161290322174167,3.92395157629342,1,1,0,0.6021468143940072,2008.8928,29.31857389219901,35.0,1,0,705.6451612760959,40.322580644348335,1,flood
49.3,23.72,54.83,1015.9,-32.0,1,0,0.0493,20.283975658817774,3.9180050771056933,1,1,0,0.43260988509150816,1300.5675999999999,42.82883642315224,32.0,1,0,649.0872210821688,40.56795131763555,1,flood
50.3,27.4,57.76,1014.4,-35.0,1,0,0.0503,19.880715705370168,3.937690752176724,1,1,0,0.4743767312937262,1582.6239999999998,37.02189780886781,35.0,1,0,695.8250496879559,39.761431410740336,1,flood
42.8,23.42,56.2,1016.2,-34.0,1,0,0.0428,23.364485980762517,3.7796338173824005,1,1,0,0.41672597864027183,1316.2040000000002,43.390264729146445,34.0,1,0,794.3925233459256,46.72897196152503,1,flood
52.7,35.43,54.2,1019.5,-35.0,1,0,0.052700000000000004,18.975332067951133,3.983413001514819,1,1,0,0.6536900368883083,1920.306,28.775049392357467,35.0,1,0,664.1366223782896,37.950664135902265,1,flood
49.8,23.42,58.7,1015.4,-34.0,1,0,0.0498,20.080321284737344,3.927896354584436,1,1,0,0.39897785348553705,1374.7540000000001,43.35610589054841,34.0,1,0,682.7309236810697,40.16064256947469,1,flood
44.8,23.19,59.49,1014.8,-34.0,1,0,0.0448,22.32142857093033,3.8242840911201395,1,1,0,0.3898134140126103,1379.5731,43.76024148151098,34.0,1,0,758.9285714116312,44.64285714186066,1,flood
50.2,36.26,59.96,1019.1,-35.0,1,0,0.0502,19.92031872470278,3.9357395320454622,1,1,0,0.6047364909839104,2174.1495999999997,28.10535024743229,35.0,1,0,697.2111553645973,39.84063744940556,1,flood
50.0,31.14,54.96,1015.2,-35.0,1,0,0.05,19.9999999996,3.9318256327243257,1,1,0,0.5665938864525729,1711.4544,32.60115606831724,35.0,1,0,699.999999986,39.9999999992,1,flood
56.4,32.3,54.28,1016.6,-34.0,1,0,0.0564,17.73049645358634,4.050044303325521,1,1,0,0.5950626381614763,1753.244,31.473684209551905,34.0,1,0,602.8368794219356,35.46099290717268,1,flood
44.3,24.47,59.14,1016.7,-32.0,1,0,0.0443,22.573363430641688,3.8133070324889884,1,1,0,0.41376394994227655,1447.1558,41.548835306843124,32.0,1,0,722.347629780534,45.146726861283376,1,flood
47.8,25.29,56.91,1014.5,-34.0,1,0,0.047799999999999995,20.920502091612544,3.8877303128591016,1,1,0,0.44438587242234434,1439.2539,40.114669828386134,34.0,1,0,711.2970711148265,41.84100418322509,1,flood
50.0,24.49,60.2,1016.7,-34.0,1,0,0.05,19.9999999996,3.9318256327243257,1,1,0,0.4068106312224782,1474.298,41.51490404077114,34.0,1,0,679.9999999864,39.9999999992,1,flood
50.0,25.61,53.85,1015.3,-32.0,1,0,0.05,19.9999999996,3.9318256327243257,1,1,0,0.47558031568290476,1379.0985,39.6446700492134,32.0,1,0,639.9999999872,39.9999999992,1,flood
3990.1,34.89,56.03,1019.7,-32.0,1,0,3.9901,0.25062028520582175,8.291822161111677,0,0,1,0.622702123851103,1954.8867,29.22613929408925,32.0,1,0,8.019849126586296,0.5012405704116435,0,benign
45.3,25.64,51.39,1015.6,-32.0,1,0,0.0453,22.075055187150664,3.835141961092188,1,1,0,0.49892975286049956,1317.6396,39.60998439783113,32.0,1,0,706.4017659888212,44.15011037430133,1,flood
52.8,34.67,55.55,1019.9,-34.0,1,0,0.0528,18.93939393903524,3.9852734671677386,1,1,0,0.6241224122299889,1925.9185,29.417363714178904,34.0,1,0,643.9393939271982,37.87878787807048,1,flood
50.0,36.01,53.08,1019.0,-34.0,1,0,0.05,19.9999999996,3.9318256327243257,1,1,0,0.6784099472366539,1911.4107999999999,28.29769508391287,34.0,1,0,679.9999999864,39.9999999992,1,flood
44.9,22.31,58.77,1014.9,-34.0,1,0,0.044899999999999995,22.27171492155297,3.8264651170664994,1,1,0,0.3796154500530948,1311.1587,45.49081129334421,34.0,1,0,757.238307332801,44.54342984310594,1,flood
4009.2,35.07,55.92,1019.3,-30.0,1,0,4.0092,0.24942631946516777,8.296596394368603,0,0,1,0.6271459227355661,1961.1144000000002,29.064727686653416,30.0,1,0,7.482789583955033,0.49885263893033555,0,benign
4001.8,35.31,55.41,1019.5,-26.0,1,0,4.0018,0.24988755060216655,8.294749395216302,0,0,1,0.6372495939246121,1956.5271,28.87284055426585,26.0,1,0,6.49707631565633,0.4997751012043331,0,benign
3998.1,35.32,56.51,1019.4,-33.0,1,0,3.9981,0.25011880643299317,8.29382461478573,0,0,1,0.6250221199677045,1995.9332,28.861834653769485,33.0,1,0,8.253920612288775,0.5002376128659863,0,benign
4003.3,36.25,53.55,1019.4,-31.0,1,0,4.0033,0.2497939200159244,8.295124062703293,0,0,1,0.6769374416306828,1941.1875,28.12137930956907,31.0,1,0,7.743611520493657,0.4995878400318488,0,benign
57.7,23.91,60.58,1015.1,-35.0,1,0,0.0577,17.331022530028925,4.072439726834051,1,1,0,0.39468471442068864,1448.4678,42.45503973055395,35.0,1,0,606.5857885510123,34.66204506005785,1,flood
3996.4,35.03,56.53,1019.8,-31.0,1,0,3.9964,0.25022520268235154,8.293399428760441,0,0,1,0.619670971154791,1980.2459000000001,29.112189550981668,31.0,1,0,7.756981283152898,0.5004504053647031,0,benign
52.1,24.69,57.4,1015.1,-34.0,1,0,0.0521,19.193857965082653,3.9721769282478934,1,1,0,0.430139372814806,1417.2060000000001,41.113811257954076,34.0,1,0,652.5911708128102,38.38771593016531,1,flood
45.2,33.05,54.92,1017.0,-35.0,1,0,0.045200000000000004,22.12389380482027,3.832979798087693,1,1,0,0.6017844136816863,1815.106,30.771558244152153,35.0,1,0,774.3362831687094,44.24778760964054,1,flood
3999.8,35.25,56.21,1019.3,-33.0,1,0,3.9998,0.2500125006249687,8.294249620104694,0,0,1,0.6271126134028268,1981.4025,28.91631205591727,33.0,1,0,8.250412520623968,0.5000250012499374,0,benign
37.4,24.09,54.26,1015.8,-32.0,1,0,0.037399999999999996,26.737967913723587,3.648057459593681,1,1,0,0.4439734611049766,1307.1234,42.16687421991835,32.0,1,0,855.6149732391548,53.475935827447174,1,flood
50.0,24.69,57.43,1016.2,-32.0,1,0,0.05,19.9999999996,3.9318256327243257,1,1,0,0.429914678731849,1417.9467,41.15836370833704,32.0,1,0,639.9999999872,39.9999999992,1,flood
3999.0,35.2,55.32,1019.5,-26.0,1,0,3.999,0.2500625156288447,8.294049640102028,0,0,1,0.6362979030976809,1947.2640000000001,28.963068180995368,26.0,1,0,6.5016254063499614,0.5001250312576894,0,benign
57.8,34.54,55.92,1019.2,-34.0,1,0,0.0578,17.301038061984414,4.074141854904581,1,1,0,0.6176680972707856,1931.4768,29.507817022886286,34.0,1,0,588.23529410747,34.60207612396883,1,flood
52.7,32.66,53.23,1019.0,-34.0,1,0,0.052700000000000004,18.975332067951133,3.983413001514819,1,1,0,0.6135637798118813,1738.4917999999998,31.200244946993262,34.0,1,0,645.1612903103385,37.950664135902265,1,flood
7.5,25.52,56.44,1014.8,-34.0,1,0,0.0075,133.33333331555556,2.1400661634962708,1,1,0,0.45216158751856556,1440.3488,39.764890280573475,34.0,1,0,4533.333332728889,266.6666666311111,1,flood
60.0,22.63,61.33,1016.1,-34.0,1,0,0.06,16.66666666638889,4.110873864173311,1,1,0,0.3689874449638189,1387.8979,44.90057445669905,34.0,1,0,566.6666666572222,33.33333333277778,1,flood
57.9,32.52,52.91,1019.2,-35.0,1,0,0.0579,17.271157167231934,4.075841090657541,1,1,0,0.6146286146169982,1720.6332,31.340713406170337,35.0,1,0,604.4905008531177,34.54231433446387,1,flood
60.2,25.02,57.24,1015.0,-34.0,1,0,0.060200000000000004,16.611295680787187,4.11414718951828,1,1,0,0.43710691823135733,1432.1448,40.56754596160801,34.0,1,0,564.7840531467643,33.22259136157437,1,flood
42.6,23.07,61.45,1016.0,-34.0,1,0,0.0426,23.47417840320483,3.775057150354989,1,1,0,0.37542717656020463,1417.6515000000002,44.03987862834678,34.0,1,0,798.1220657089643,46.94835680640966,1,flood
4037.2,35.29,55.73,1019.2,-30.0,1,0,4.0371999999999995,0.24769642326358673,8.303554327116274,0,0,1,0.6332316525994397,1966.7116999999998,28.88070274783563,30.0,1,0,7.430892697907602,0.49539284652717347,0,benign
4000.5,35.42,56.49,1019.4,-32.0,1,0,4.0005,0.2499687539056993,8.2944245698071,0,0,1,0.6270136307200034,2000.8758000000003,28.780350083885367,32.0,1,0,7.999000124982378,0.4999375078113986,0,benign
52.7,34.71,55.41,1019.7,-34.0,1,0,0.052700000000000004,18.975332067951133,3.983413001514819,1,1,0,0.6264212235945422,1923.2811,29.377700949888286,34.0,1,0,645.1612903103385,37.950664135902265,1,flood
51.8,32.97,53.13,1019.0,-34.0,1,0,0.0518,19.305019304646624,3.966511190712216,1,1,0,0.6205533596721146,1751.6961000000001,30.906885046075015,34.0,1,0,656.3706563579852,38.61003860929325,1,flood
49.5,24.77,58.21,1014.7,-34.0,1,0,0.0495,20.202020201612083,3.9219733362813143,1,1,0,0.42552825974187375,1441.8617,40.96487686552423,34.0,1,0,686.8686868548108,40.404040403224165,1,flood
49.7,32.5,57.51,1018.8,-34.0,1,0,0.0497,20.120724345671615,3.9259259105971376,1,1,0,0.5651191097102223,1869.075,31.347692306727765,34.0,1,0,684.1046277528349,40.24144869134323,1,flood
43.7,35.63,50.25,1019.0,-34.0,1,0,0.0437,22.883295193984363,3.7999735016195233,1,1,0,0.7090547263540488,1790.4075,28.599494806943603,34.0,1,0,778.0320365954683,45.766590387968726,1,flood
4010.1,35.39,56.01,1019.0,-31.0,1,0,4.0100999999999996,0.2493703398917111,8.296820796897814,0,0,1,0.631851455086023,1982.1939,28.79344447502703,31.0,1,0,7.730480536643044,0.4987406797834222,0,benign
4001.5,35.27,56.58,1019.3,-32.0,1,0,4.0015,0.2499062851430089,8.29467444487087,0,0,1,0.623365146683928,1995.5766,28.899914941057556,32.0,1,0,7.997001124576284,0.4998125702860178,0,benign
45.1,35.2,52.14,1019.1,-34.0,1,0,0.0451,22.172949001725655,3.8308129500026027,1,1,0,0.6751054852191196,1835.3280000000002,28.951704544632054,34.0,1,0,753.8802660586723,44.34589800345131,1,flood
45.3,31.74,58.91,1018.7,-34.0,1,0,0.0453,22.075055187150664,3.835141961092188,1,1,0,0.5387879816578036,1869.8033999999998,32.09514807712366,34.0,1,0,750.5518763631226,44.15011037430133,1,flood
3994.9,35.09,55.49,1019.7,-25.0,1,0,3.9949,0.25031915692501683,8.293024114430288,0,0,1,0.6323661920952899,1947.1441000000002,29.059561127698505,25.0,1,0,6.257978923125421,0.5006383138500337,0,benign
49.6,35.93,52.87,1018.8,-34.0,1,0,0.0496,20.161290322174167,3.92395157629342,1,1,0,0.6795914507153473,1899.6191,28.355134983903284,34.0,1,0,685.4838709539217,40.322580644348335,1,flood
49.7,27.71,60.42,1014.5,-34.0,1,0,0.0497,20.120724345671615,3.9259259105971376,1,1,0,0.4586229725180632,1674.2382,36.61133164790287,34.0,1,0,684.1046277528349,40.24144869134323,1,flood
53.2,24.87,51.32,1015.6,-32.0,1,0,0.053200000000000004,18.79699248084968,3.9926809084456005,1,1,0,0.48460639126101707,1276.3284,40.83634901323537,32.0,1,0,601.5037593871898,37.59398496169936,1,flood
57.7,23.85,60.77,1015.0,-35.0,1,0,0.0577,17.331022530028925,4.072439726834051,1,1,0,0.39246338653295276,1449.3645000000001,42.557651989829864,35.0,1,0,606.5857885510123,34.66204506005785,1,flood
49.8,35.62,59.5,1019.3,-34.0,1,0,0.0498,20.080321284737344,3.927896354584436,1,1,0,0.5986554621748125,2119.39,28.615946096894557,34.0,1,0,682.7309236810697,40.16064256947469,1,flood
67.7,24.7,56.92,1015.7,-33.0,1,0,0.0677,14.771048744242671,4.229749199228304,1,1,0,0.433942375255904,1405.924,41.12145748821371,33.0,1,0,487.44460856000813,29.542097488485343,1,flood
67.8,26.59,57.28,1014.7,-34.0,1,0,0.0678,14.749262536655616,4.231203744939298,1,1,0,0.4642108938466444,1523.0752,38.160962766522715,34.0,1,0,501.4749262462909,29.49852507331123,1,flood
49.7,37.11,50.55,1018.3,-34.0,1,0,0.0497,20.120724345671615,3.9259259105971376,1,1,0,0.7341246290655961,1875.9105,27.440043114323903,34.0,1,0,684.1046277528349,40.24144869134323,1,flood
49.8,27.92,57.42,1014.6,-34.0,1,0,0.0498,20.080321284737344,3.927896354584436,1,1,0,0.48624172761256984,1603.1664,36.339541545976374,34.0,1,0,682.7309236810697,40.16064256947469,1,flood
51.5,35.34,55.39,1019.3,-35.0,1,0,0.0515,19.417475727778303,3.960813169597578,1,1,0,0.6380213034728649,1957.4826000000003,28.84267119329817,35.0,1,0,679.6116504722406,38.834951455556606,1,flood
57.0,27.02,60.9,1014.5,-34.0,1,0,0.057,17.543859648815022,4.060443010546419,1,1,0,0.4436781609122549,1645.518,37.54626202673774,34.0,1,0,596.4912280597108,35.087719297630045,1,flood
49.8,22.72,60.01,1015.7,-34.0,1,0,0.0498,20.080321284737344,3.927896354584436,1,1,0,0.3786035660660123,1363.4271999999999,44.70510563183517,34.0,1,0,682.7309236810697,40.16064256947469,1,flood
45.3,25.69,53.38,1015.2,-32.0,1,0,0.0453,22.075055187150664,3.835141961092188,1,1,0,0.48126639189806547,1371.3322,39.517321913603844,32.0,1,0,706.4017659888212,44.15011037430133,1,flood
56.7,31.95,56.69,1018.9,-34.0,1,0,0.0567,17.636684303039917,4.055257173514054,1,1,0,0.5635914623290953,1811.2455,31.890453833117668,34.0,1,0,599.6472663033572,35.273368606079835,1,flood
45.2,25.52,56.3,1014.8,-33.0,1,0,0.045200000000000004,22.12389380482027,3.832979798087693,1,1,0,0.45328596802036797,1436.7759999999998,39.764890280573475,33.0,1,0,730.0884955590689,44.24778760964054,1,flood
57.0,37.13,53.51,1018.1,-33.0,1,0,0.057,17.543859648815022,4.060443010546419,1,1,0,0.6938889926986753,1986.8263000000002,27.419876110223004,33.0,1,0,578.9473684108957,35.087719297630045,1,flood
4002.2,34.88,55.84,1019.7,-26.0,1,0,4.0022,0.2498625755833667,8.294849320272592,0,0,1,0.6246418337997021,1947.6992000000002,29.23451834778571,26.0,1,0,6.496426965167534,0.4997251511667334,0,benign
49.7,36.94,53.23,1018.1,-33.0,1,0,0.0497,20.120724345671615,3.9259259105971376,1,1,0,0.6939695660211541,1966.3161999999998,27.56090958236165,33.0,1,0,663.9839034071633,40.24144869134323,1,flood
3995.2,35.97,55.08,1019.2,-30.0,1,0,3.9951999999999996,0.2503003604324564,8.293099188566032,0,0,1,0.6530501089206056,1981.2276,28.334723379807212,30.0,1,0,7.509010812973692,0.5006007208649128,0,benign
60.2,35.4,54.43,1019.5,-35.0,1,0,0.060200000000000004,16.611295680787187,4.11414718951828,1,1,0,0.6503766305226828,1926.822,28.79943502743505,35.0,1,0,581.3953488275515,33.22259136157437,1,flood
61.1,22.47,59.61,1015.2,-34.0,1,0,0.0611,16.3666121110251,4.128745988939433,1,1,0,0.37695017613861853,1339.4367,45.18024031841655,34.0,1,0,556.4648117748534,32.7332242220502,1,flood
68.0,35.05,54.69,1019.6,-34.0,1,0,0.068,14.705882352724913,4.23410650459726,1,1,0,0.6408849881031106,1916.8844999999997,29.089871611152933,34.0,1,0,499.9999999926471,29.411764705449826,1,flood
