Dataset,Attack,Partition_Mode,Strategy,Metric,N_Seeds,Mean,Std,CI95_Low,CI95_High,CI95_Width
NBaIoT_MixedDevice_9Sources_Balanced,Cumulative,IID,Adaptive_FixedCircuitBreaker,F1_Mean_Over_Rounds,10,0.997507186713071,0.0012791780023031734,0.9965921178951351,0.9984222555310069,0.0018301376358718091
NBaIoT_MixedDevice_9Sources_Balanced,Cumulative,IID,Adaptive_FixedCircuitBreaker,ASR_Mean_Over_Rounds,10,0.0016488888888888894,0.0010286326108047393,0.0009130494470249028,0.002384728330752876,0.0014716788837279733
NBaIoT_MixedDevice_9Sources_Balanced,Cumulative,IID,Adaptive_FixedCircuitBreaker,F1_Final_Round,10,0.9978888849451056,0.0014054610757379994,0.9968834786584787,0.9988942912317326,0.0020108125732538618
NBaIoT_MixedDevice_9Sources_Balanced,Cumulative,IID,Adaptive_FixedCircuitBreaker,ASR_Final_Round,10,0.0015555555555555555,0.0011944085553034888,0.0007011271469476487,0.0024099839641634623,0.0017088568172158136
NBaIoT_MixedDevice_9Sources_Balanced,Cumulative,IID,Adaptive_FixedCircuitBreaker,Time_Mean_Over_Rounds,10,0.43779093989300044,0.016654949836828734,0.42587670650833565,0.44970517327766524,0.023828466769329593
NBaIoT_MixedDevice_9Sources_Balanced,Cumulative,IID,Adaptive_FixedCircuitBreaker,Circuit_Breaker_Rate,10,0.075,0.23717082451262847,-0.09466178721405745,0.24466178721405746,0.3393235744281149
NBaIoT_MixedDevice_9Sources_Balanced,Cumulative,IID,Adaptive_NoAdaptiveWeighting,F1_Mean_Over_Rounds,10,0.9975305200326835,0.001145754656979435,0.996710896526245,0.998350143539122,0.0016392470128769876
NBaIoT_MixedDevice_9Sources_Balanced,Cumulative,IID,Adaptive_NoAdaptiveWeighting,ASR_Mean_Over_Rounds,10,0.0016333333333333334,0.0010067127234442712,0.0009131744342711442,0.0023534922323955225,0.0014403177981243782
NBaIoT_MixedDevice_9Sources_Balanced,Cumulative,IID,Adaptive_NoAdaptiveWeighting,F1_Final_Round,10,0.9979444413408676,0.001143061742705823,0.9971267442292518,0.9987621384524833,0.0016353942232314456
NBaIoT_MixedDevice_9Sources_Balanced,Cumulative,IID,Adaptive_NoAdaptiveWeighting,ASR_Final_Round,10,0.0014444444444444444,0.0011770554505237557,0.0006024296991810589,0.00228645918970783,0.0016840294905267712
NBaIoT_MixedDevice_9Sources_Balanced,Cumulative,IID,Adaptive_NoAdaptiveWeighting,Time_Mean_Over_Rounds,10,0.42245252965101016,0.021132668826644375,0.40733512906390557,0.43756993023811475,0.03023480117420918
NBaIoT_MixedDevice_9Sources_Balanced,Cumulative,IID,Adaptive_NoAdaptiveWeighting,Circuit_Breaker_Rate,10,0.0,0.0,0.0,0.0,0.0
NBaIoT_MixedDevice_9Sources_Balanced,Cumulative,IID,Adaptive_NoCircuitBreaker,F1_Mean_Over_Rounds,10,0.9974866310369732,0.0012858013080597355,0.9965668241915239,0.9984064378824226,0.0018396136908986893
NBaIoT_MixedDevice_9Sources_Balanced,Cumulative,IID,Adaptive_NoCircuitBreaker,ASR_Mean_Over_Rounds,10,0.0016488888888888894,0.0010286326108047393,0.0009130494470249028,0.002384728330752876,0.0014716788837279733
NBaIoT_MixedDevice_9Sources_Balanced,Cumulative,IID,Adaptive_NoCircuitBreaker,F1_Final_Round,10,0.9978888849451056,0.0014054610757379994,0.9968834786584787,0.9988942912317326,0.0020108125732538618
NBaIoT_MixedDevice_9Sources_Balanced,Cumulative,IID,Adaptive_NoCircuitBreaker,ASR_Final_Round,10,0.0015555555555555555,0.0011944085553034888,0.0007011271469476487,0.0024099839641634623,0.0017088568172158136
NBaIoT_MixedDevice_9Sources_Balanced,Cumulative,IID,Adaptive_NoCircuitBreaker,Time_Mean_Over_Rounds,10,0.4389819751840026,0.011794361461057928,0.4305447972611121,0.4474191531068931,0.01687435584578101
NBaIoT_MixedDevice_9Sources_Balanced,Cumulative,IID,Adaptive_NoCircuitBreaker,Circuit_Breaker_Rate,10,0.0,0.0,0.0,0.0,0.0
NBaIoT_MixedDevice_9Sources_Balanced,Cumulative,IID,Adaptive_NoTemporalMemory,F1_Mean_Over_Rounds,10,0.9975027422970909,0.0012788481144182543,0.9965879094667316,0.9984175751274502,0.0018296656607186268
NBaIoT_MixedDevice_9Sources_Balanced,Cumulative,IID,Adaptive_NoTemporalMemory,ASR_Mean_Over_Rounds,10,0.0016622222222222225,0.001015412097817956,0.0009358401656240398,0.002388604278820405,0.001452764113196365
NBaIoT_MixedDevice_9Sources_Balanced,Cumulative,IID,Adaptive_NoTemporalMemory,F1_Final_Round,10,0.9978888859739268,0.0013808429804530499,0.9969010904117742,0.9988766815360793,0.0019755911243051205
NBaIoT_MixedDevice_9Sources_Balanced,Cumulative,IID,Adaptive_NoTemporalMemory,ASR_Final_Round,10,0.0015555555555555555,0.0011944085553034888,0.0007011271469476487,0.0024099839641634623,0.0017088568172158136
NBaIoT_MixedDevice_9Sources_Balanced,Cumulative,IID,Adaptive_NoTemporalMemory,Time_Mean_Over_Rounds,10,0.4299412069629936,0.019041436602642542,0.4163197837893541,0.4435626301366331,0.027242846347279026
NBaIoT_MixedDevice_9Sources_Balanced,Cumulative,IID,Adaptive_NoTemporalMemory,Circuit_Breaker_Rate,10,0.0,0.0,0.0,0.0,0.0
NBaIoT_MixedDevice_9Sources_Balanced,Cumulative,IID,Adaptive_Ultimate,F1_Mean_Over_Rounds,10,0.9974838532429059,0.0012869455785004251,0.9965632278356945,0.9984044786501173,0.001841250814422768
NBaIoT_MixedDevice_9Sources_Balanced,Cumulative,IID,Adaptive_Ultimate,ASR_Mean_Over_Rounds,10,0.0016488888888888894,0.0010286326108047393,0.0009130494470249028,0.002384728330752876,0.0014716788837279733
NBaIoT_MixedDevice_9Sources_Balanced,Cumulative,IID,Adaptive_Ultimate,F1_Final_Round,10,0.9978333290637609,0.0014451608987547239,0.9967995232345723,0.9988671348929494,0.0020676116583771
NBaIoT_MixedDevice_9Sources_Balanced,Cumulative,IID,Adaptive_Ultimate,ASR_Final_Round,10,0.0015555555555555555,0.0011944085553034888,0.0007011271469476487,0.0024099839641634623,0.0017088568172158136
NBaIoT_MixedDevice_9Sources_Balanced,Cumulative,IID,Adaptive_Ultimate,Time_Mean_Over_Rounds,10,0.4200696733260038,0.019261374852249862,0.40629091580661675,0.4338484308453909,0.027557515038774127
NBaIoT_MixedDevice_9Sources_Balanced,Cumulative,IID,Adaptive_Ultimate,Circuit_Breaker_Rate,10,0.0,0.0,0.0,0.0,0.0
NBaIoT_MixedDevice_9Sources_Balanced,Cumulative,IID,FLAME,F1_Mean_Over_Rounds,10,0.9970700480373512,0.0015488951193788276,0.995962035217052,0.9981780608576505,0.002216025640598529
NBaIoT_MixedDevice_9Sources_Balanced,Cumulative,IID,FLAME,ASR_Mean_Over_Rounds,10,0.0022566666666666664,0.0016239332258701548,0.0010949748186765286,0.003418358514656804,0.002323383695980275
NBaIoT_MixedDevice_9Sources_Balanced,Cumulative,IID,FLAME,F1_Final_Round,10,0.9976111051268564,0.0012015704277757915,0.9967515534233156,0.9984706568303972,0.0017191034070815903
NBaIoT_MixedDevice_9Sources_Balanced,Cumulative,IID,FLAME,ASR_Final_Round,10,0.0015555555555555555,0.0014998856838012286,0.00048260197345530295,0.002628509137655808,0.002145907164200505
NBaIoT_MixedDevice_9Sources_Balanced,Cumulative,IID,FLAME,Time_Mean_Over_Rounds,10,0.4370869344909976,0.018334292106661047,0.42397137201609014,0.4502024969659051,0.026231124949814943
NBaIoT_MixedDevice_9Sources_Balanced,Cumulative,IID,FLAME,Circuit_Breaker_Rate,10,0.0,0.0,0.0,0.0,0.0
NBaIoT_MixedDevice_9Sources_Balanced,Cumulative,IID,FLTrust,F1_Mean_Over_Rounds,10,0.997509408949011,0.0012795849466924678,0.9965940490205958,0.9984247688774261,0.001830719856830365
NBaIoT_MixedDevice_9Sources_Balanced,Cumulative,IID,FLTrust,ASR_Mean_Over_Rounds,10,0.001671111111111111,0.001007818543555959,0.0009501611559952452,0.002392061066226977,0.001441899910231732
NBaIoT_MixedDevice_9Sources_Balanced,Cumulative,IID,FLTrust,F1_Final_Round,10,0.9979444418552716,0.0013366746914531518,0.9969882423836808,0.9989006413268625,0.0019123989431817368
NBaIoT_MixedDevice_9Sources_Balanced,Cumulative,IID,FLTrust,ASR_Final_Round,10,0.0015555555555555555,0.0011944085553034888,0.0007011271469476487,0.0024099839641634623,0.0017088568172158136
NBaIoT_MixedDevice_9Sources_Balanced,Cumulative,IID,FLTrust,Time_Mean_Over_Rounds,10,0.4307191694590071,0.02012019683580912,0.41632604770266635,0.4451122912153479,0.028786243512681553
NBaIoT_MixedDevice_9Sources_Balanced,Cumulative,IID,FLTrust,Circuit_Breaker_Rate,10,0.0,0.0,0.0,0.0,0.0
NBaIoT_MixedDevice_9Sources_Balanced,Cumulative,IID,FedAvg,F1_Mean_Over_Rounds,10,0.9971667295345845,0.0015124378169394637,0.9960847966973589,0.9982486623718101,0.0021638656744511486
NBaIoT_MixedDevice_9Sources_Balanced,Cumulative,IID,FedAvg,ASR_Mean_Over_Rounds,10,0.00221,0.0015159096831119385,0.001125583539331279,0.0032944164606687216,0.002168832921337443
NBaIoT_MixedDevice_9Sources_Balanced,Cumulative,IID,FedAvg,F1_Final_Round,10,0.9979444416838034,0.0007878563918958058,0.9973808431729336,0.9985080401946731,0.0011271970217394678
NBaIoT_MixedDevice_9Sources_Balanced,Cumulative,IID,FedAvg,ASR_Final_Round,10,0.0013333333333333333,0.000876456264162906,0.0007063542919676576,0.001960312374699009,0.0012539580827313512
NBaIoT_MixedDevice_9Sources_Balanced,Cumulative,IID,FedAvg,Time_Mean_Over_Rounds,10,0.44138571848000996,0.01243302867299072,0.432491665556435,0.45027977140358494,0.01778810584714996
NBaIoT_MixedDevice_9Sources_Balanced,Cumulative,IID,FedAvg,Circuit_Breaker_Rate,10,0.0,0.0,0.0,0.0,0.0
NBaIoT_MixedDevice_9Sources_Balanced,Cumulative,IID,Krum,F1_Mean_Over_Rounds,10,0.9967390570507548,0.0013657553677865798,0.995762054516518,0.9977160595849917,0.001954005068473652
NBaIoT_MixedDevice_9Sources_Balanced,Cumulative,IID,Krum,ASR_Mean_Over_Rounds,10,0.002321111111111111,0.001138555506760785,0.0015066375664987293,0.0031355846557234927,0.0016289470892247634
NBaIoT_MixedDevice_9Sources_Balanced,Cumulative,IID,Krum,F1_Final_Round,10,0.9969999913579766,0.0011770591769885526,0.9961579739469608,0.9978420087689923,0.0016840348220314993
NBaIoT_MixedDevice_9Sources_Balanced,Cumulative,IID,Krum,ASR_Final_Round,10,0.001888888888888889,0.001288335343031562,0.0009672693040224041,0.0028105084737553737,0.0018432391697329694
NBaIoT_MixedDevice_9Sources_Balanced,Cumulative,IID,Krum,Time_Mean_Over_Rounds,10,0.4187566558219958,0.015909985761076946,0.4073753376336332,0.43013797401035836,0.022762636376725154
NBaIoT_MixedDevice_9Sources_Balanced,Cumulative,IID,Krum,Circuit_Breaker_Rate,10,0.0,0.0,0.0,0.0,0.0
NBaIoT_MixedDevice_9Sources_Balanced,Cumulative,NonIID_Dirichlet,Adaptive_FixedCircuitBreaker,F1_Mean_Over_Rounds,10,0.9958720646722806,0.0017602646781636122,0.9946128471783889,0.9971312821661723,0.002518434987783369
NBaIoT_MixedDevice_9Sources_Balanced,Cumulative,NonIID_Dirichlet,Adaptive_FixedCircuitBreaker,ASR_Mean_Over_Rounds,10,0.003256666666666667,0.0020692367531872087,0.0017764238651493069,0.004736909468184027,0.0029604856030347204
NBaIoT_MixedDevice_9Sources_Balanced,Cumulative,NonIID_Dirichlet,Adaptive_FixedCircuitBreaker,F1_Final_Round,10,0.9968888765430772,0.0013405328637987343,0.9959299171012544,0.9978478359849,0.001917918883645564
NBaIoT_MixedDevice_9Sources_Balanced,Cumulative,NonIID_Dirichlet,Adaptive_FixedCircuitBreaker,ASR_Final_Round,10,0.0021111111111111113,0.0012227832606829022,0.0012363846610546564,0.0029858375611675663,0.0017494529001129099
NBaIoT_MixedDevice_9Sources_Balanced,Cumulative,NonIID_Dirichlet,Adaptive_FixedCircuitBreaker,Time_Mean_Over_Rounds,10,0.42631793703598675,0.022962679924660178,0.4098914253718813,0.4427444487000922,0.03285302332821094
NBaIoT_MixedDevice_9Sources_Balanced,Cumulative,NonIID_Dirichlet,Adaptive_FixedCircuitBreaker,Circuit_Breaker_Rate,10,0.03,0.09486832980505139,-0.037864714885622985,0.09786471488562298,0.13572942977124597
NBaIoT_MixedDevice_9Sources_Balanced,Cumulative,NonIID_Dirichlet,Adaptive_NoAdaptiveWeighting,F1_Mean_Over_Rounds,10,0.9958017245011463,0.0020669632621218427,0.9943231080571633,0.9972803409451294,0.0029572328879661214
NBaIoT_MixedDevice_9Sources_Balanced,Cumulative,NonIID_Dirichlet,Adaptive_NoAdaptiveWeighting,ASR_Mean_Over_Rounds,10,0.0032199999999999998,0.002140079354450916,0.0016890794544304683,0.004750920545569531,0.0030618410911390625
NBaIoT_MixedDevice_9Sources_Balanced,Cumulative,NonIID_Dirichlet,Adaptive_NoAdaptiveWeighting,F1_Final_Round,10,0.9973888844135658,0.00120156885976316,0.9965293338317136,0.9982484349954179,0.0017191011637043285
NBaIoT_MixedDevice_9Sources_Balanced,Cumulative,NonIID_Dirichlet,Adaptive_NoAdaptiveWeighting,ASR_Final_Round,10,0.001888888888888889,0.0011770554505237559,0.0010468741436255034,0.0027309036341522748,0.0016840294905267714
NBaIoT_MixedDevice_9Sources_Balanced,Cumulative,NonIID_Dirichlet,Adaptive_NoAdaptiveWeighting,Time_Mean_Over_Rounds,10,0.42121969511400675,0.03016686765925375,0.39963961800192327,0.44279977222609024,0.04316015422416697
NBaIoT_MixedDevice_9Sources_Balanced,Cumulative,NonIID_Dirichlet,Adaptive_NoAdaptiveWeighting,Circuit_Breaker_Rate,10,0.0,0.0,0.0,0.0,0.0
NBaIoT_MixedDevice_9Sources_Balanced,Cumulative,NonIID_Dirichlet,Adaptive_NoCircuitBreaker,F1_Mean_Over_Rounds,10,0.9958726202269789,0.0017597338753165398,0.9946137824465695,0.9971314580073882,0.002517675560818722
NBaIoT_MixedDevice_9Sources_Balanced,Cumulative,NonIID_Dirichlet,Adaptive_NoCircuitBreaker,ASR_Mean_Over_Rounds,10,0.003255555555555556,0.0020694525229770235,0.0017751584016289482,0.004735952709482164,0.0029607943078532157
NBaIoT_MixedDevice_9Sources_Balanced,Cumulative,NonIID_Dirichlet,Adaptive_NoCircuitBreaker,F1_Final_Round,10,0.996944432012899,0.0013418119039028799,0.9959845576009047,0.9979043064248933,0.0019197488239885985
NBaIoT_MixedDevice_9Sources_Balanced,Cumulative,NonIID_Dirichlet,Adaptive_NoCircuitBreaker,ASR_Final_Round,10,0.002,0.0011475506210984938,0.0011790917382259835,0.0028209082617740165,0.001641816523548033
NBaIoT_MixedDevice_9Sources_Balanced,Cumulative,NonIID_Dirichlet,Adaptive_NoCircuitBreaker,Time_Mean_Over_Rounds,10,0.4276399643339891,0.018857611962129383,0.4141500413864315,0.4411298872815467,0.02697984589511515
NBaIoT_MixedDevice_9Sources_Balanced,Cumulative,NonIID_Dirichlet,Adaptive_NoCircuitBreaker,Circuit_Breaker_Rate,10,0.0,0.0,0.0,0.0,0.0
NBaIoT_MixedDevice_9Sources_Balanced,Cumulative,NonIID_Dirichlet,Adaptive_NoTemporalMemory,F1_Mean_Over_Rounds,10,0.9960019817566949,0.001663967699032313,0.9948116509718505,0.9971923125415392,0.0023806615696886357
NBaIoT_MixedDevice_9Sources_Balanced,Cumulative,NonIID_Dirichlet,Adaptive_NoTemporalMemory,ASR_Mean_Over_Rounds,10,0.003158888888888889,0.0019400482932062713,0.001771061944392891,0.004546715833384887,0.002775653888991996
NBaIoT_MixedDevice_9Sources_Balanced,Cumulative,NonIID_Dirichlet,Adaptive_NoTemporalMemory,F1_Final_Round,10,0.9968333210732556,0.001336689508823884,0.9958771110019563,0.9977895311445549,0.0019124201425986254
NBaIoT_MixedDevice_9Sources_Balanced,Cumulative,NonIID_Dirichlet,Adaptive_NoTemporalMemory,ASR_Final_Round,10,0.0021111111111111113,0.0012227832606829022,0.0012363846610546564,0.0029858375611675663,0.0017494529001129099
NBaIoT_MixedDevice_9Sources_Balanced,Cumulative,NonIID_Dirichlet,Adaptive_NoTemporalMemory,Time_Mean_Over_Rounds,10,0.42456906429900665,0.026077627267009535,0.4059142535417615,0.44322387505625177,0.03730962151449024
NBaIoT_MixedDevice_9Sources_Balanced,Cumulative,NonIID_Dirichlet,Adaptive_NoTemporalMemory,Circuit_Breaker_Rate,10,0.0,0.0,0.0,0.0,0.0
NBaIoT_MixedDevice_9Sources_Balanced,Cumulative,NonIID_Dirichlet,Adaptive_Ultimate,F1_Mean_Over_Rounds,10,0.9958720646722806,0.0017602646781636122,0.9946128471783889,0.9971312821661723,0.002518434987783369
NBaIoT_MixedDevice_9Sources_Balanced,Cumulative,NonIID_Dirichlet,Adaptive_Ultimate,ASR_Mean_Over_Rounds,10,0.003256666666666667,0.0020692367531872087,0.0017764238651493069,0.004736909468184027,0.0029604856030347204
NBaIoT_MixedDevice_9Sources_Balanced,Cumulative,NonIID_Dirichlet,Adaptive_Ultimate,F1_Final_Round,10,0.9968888765430772,0.0013405328637987343,0.9959299171012544,0.9978478359849,0.001917918883645564
NBaIoT_MixedDevice_9Sources_Balanced,Cumulative,NonIID_Dirichlet,Adaptive_Ultimate,ASR_Final_Round,10,0.0021111111111111113,0.0012227832606829022,0.0012363846610546564,0.0029858375611675663,0.0017494529001129099
NBaIoT_MixedDevice_9Sources_Balanced,Cumulative,NonIID_Dirichlet,Adaptive_Ultimate,Time_Mean_Over_Rounds,10,0.42561502262398154,0.025557184823522934,0.407332513962854,0.44389753128510906,0.03656501732225503
NBaIoT_MixedDevice_9Sources_Balanced,Cumulative,NonIID_Dirichlet,Adaptive_Ultimate,Circuit_Breaker_Rate,10,0.0,0.0,0.0,0.0,0.0
NBaIoT_MixedDevice_9Sources_Balanced,Cumulative,NonIID_Dirichlet,FLAME,F1_Mean_Over_Rounds,10,0.9818346176834722,0.043588461354253476,0.9506533108323012,1.0130159245346433,0.062362613702342085
NBaIoT_MixedDevice_9Sources_Balanced,Cumulative,NonIID_Dirichlet,FLAME,ASR_Mean_Over_Rounds,10,0.0043077777777777776,0.003098395752873834,0.0020913189784745384,0.006524236577081017,0.004432917598606478
NBaIoT_MixedDevice_9Sources_Balanced,Cumulative,NonIID_Dirichlet,FLAME,F1_Final_Round,10,0.996944439489013,0.0012896673991016528,0.9960218670086376,0.9978670119693884,0.001845144960750833
NBaIoT_MixedDevice_9Sources_Balanced,Cumulative,NonIID_Dirichlet,FLAME,ASR_Final_Round,10,0.0023333333333333335,0.0016932043630611053,0.0011220878989679833,0.0035445787676986838,0.0024224908687307005
NBaIoT_MixedDevice_9Sources_Balanced,Cumulative,NonIID_Dirichlet,FLAME,Time_Mean_Over_Rounds,10,0.421325945627992,0.02245690975191404,0.4052612401498034,0.43739065110618064,0.032129410956377225
NBaIoT_MixedDevice_9Sources_Balanced,Cumulative,NonIID_Dirichlet,FLAME,Circuit_Breaker_Rate,10,0.0,0.0,0.0,0.0,0.0
NBaIoT_MixedDevice_9Sources_Balanced,Cumulative,NonIID_Dirichlet,FLTrust,F1_Mean_Over_Rounds,10,0.9960275380283135,0.0016354094526673535,0.9948576365822293,0.9971974394743977,0.0023398028921683967
NBaIoT_MixedDevice_9Sources_Balanced,Cumulative,NonIID_Dirichlet,FLTrust,ASR_Mean_Over_Rounds,10,0.003163333333333333,0.0019475639879008983,0.0017701299847342337,0.004556536681932432,0.0027864066971981984
NBaIoT_MixedDevice_9Sources_Balanced,Cumulative,NonIID_Dirichlet,FLTrust,F1_Final_Round,10,0.9969444361624881,0.0011490530355265927,0.9961224531381773,0.9977664191867989,0.0016439660486216034
NBaIoT_MixedDevice_9Sources_Balanced,Cumulative,NonIID_Dirichlet,FLTrust,ASR_Final_Round,10,0.0021111111111111113,0.0012227832606829022,0.0012363846610546564,0.0029858375611675663,0.0017494529001129099
NBaIoT_MixedDevice_9Sources_Balanced,Cumulative,NonIID_Dirichlet,FLTrust,Time_Mean_Over_Rounds,10,0.42530639448401414,0.02715906186709392,0.4058779720172239,0.44473481695080436,0.03885684493358044
NBaIoT_MixedDevice_9Sources_Balanced,Cumulative,NonIID_Dirichlet,FLTrust,Circuit_Breaker_Rate,10,0.0,0.0,0.0,0.0,0.0
NBaIoT_MixedDevice_9Sources_Balanced,Cumulative,NonIID_Dirichlet,FedAvg,F1_Mean_Over_Rounds,10,0.9975477616527201,0.0010604423691167792,0.9967891668805697,0.9983063564248704,0.00151718954430069
NBaIoT_MixedDevice_9Sources_Balanced,Cumulative,NonIID_Dirichlet,FedAvg,ASR_Mean_Over_Rounds,10,0.0017022222222222224,0.0007919485095010661,0.0011356963867634622,0.0022687480576809825,0.0011330516709175203
NBaIoT_MixedDevice_9Sources_Balanced,Cumulative,NonIID_Dirichlet,FedAvg,F1_Final_Round,10,0.9981111085733791,0.0009868852973389138,0.9974051333605094,0.9988170837862489,0.0014119504257394944
NBaIoT_MixedDevice_9Sources_Balanced,Cumulative,NonIID_Dirichlet,FedAvg,ASR_Final_Round,10,0.0014444444444444444,0.0009147473359428495,0.0007900736204432909,0.0020988152684455978,0.0013087416480023067
NBaIoT_MixedDevice_9Sources_Balanced,Cumulative,NonIID_Dirichlet,FedAvg,Time_Mean_Over_Rounds,10,0.4289166926100343,0.024077547646518226,0.4116926526218342,0.4461407325982344,0.0344480799764002
NBaIoT_MixedDevice_9Sources_Balanced,Cumulative,NonIID_Dirichlet,FedAvg,Circuit_Breaker_Rate,10,0.0,0.0,0.0,0.0,0.0
NBaIoT_MixedDevice_9Sources_Balanced,Cumulative,NonIID_Dirichlet,Krum,F1_Mean_Over_Rounds,10,0.9253125685458514,0.1448340547541745,0.8217045272551593,1.0289206098365435,0.20721608258138424
NBaIoT_MixedDevice_9Sources_Balanced,Cumulative,NonIID_Dirichlet,Krum,ASR_Mean_Over_Rounds,10,0.013235555555555556,0.017833032803898242,0.0004785723845703374,0.025992538726540775,0.025513966341970437
NBaIoT_MixedDevice_9Sources_Balanced,Cumulative,NonIID_Dirichlet,Krum,F1_Final_Round,10,0.9362770540203451,0.15472347847386747,0.8255945451755258,1.0469595628651645,0.22136501768963868
NBaIoT_MixedDevice_9Sources_Balanced,Cumulative,NonIID_Dirichlet,Krum,ASR_Final_Round,10,0.009222222222222222,0.011898634519530184,0.0007104518468450498,0.017733992597599394,0.017023540750754344
NBaIoT_MixedDevice_9Sources_Balanced,Cumulative,NonIID_Dirichlet,Krum,Time_Mean_Over_Rounds,10,0.42568807601999925,0.023372764394100996,0.4089682075986407,0.4424079444413578,0.03343973684271706
NBaIoT_MixedDevice_9Sources_Balanced,Cumulative,NonIID_Dirichlet,Krum,Circuit_Breaker_Rate,10,0.0,0.0,0.0,0.0,0.0
NBaIoT_MixedDevice_9Sources_Balanced,OnOff,IID,Adaptive_FixedCircuitBreaker,F1_Mean_Over_Rounds,10,0.997723875250846,0.001147208457633399,0.9969032117580697,0.9985445387436224,0.001641326985552638
NBaIoT_MixedDevice_9Sources_Balanced,OnOff,IID,Adaptive_FixedCircuitBreaker,ASR_Mean_Over_Rounds,10,0.001631111111111111,0.0011923717301812922,0.000778139759420658,0.002484082462801564,0.0017059427033809058
NBaIoT_MixedDevice_9Sources_Balanced,OnOff,IID,Adaptive_FixedCircuitBreaker,F1_Final_Round,10,0.9978333317043868,0.0011549981921264477,0.9970070957712451,0.9986595676375285,0.001652471866283367
NBaIoT_MixedDevice_9Sources_Balanced,OnOff,IID,Adaptive_FixedCircuitBreaker,ASR_Final_Round,10,0.0016666666666666666,0.001200137166371826,0.0008081402565693035,0.0025251930767640294,0.0017170528201947259
NBaIoT_MixedDevice_9Sources_Balanced,OnOff,IID,Adaptive_FixedCircuitBreaker,Time_Mean_Over_Rounds,10,0.6641833712709848,0.0209602205221863,0.6491893327694003,0.6791774097725694,0.029988077003169078
NBaIoT_MixedDevice_9Sources_Balanced,OnOff,IID,Adaptive_FixedCircuitBreaker,Circuit_Breaker_Rate,10,0.46299999999999997,0.1681963138716185,0.34267960531015523,0.5833203946898446,0.2406407893796894
NBaIoT_MixedDevice_9Sources_Balanced,OnOff,IID,Adaptive_NoAdaptiveWeighting,F1_Mean_Over_Rounds,10,0.997721653035825,0.0011754414006526885,0.9968807929122836,0.9985625131593665,0.0016817202470829073
NBaIoT_MixedDevice_9Sources_Balanced,OnOff,IID,Adaptive_NoAdaptiveWeighting,ASR_Mean_Over_Rounds,10,0.0015799999999999998,0.0012508521101120397,0.0006851943046612647,0.002474805695338735,0.0017896113906774704
NBaIoT_MixedDevice_9Sources_Balanced,OnOff,IID,Adaptive_NoAdaptiveWeighting,F1_Final_Round,10,0.9979444430898466,0.0012015658506350977,0.997084894660595,0.9988039915190983,0.001719096858503244
NBaIoT_MixedDevice_9Sources_Balanced,OnOff,IID,Adaptive_NoAdaptiveWeighting,ASR_Final_Round,10,0.0015555555555555555,0.0011944085553034888,0.0007011271469476487,0.0024099839641634623,0.0017088568172158136
NBaIoT_MixedDevice_9Sources_Balanced,OnOff,IID,Adaptive_NoAdaptiveWeighting,Time_Mean_Over_Rounds,10,0.653392838709784,0.011040877728576445,0.645494670578474,0.6612910068410941,0.015796336262620114
NBaIoT_MixedDevice_9Sources_Balanced,OnOff,IID,Adaptive_NoAdaptiveWeighting,Circuit_Breaker_Rate,10,0.118,0.11350966674448677,0.036800075997896364,0.19919992400210362,0.16239984800420726
NBaIoT_MixedDevice_9Sources_Balanced,OnOff,IID,Adaptive_NoCircuitBreaker,F1_Mean_Over_Rounds,10,0.997795542037025,0.0010089907026689336,0.9970737535697928,0.9985173305042573,0.0014435769344645077
NBaIoT_MixedDevice_9Sources_Balanced,OnOff,IID,Adaptive_NoCircuitBreaker,ASR_Mean_Over_Rounds,10,0.0016277777777777777,0.0011218034911259333,0.0008252879032390118,0.0024302676523165435,0.0016049797490775316
NBaIoT_MixedDevice_9Sources_Balanced,OnOff,IID,Adaptive_NoCircuitBreaker,F1_Final_Round,10,0.9978333305726924,0.0007612921959940094,0.9972887349428131,0.9983779262025717,0.0010891912597585929
NBaIoT_MixedDevice_9Sources_Balanced,OnOff,IID,Adaptive_NoCircuitBreaker,ASR_Final_Round,10,0.0016666666666666666,0.0009442628728875528,0.0009911816994781655,0.002342151633855168,0.0013509699343770022
NBaIoT_MixedDevice_9Sources_Balanced,OnOff,IID,Adaptive_NoCircuitBreaker,Time_Mean_Over_Rounds,10,0.655816556771948,0.013825114593328601,0.6459266655715301,0.6657064479723658,0.019779782400835666
NBaIoT_MixedDevice_9Sources_Balanced,OnOff,IID,Adaptive_NoCircuitBreaker,Circuit_Breaker_Rate,10,0.0,0.0,0.0,0.0,0.0
NBaIoT_MixedDevice_9Sources_Balanced,OnOff,IID,Adaptive_NoTemporalMemory,F1_Mean_Over_Rounds,10,0.9977405422765674,0.0011125481130931233,0.996944673300622,0.9985364112525128,0.001591737951890826
NBaIoT_MixedDevice_9Sources_Balanced,OnOff,IID,Adaptive_NoTemporalMemory,ASR_Mean_Over_Rounds,10,0.001618888888888889,0.0011913502846291142,0.0007666482353282776,0.0024711295424495,0.0017044813071212224
NBaIoT_MixedDevice_9Sources_Balanced,OnOff,IID,Adaptive_NoTemporalMemory,F1_Final_Round,10,0.9978333319101482,0.0009955322100264011,0.997121171068572,0.9985454927517244,0.0014243216831524297
NBaIoT_MixedDevice_9Sources_Balanced,OnOff,IID,Adaptive_NoTemporalMemory,ASR_Final_Round,10,0.0016666666666666666,0.001200137166371826,0.0008081402565693035,0.0025251930767640294,0.0017170528201947259
NBaIoT_MixedDevice_9Sources_Balanced,OnOff,IID,Adaptive_NoTemporalMemory,Time_Mean_Over_Rounds,10,0.6539950143360475,0.008880155616069408,0.647642533689841,0.6603474949822539,0.01270496129241283
NBaIoT_MixedDevice_9Sources_Balanced,OnOff,IID,Adaptive_NoTemporalMemory,Circuit_Breaker_Rate,10,0.091,0.09938142012804338,0.01990681478447555,0.16209318521552446,0.14218637043104893
NBaIoT_MixedDevice_9Sources_Balanced,OnOff,IID,Adaptive_Ultimate,F1_Mean_Over_Rounds,10,0.9977310976570536,0.0011334199599823817,0.9969202978612952,0.998541897452812,0.0016215995915167536
NBaIoT_MixedDevice_9Sources_Balanced,OnOff,IID,Adaptive_Ultimate,ASR_Mean_Over_Rounds,10,0.0015977777777777778,0.0011800095324066857,0.0007536498096385833,0.0024419057459169726,0.0016882559362783893
NBaIoT_MixedDevice_9Sources_Balanced,OnOff,IID,Adaptive_Ultimate,F1_Final_Round,10,0.9978888874828508,0.001165343894883633,0.9970552506797944,0.9987225242859071,0.0016672736061127402
NBaIoT_MixedDevice_9Sources_Balanced,OnOff,IID,Adaptive_Ultimate,ASR_Final_Round,10,0.0015555555555555555,0.0011944085553034888,0.0007011271469476487,0.0024099839641634623,0.0017088568172158136
NBaIoT_MixedDevice_9Sources_Balanced,OnOff,IID,Adaptive_Ultimate,Time_Mean_Over_Rounds,10,0.6610414441789835,0.018394795144205996,0.6478826004383349,0.674200287919632,0.026317687481297147
NBaIoT_MixedDevice_9Sources_Balanced,OnOff,IID,Adaptive_Ultimate,Circuit_Breaker_Rate,10,0.093,0.0985506074168101,0.02250114239503917,0.16349885760496083,0.14099771520992166
NBaIoT_MixedDevice_9Sources_Balanced,OnOff,IID,FLAME,F1_Mean_Over_Rounds,10,0.9506669559908595,0.02595035491652218,0.9321031903884769,0.9692307215932421,0.037127531204765196
NBaIoT_MixedDevice_9Sources_Balanced,OnOff,IID,FLAME,ASR_Mean_Over_Rounds,10,0.22396555555555558,0.038635413597028344,0.19632744562320553,0.25160366548790564,0.055276219864700105
NBaIoT_MixedDevice_9Sources_Balanced,OnOff,IID,FLAME,F1_Final_Round,10,0.908059341787647,0.1800619477519273,0.7792507839575942,1.0368678996176999,0.2576171156601057
NBaIoT_MixedDevice_9Sources_Balanced,OnOff,IID,FLAME,ASR_Final_Round,10,0.8126666666666666,0.1754423763941946,0.6871627511100739,0.9381705822232594,0.2510078311131856
NBaIoT_MixedDevice_9Sources_Balanced,OnOff,IID,FLAME,Time_Mean_Over_Rounds,10,0.6689854365689752,0.02101974398972464,0.6539488175438188,0.6840220555941317,0.03007323805031281
NBaIoT_MixedDevice_9Sources_Balanced,OnOff,IID,FLAME,Circuit_Breaker_Rate,10,0.0,0.0,0.0,0.0,0.0
NBaIoT_MixedDevice_9Sources_Balanced,OnOff,IID,FLTrust,F1_Mean_Over_Rounds,10,0.9978127645341118,0.0009789982467906053,0.9971124313773196,0.998513097690904,0.0014006663135843755
NBaIoT_MixedDevice_9Sources_Balanced,OnOff,IID,FLTrust,ASR_Mean_Over_Rounds,10,0.0016688888888888888,0.0011692188427886209,0.0008324801150883536,0.0025052976626894242,0.0016728175476010707
NBaIoT_MixedDevice_9Sources_Balanced,OnOff,IID,FLTrust,F1_Final_Round,10,0.9981111092935491,0.0006521054903696748,0.9976446211275802,0.9985775974595179,0.0009329763319376738
NBaIoT_MixedDevice_9Sources_Balanced,OnOff,IID,FLTrust,ASR_Final_Round,10,0.0017777777777777779,0.001073435314532551,0.0010098884123951515,0.0025456671431604043,0.0015357787307652528
NBaIoT_MixedDevice_9Sources_Balanced,OnOff,IID,FLTrust,Time_Mean_Over_Rounds,10,0.6518838421029504,0.0038453282708018535,0.64913305996864,0.6546346242372607,0.005501564268620696
NBaIoT_MixedDevice_9Sources_Balanced,OnOff,IID,FLTrust,Circuit_Breaker_Rate,10,0.0,0.0,0.0,0.0,0.0
NBaIoT_MixedDevice_9Sources_Balanced,OnOff,IID,FedAvg,F1_Mean_Over_Rounds,10,0.9966004846839474,0.0013177048047990267,0.9956578554517803,0.9975431139161144,0.001885258464334072
NBaIoT_MixedDevice_9Sources_Balanced,OnOff,IID,FedAvg,ASR_Mean_Over_Rounds,10,0.010842222222222222,0.00523953212080937,0.007094086735453506,0.014590357708990937,0.007496270973537431
NBaIoT_MixedDevice_9Sources_Balanced,OnOff,IID,FedAvg,F1_Final_Round,10,0.9958333019027863,0.0014872826210001642,0.9947693640086974,0.9968972397968752,0.0021278757881777466
NBaIoT_MixedDevice_9Sources_Balanced,OnOff,IID,FedAvg,ASR_Final_Round,10,0.019555555555555555,0.011026840927957568,0.011667428746506234,0.027443682364604878,0.015776253618098646
NBaIoT_MixedDevice_9Sources_Balanced,OnOff,IID,FedAvg,Time_Mean_Over_Rounds,10,0.6554243086848366,0.014664446986856454,0.6449339952602889,0.6659146221093842,0.020980626849095296
NBaIoT_MixedDevice_9Sources_Balanced,OnOff,IID,FedAvg,Circuit_Breaker_Rate,10,0.0,0.0,0.0,0.0,0.0
NBaIoT_MixedDevice_9Sources_Balanced,OnOff,IID,Krum,F1_Mean_Over_Rounds,10,0.9552371049926267,0.021067104715685632,0.9401666061450815,0.9703076038401719,0.030140997695090377
NBaIoT_MixedDevice_9Sources_Balanced,OnOff,IID,Krum,ASR_Mean_Over_Rounds,10,0.17815,0.031696313282780456,0.15547582339879307,0.20082417660120694,0.04534835320241387
NBaIoT_MixedDevice_9Sources_Balanced,OnOff,IID,Krum,F1_Final_Round,10,0.9166173024180972,0.13734746911078852,0.8183648418696745,1.01486976296652,0.19650492109684548
NBaIoT_MixedDevice_9Sources_Balanced,OnOff,IID,Krum,ASR_Final_Round,10,0.8706666666666667,0.14504263599074596,0.7669094153479337,0.9744239179853997,0.20751450263746607
NBaIoT_MixedDevice_9Sources_Balanced,OnOff,IID,Krum,Time_Mean_Over_Rounds,10,0.6511165157200958,0.004767065156632574,0.6477063627390023,0.6545266687011893,0.006820305962186968
NBaIoT_MixedDevice_9Sources_Balanced,OnOff,IID,Krum,Circuit_Breaker_Rate,10,0.0,0.0,0.0,0.0,0.0
NBaIoT_MixedDevice_9Sources_Balanced,OnOff,NonIID_Dirichlet,Adaptive_FixedCircuitBreaker,F1_Mean_Over_Rounds,10,0.9972470044340549,0.0010194244765064134,0.9965177520946524,0.9979762567734574,0.0014585046788049283
NBaIoT_MixedDevice_9Sources_Balanced,OnOff,NonIID_Dirichlet,Adaptive_FixedCircuitBreaker,ASR_Mean_Over_Rounds,10,0.001957777777777778,0.001194762231627472,0.001103096364369025,0.002812459191186531,0.0017093628268175058
NBaIoT_MixedDevice_9Sources_Balanced,OnOff,NonIID_Dirichlet,Adaptive_FixedCircuitBreaker,F1_Final_Round,10,0.9974444399519715,0.001086143506813578,0.996667459693478,0.998221420210465,0.0015539605169869741
NBaIoT_MixedDevice_9Sources_Balanced,OnOff,NonIID_Dirichlet,Adaptive_FixedCircuitBreaker,ASR_Final_Round,10,0.001888888888888889,0.0011770554505237559,0.0010468741436255034,0.0027309036341522748,0.0016840294905267714
NBaIoT_MixedDevice_9Sources_Balanced,OnOff,NonIID_Dirichlet,Adaptive_FixedCircuitBreaker,Time_Mean_Over_Rounds,10,0.6590517976780103,0.01099371041260877,0.6511873710119146,0.6669162243441059,0.015728853332191317
NBaIoT_MixedDevice_9Sources_Balanced,OnOff,NonIID_Dirichlet,Adaptive_FixedCircuitBreaker,Circuit_Breaker_Rate,10,0.522,0.20692457026118907,0.3739750796449889,0.6700249203550112,0.29604984071002227
NBaIoT_MixedDevice_9Sources_Balanced,OnOff,NonIID_Dirichlet,Adaptive_NoAdaptiveWeighting,F1_Mean_Over_Rounds,10,0.9970756519706001,0.0012321583142368751,0.9961942190112398,0.9979570849299604,0.0017628659187205464
NBaIoT_MixedDevice_9Sources_Balanced,OnOff,NonIID_Dirichlet,Adaptive_NoAdaptiveWeighting,ASR_Mean_Over_Rounds,10,0.00189,0.0011665014580263084,0.0010555351261554123,0.0027244648738445876,0.0016689297476891753
NBaIoT_MixedDevice_9Sources_Balanced,OnOff,NonIID_Dirichlet,Adaptive_NoAdaptiveWeighting,F1_Final_Round,10,0.9975555516460771,0.001147555092673008,0.9967346401855314,0.9983764631066229,0.0016418229210914959
NBaIoT_MixedDevice_9Sources_Balanced,OnOff,NonIID_Dirichlet,Adaptive_NoAdaptiveWeighting,ASR_Final_Round,10,0.001888888888888889,0.0011770554505237559,0.0010468741436255034,0.0027309036341522748,0.0016840294905267714
NBaIoT_MixedDevice_9Sources_Balanced,OnOff,NonIID_Dirichlet,Adaptive_NoAdaptiveWeighting,Time_Mean_Over_Rounds,10,0.6630495613448948,0.017187255612032926,0.6507545393478402,0.6753445833419494,0.024590043994109134
NBaIoT_MixedDevice_9Sources_Balanced,OnOff,NonIID_Dirichlet,Adaptive_NoAdaptiveWeighting,Circuit_Breaker_Rate,10,0.127,0.13300375934536587,0.0318548422298813,0.2221451577701187,0.1902903155402374
NBaIoT_MixedDevice_9Sources_Balanced,OnOff,NonIID_Dirichlet,Adaptive_NoCircuitBreaker,F1_Mean_Over_Rounds,10,0.9971958931648451,0.0010317372189468403,0.9964578328201064,0.9979339535095839,0.0014761206894775558
NBaIoT_MixedDevice_9Sources_Balanced,OnOff,NonIID_Dirichlet,Adaptive_NoCircuitBreaker,ASR_Mean_Over_Rounds,10,0.002013333333333333,0.0010950794047037457,0.0012299607185729082,0.002796705948093758,0.0015667452295208498
NBaIoT_MixedDevice_9Sources_Balanced,OnOff,NonIID_Dirichlet,Adaptive_NoCircuitBreaker,F1_Final_Round,10,0.9971111071330494,0.0010734393533407907,0.9963432148784774,0.9978789993876214,0.0015357845091439337
NBaIoT_MixedDevice_9Sources_Balanced,OnOff,NonIID_Dirichlet,Adaptive_NoCircuitBreaker,ASR_Final_Round,10,0.0025555555555555553,0.0015757072137913073,0.001428362518354298,0.003682748592756813,0.002254386074402515
NBaIoT_MixedDevice_9Sources_Balanced,OnOff,NonIID_Dirichlet,Adaptive_NoCircuitBreaker,Time_Mean_Over_Rounds,10,0.663095681426239,0.017674129823423375,0.6504523705997186,0.6757389922527594,0.02528662165304074
NBaIoT_MixedDevice_9Sources_Balanced,OnOff,NonIID_Dirichlet,Adaptive_NoCircuitBreaker,Circuit_Breaker_Rate,10,0.0,0.0,0.0,0.0,0.0
NBaIoT_MixedDevice_9Sources_Balanced,OnOff,NonIID_Dirichlet,Adaptive_NoTemporalMemory,F1_Mean_Over_Rounds,10,0.997319422520137,0.0010651061170420277,0.9965574915037005,0.9980813535365733,0.0015238620328728025
NBaIoT_MixedDevice_9Sources_Balanced,OnOff,NonIID_Dirichlet,Adaptive_NoTemporalMemory,ASR_Mean_Over_Rounds,10,0.0018977777777777773,0.0011748017373519022,0.001057375241795994,0.0027381803137595606,0.0016808050719635667
NBaIoT_MixedDevice_9Sources_Balanced,OnOff,NonIID_Dirichlet,Adaptive_NoTemporalMemory,F1_Final_Round,10,0.9976111070130178,0.0011430638354112971,0.9967934084043708,0.9984288056216648,0.001635397217293999
NBaIoT_MixedDevice_9Sources_Balanced,OnOff,NonIID_Dirichlet,Adaptive_NoTemporalMemory,ASR_Final_Round,10,0.0016666666666666666,0.0010798059064528335,0.0008942200543586327,0.0024391132789747007,0.001544893224616068
NBaIoT_MixedDevice_9Sources_Balanced,OnOff,NonIID_Dirichlet,Adaptive_NoTemporalMemory,Time_Mean_Over_Rounds,10,0.6655193935527349,0.018272461171098625,0.6524480622645857,0.6785907248408841,0.02614266257629838
NBaIoT_MixedDevice_9Sources_Balanced,OnOff,NonIID_Dirichlet,Adaptive_NoTemporalMemory,Circuit_Breaker_Rate,10,0.076,0.10276186062932102,0.002488593326603908,0.14951140667339607,0.14702281334679218
NBaIoT_MixedDevice_9Sources_Balanced,OnOff,NonIID_Dirichlet,Adaptive_Ultimate,F1_Mean_Over_Rounds,10,0.9972497826118699,0.001080151882813569,0.9964770885029829,0.998022476720757,0.0015453882177740574
NBaIoT_MixedDevice_9Sources_Balanced,OnOff,NonIID_Dirichlet,Adaptive_Ultimate,ASR_Mean_Over_Rounds,10,0.0019455555555555556,0.0012196994165230492,0.0010730351547158436,0.0028180759563952674,0.0017450408016794238
NBaIoT_MixedDevice_9Sources_Balanced,OnOff,NonIID_Dirichlet,Adaptive_Ultimate,F1_Final_Round,10,0.9974999961762554,0.0011785154288561236,0.9966569370254094,0.9983430553271014,0.0016861183016920744
NBaIoT_MixedDevice_9Sources_Balanced,OnOff,NonIID_Dirichlet,Adaptive_Ultimate,ASR_Final_Round,10,0.0017777777777777779,0.0011944085553034888,0.0009233493691698711,0.0026322061863856844,0.0017088568172158134
NBaIoT_MixedDevice_9Sources_Balanced,OnOff,NonIID_Dirichlet,Adaptive_Ultimate,Time_Mean_Over_Rounds,10,0.6583658173751319,0.014065330453307006,0.6483040861003506,0.6684275486499132,0.020123462549562543
NBaIoT_MixedDevice_9Sources_Balanced,OnOff,NonIID_Dirichlet,Adaptive_Ultimate,Circuit_Breaker_Rate,10,0.10600000000000001,0.1408860847950886,0.0052161662841745116,0.2067838337158255,0.201567667431651
NBaIoT_MixedDevice_9Sources_Balanced,OnOff,NonIID_Dirichlet,FLAME,F1_Mean_Over_Rounds,10,0.9675465440584696,0.02098461903299218,0.9525350519136843,0.982558036203255,0.03002298428957073
NBaIoT_MixedDevice_9Sources_Balanced,OnOff,NonIID_Dirichlet,FLAME,ASR_Mean_Over_Rounds,10,0.12804555555555555,0.03655256224376565,0.10189742772290913,0.15419368338820197,0.052296255665292835
NBaIoT_MixedDevice_9Sources_Balanced,OnOff,NonIID_Dirichlet,FLAME,F1_Final_Round,10,0.9283540234009106,0.10934148684939664,0.8501358356721614,1.0065722111296598,0.15643637545749833
NBaIoT_MixedDevice_9Sources_Balanced,OnOff,NonIID_Dirichlet,FLAME,ASR_Final_Round,10,0.579888888888889,0.36061274252109715,0.32192207313902704,0.8378557046387509,0.5159336314997238
NBaIoT_MixedDevice_9Sources_Balanced,OnOff,NonIID_Dirichlet,FLAME,Time_Mean_Over_Rounds,10,0.6595457129748538,0.00494231050868518,0.6560101970209271,0.6630812289287804,0.007071031907853298
NBaIoT_MixedDevice_9Sources_Balanced,OnOff,NonIID_Dirichlet,FLAME,Circuit_Breaker_Rate,10,0.0,0.0,0.0,0.0,0.0
NBaIoT_MixedDevice_9Sources_Balanced,OnOff,NonIID_Dirichlet,FLTrust,F1_Mean_Over_Rounds,10,0.9972883116627992,0.0010488548310359888,0.9965380061160384,0.99803861720956,0.00150061109352162
NBaIoT_MixedDevice_9Sources_Balanced,OnOff,NonIID_Dirichlet,FLTrust,ASR_Mean_Over_Rounds,10,0.001988888888888889,0.0011417744234388878,0.0011721126700010255,0.0028056651077767525,0.001633552437775727
NBaIoT_MixedDevice_9Sources_Balanced,OnOff,NonIID_Dirichlet,FLTrust,F1_Final_Round,10,0.9972222194101457,0.0010475690168662674,0.996472833679431,0.9979716051408604,0.0014987714614294045
NBaIoT_MixedDevice_9Sources_Balanced,OnOff,NonIID_Dirichlet,FLTrust,ASR_Final_Round,10,0.0025555555555555553,0.0011770554505237559,0.0017135408102921697,0.003397570300818941,0.0016840294905267712
NBaIoT_MixedDevice_9Sources_Balanced,OnOff,NonIID_Dirichlet,FLTrust,Time_Mean_Over_Rounds,10,0.6751887901809168,0.02297818729400285,0.6587511852130583,0.6916263951487753,0.03287520993571702
NBaIoT_MixedDevice_9Sources_Balanced,OnOff,NonIID_Dirichlet,FLTrust,Circuit_Breaker_Rate,10,0.0,0.0,0.0,0.0,0.0
NBaIoT_MixedDevice_9Sources_Balanced,OnOff,NonIID_Dirichlet,FedAvg,F1_Mean_Over_Rounds,10,0.9959622950111964,0.0018301829608075538,0.9946530609909605,0.9972715290314322,0.002618468040471722
NBaIoT_MixedDevice_9Sources_Balanced,OnOff,NonIID_Dirichlet,FedAvg,ASR_Mean_Over_Rounds,10,0.07233555555555556,0.09915121867435142,0.0014070465396982118,0.14326406457141289,0.1418570180317147
NBaIoT_MixedDevice_9Sources_Balanced,OnOff,NonIID_Dirichlet,FedAvg,F1_Final_Round,10,0.9946102030096757,0.005539966737460274,0.9906471495450878,0.9985732564742636,0.007926106929175836
NBaIoT_MixedDevice_9Sources_Balanced,OnOff,NonIID_Dirichlet,FedAvg,ASR_Final_Round,10,0.33111111111111113,0.43463179945488767,0.020194251808917985,0.6420279704133043,0.6218337186043863
NBaIoT_MixedDevice_9Sources_Balanced,OnOff,NonIID_Dirichlet,FedAvg,Time_Mean_Over_Rounds,10,0.6663881240330303,0.015375391886715186,0.6553892312645915,0.6773870168014691,0.02199778553687759
NBaIoT_MixedDevice_9Sources_Balanced,OnOff,NonIID_Dirichlet,FedAvg,Circuit_Breaker_Rate,10,0.0,0.0,0.0,0.0,0.0
NBaIoT_MixedDevice_9Sources_Balanced,OnOff,NonIID_Dirichlet,Krum,F1_Mean_Over_Rounds,10,0.9094025197036137,0.15286408417810957,0.8000501414092202,1.0187548979980074,0.2187047565887873
NBaIoT_MixedDevice_9Sources_Balanced,OnOff,NonIID_Dirichlet,Krum,ASR_Mean_Over_Rounds,10,0.06915444444444445,0.03749986975743272,0.04232865363980166,0.09598023524908725,0.05365158160928559
NBaIoT_MixedDevice_9Sources_Balanced,OnOff,NonIID_Dirichlet,Krum,F1_Final_Round,10,0.7497513716602402,0.1431220675968947,0.6473680122054716,0.8521347311150088,0.20476671890953724
NBaIoT_MixedDevice_9Sources_Balanced,OnOff,NonIID_Dirichlet,Krum,ASR_Final_Round,10,0.510888888888889,0.21748519019948062,0.3553093561295028,0.666468421648275,0.3111590655187722
NBaIoT_MixedDevice_9Sources_Balanced,OnOff,NonIID_Dirichlet,Krum,Time_Mean_Over_Rounds,10,0.6677659114880663,0.01597838826138225,0.6563356610987234,0.6791961618774092,0.022860500778685733
NBaIoT_MixedDevice_9Sources_Balanced,OnOff,NonIID_Dirichlet,Krum,Circuit_Breaker_Rate,10,0.0,0.0,0.0,0.0,0.0
NBaIoT_MixedDevice_9Sources_Balanced,Scaling,IID,Adaptive_FixedCircuitBreaker,F1_Mean_Over_Rounds,10,0.9976516527285542,0.0011968840590051426,0.9967954534512775,0.9985078520058308,0.001712398554553296
NBaIoT_MixedDevice_9Sources_Balanced,Scaling,IID,Adaptive_FixedCircuitBreaker,ASR_Mean_Over_Rounds,10,0.0016344444444444442,0.001195722256495061,0.0007790762706167411,0.002489812618272147,0.001710736347655406
NBaIoT_MixedDevice_9Sources_Balanced,Scaling,IID,Adaptive_FixedCircuitBreaker,F1_Final_Round,10,0.9977777752057555,0.00130945905530534,0.9968410446274338,0.9987145057840772,0.0018734611566433301
NBaIoT_MixedDevice_9Sources_Balanced,Scaling,IID,Adaptive_FixedCircuitBreaker,ASR_Final_Round,10,0.0015555555555555555,0.0011944085553034888,0.0007011271469476487,0.0024099839641634623,0.0017088568172158136
NBaIoT_MixedDevice_9Sources_Balanced,Scaling,IID,Adaptive_FixedCircuitBreaker,Time_Mean_Over_Rounds,10,0.6625774905150248,0.013384054194563625,0.6530031149168215,0.6721518661132281,0.019148751196406577
NBaIoT_MixedDevice_9Sources_Balanced,Scaling,IID,Adaptive_FixedCircuitBreaker,Circuit_Breaker_Rate,10,0.5850000000000001,0.17715341750396277,0.45827207936910463,0.7117279206308955,0.2534558412617909
NBaIoT_MixedDevice_9Sources_Balanced,Scaling,IID,Adaptive_NoAdaptiveWeighting,F1_Mean_Over_Rounds,10,0.9977038749929574,0.0012143151922761218,0.9968352062341161,0.9985725437517987,0.001737337517682569
NBaIoT_MixedDevice_9Sources_Balanced,Scaling,IID,Adaptive_NoAdaptiveWeighting,ASR_Mean_Over_Rounds,10,0.0015866666666666668,0.001258973823859431,0.0006860510473102748,0.002487282286023059,0.0018012312387127843
NBaIoT_MixedDevice_9Sources_Balanced,Scaling,IID,Adaptive_NoAdaptiveWeighting,F1_Final_Round,10,0.9978888869684466,0.0013042097309275465,0.9969559115305704,0.9988218624063228,0.0018659508757523646
NBaIoT_MixedDevice_9Sources_Balanced,Scaling,IID,Adaptive_NoAdaptiveWeighting,ASR_Final_Round,10,0.0016666666666666666,0.001200137166371826,0.0008081402565693035,0.0025251930767640294,0.0017170528201947259
NBaIoT_MixedDevice_9Sources_Balanced,Scaling,IID,Adaptive_NoAdaptiveWeighting,Time_Mean_Over_Rounds,10,0.6607539335719703,0.01445240095467075,0.6504153087409341,0.6710925584030065,0.020677249662072406
NBaIoT_MixedDevice_9Sources_Balanced,Scaling,IID,Adaptive_NoAdaptiveWeighting,Circuit_Breaker_Rate,10,0.13699999999999998,0.1198193084050591,0.0512864302616942,0.22271356973830575,0.17142713947661153
NBaIoT_MixedDevice_9Sources_Balanced,Scaling,IID,Adaptive_NoCircuitBreaker,F1_Mean_Over_Rounds,10,0.9977166525891465,0.0010331578210531526,0.9969775760068803,0.9984557291714128,0.0014781531645324808
NBaIoT_MixedDevice_9Sources_Balanced,Scaling,IID,Adaptive_NoCircuitBreaker,ASR_Mean_Over_Rounds,10,0.0016799999999999999,0.0011186877478062888,0.0008797389939622287,0.002480261006037771,0.0016005220120755424
NBaIoT_MixedDevice_9Sources_Balanced,Scaling,IID,Adaptive_NoCircuitBreaker,F1_Final_Round,10,0.9976666606309446,0.0010410090097208002,0.9969219676466446,0.9984113536152445,0.0014893859685998212
NBaIoT_MixedDevice_9Sources_Balanced,Scaling,IID,Adaptive_NoCircuitBreaker,ASR_Final_Round,10,0.0021111111111111113,0.001330243333042072,0.0011595123561745177,0.003062709866047705,0.0019031975098731874
NBaIoT_MixedDevice_9Sources_Balanced,Scaling,IID,Adaptive_NoCircuitBreaker,Time_Mean_Over_Rounds,10,0.6634568655460152,0.01929987854804215,0.6496505641419371,0.6772631669500934,0.02761260280815625
NBaIoT_MixedDevice_9Sources_Balanced,Scaling,IID,Adaptive_NoCircuitBreaker,Circuit_Breaker_Rate,10,0.0,0.0,0.0,0.0,0.0
NBaIoT_MixedDevice_9Sources_Balanced,Scaling,IID,Adaptive_NoTemporalMemory,F1_Mean_Over_Rounds,10,0.9977449865371979,0.0011708728418229517,0.9969073945637656,0.9985825785106301,0.0016751839468645002
NBaIoT_MixedDevice_9Sources_Balanced,Scaling,IID,Adaptive_NoTemporalMemory,ASR_Mean_Over_Rounds,10,0.0016122222222222221,0.0011845189099423336,0.0007648684397211932,0.002459576004723251,0.0016947075650020579
NBaIoT_MixedDevice_9Sources_Balanced,Scaling,IID,Adaptive_NoTemporalMemory,F1_Final_Round,10,0.99794444274691,0.001229775357407171,0.9970647144521745,0.9988241710416454,0.0017594565894709646
NBaIoT_MixedDevice_9Sources_Balanced,Scaling,IID,Adaptive_NoTemporalMemory,ASR_Final_Round,10,0.0015555555555555555,0.0011944085553034888,0.0007011271469476487,0.0024099839641634623,0.0017088568172158136
NBaIoT_MixedDevice_9Sources_Balanced,Scaling,IID,Adaptive_NoTemporalMemory,Time_Mean_Over_Rounds,10,0.6651163131530066,0.016497873094120773,0.653314445701008,0.6769181806050051,0.02360373490399703
NBaIoT_MixedDevice_9Sources_Balanced,Scaling,IID,Adaptive_NoTemporalMemory,Circuit_Breaker_Rate,10,0.12,0.12649110640673517,0.029513713485836035,0.21048628651416396,0.18097257302832792
NBaIoT_MixedDevice_9Sources_Balanced,Scaling,IID,Adaptive_Ultimate,F1_Mean_Over_Rounds,10,0.9977166531316761,0.0011767551035660514,0.9968748532416831,0.9985584530216691,0.0016835997799860003
NBaIoT_MixedDevice_9Sources_Balanced,Scaling,IID,Adaptive_Ultimate,ASR_Mean_Over_Rounds,10,0.001621111111111111,0.0011907329646655836,0.0007693120616496156,0.0024729101605726065,0.0017035980989229909
NBaIoT_MixedDevice_9Sources_Balanced,Scaling,IID,Adaptive_Ultimate,F1_Final_Round,10,0.99794444274691,0.001229775357407171,0.9970647144521745,0.9988241710416454,0.0017594565894709646
NBaIoT_MixedDevice_9Sources_Balanced,Scaling,IID,Adaptive_Ultimate,ASR_Final_Round,10,0.0015555555555555555,0.0011944085553034888,0.0007011271469476487,0.0024099839641634623,0.0017088568172158136
NBaIoT_MixedDevice_9Sources_Balanced,Scaling,IID,Adaptive_Ultimate,Time_Mean_Over_Rounds,10,0.6655951946010191,0.016795889182855794,0.6535801392818483,0.6776102499201899,0.024030110638341595
NBaIoT_MixedDevice_9Sources_Balanced,Scaling,IID,Adaptive_Ultimate,Circuit_Breaker_Rate,10,0.12,0.12649110640673517,0.029513713485836035,0.21048628651416396,0.18097257302832792
NBaIoT_MixedDevice_9Sources_Balanced,Scaling,IID,FLAME,F1_Mean_Over_Rounds,10,0.7845310552835171,0.058336960492923126,0.7427993077205356,0.8262628028464986,0.08346349512596296
NBaIoT_MixedDevice_9Sources_Balanced,Scaling,IID,FLAME,ASR_Mean_Over_Rounds,10,0.33469444444444446,0.08908408217434244,0.2709675310473958,0.39842135784149313,0.12745382679409734
NBaIoT_MixedDevice_9Sources_Balanced,Scaling,IID,FLAME,F1_Final_Round,10,0.678082978505105,0.10571584364572431,0.6024584196807525,0.7537075373294575,0.15124911764870497
NBaIoT_MixedDevice_9Sources_Balanced,Scaling,IID,FLAME,ASR_Final_Round,10,0.5771111111111111,0.14820850622306542,0.4710891326582254,0.6831330895639969,0.2120439569057715
NBaIoT_MixedDevice_9Sources_Balanced,Scaling,IID,FLAME,Time_Mean_Over_Rounds,10,0.6622642166270125,0.01185159586685467,0.6537860956766751,0.6707423375773499,0.016956241900674796
NBaIoT_MixedDevice_9Sources_Balanced,Scaling,IID,FLAME,Circuit_Breaker_Rate,10,0.0,0.0,0.0,0.0,0.0
NBaIoT_MixedDevice_9Sources_Balanced,Scaling,IID,FLTrust,F1_Mean_Over_Rounds,10,0.9977299860010138,0.0010292943977573087,0.996993673145283,0.9984662988567446,0.0014726257114616725
NBaIoT_MixedDevice_9Sources_Balanced,Scaling,IID,FLTrust,ASR_Mean_Over_Rounds,10,0.0016933333333333331,0.0011335535975741898,0.0008824379390007088,0.0025042287276659577,0.001621790788665249
NBaIoT_MixedDevice_9Sources_Balanced,Scaling,IID,FLTrust,F1_Final_Round,10,0.9975555502743203,0.0010210470008444634,0.9968251372509276,0.998285963297713,0.001460826046785435
NBaIoT_MixedDevice_9Sources_Balanced,Scaling,IID,FLTrust,ASR_Final_Round,10,0.0021111111111111113,0.001330243333042072,0.0011595123561745177,0.003062709866047705,0.0019031975098731874
NBaIoT_MixedDevice_9Sources_Balanced,Scaling,IID,FLTrust,Time_Mean_Over_Rounds,10,0.6645660673630245,0.018971312685387414,0.6509948078178684,0.6781373269081805,0.027142519090312067
NBaIoT_MixedDevice_9Sources_Balanced,Scaling,IID,FLTrust,Circuit_Breaker_Rate,10,0.0,0.0,0.0,0.0,0.0
NBaIoT_MixedDevice_9Sources_Balanced,Scaling,IID,FedAvg,F1_Mean_Over_Rounds,10,0.6756696176038343,0.0197365859351052,0.6615509145545244,0.6897883206531441,0.02823740609861969
NBaIoT_MixedDevice_9Sources_Balanced,Scaling,IID,FedAvg,ASR_Mean_Over_Rounds,10,0.5103833333333333,0.026859989699164658,0.4911688542072602,0.5295978124594064,0.038428958252146206
NBaIoT_MixedDevice_9Sources_Balanced,Scaling,IID,FedAvg,F1_Final_Round,10,0.619453731414385,0.19592381242458862,0.47929827914889134,0.7596091836798786,0.2803109045309873
NBaIoT_MixedDevice_9Sources_Balanced,Scaling,IID,FedAvg,ASR_Final_Round,10,0.6505555555555556,0.24548390105873,0.47494695162423467,0.8261641594868765,0.3512172078626418
NBaIoT_MixedDevice_9Sources_Balanced,Scaling,IID,FedAvg,Time_Mean_Over_Rounds,10,0.6624848194719943,0.016370413871075757,0.650774130855433,0.6741955080885557,0.023421377233122653
NBaIoT_MixedDevice_9Sources_Balanced,Scaling,IID,FedAvg,Circuit_Breaker_Rate,10,0.0,0.0,0.0,0.0,0.0
NBaIoT_MixedDevice_9Sources_Balanced,Scaling,IID,Krum,F1_Mean_Over_Rounds,10,0.8931822572433262,0.007105071503062897,0.8880995952760692,0.8982649192105833,0.010165323934514081
NBaIoT_MixedDevice_9Sources_Balanced,Scaling,IID,Krum,ASR_Mean_Over_Rounds,10,0.1429855555555556,0.0063579595945367,0.13843734525160895,0.14753376585950223,0.009096420607893285
NBaIoT_MixedDevice_9Sources_Balanced,Scaling,IID,Krum,F1_Final_Round,10,0.563507623146097,0.2506148287139629,0.38422857468247873,0.7427866716097153,0.3585580969272366
NBaIoT_MixedDevice_9Sources_Balanced,Scaling,IID,Krum,ASR_Final_Round,10,0.6963333333333332,0.34758506473823203,0.4476859568544347,0.9449807098122318,0.4972947529577971
NBaIoT_MixedDevice_9Sources_Balanced,Scaling,IID,Krum,Time_Mean_Over_Rounds,10,0.6633395416099956,0.01567826805935768,0.6521239842797977,0.6745550989401936,0.022431114660395934
NBaIoT_MixedDevice_9Sources_Balanced,Scaling,IID,Krum,Circuit_Breaker_Rate,10,0.0,0.0,0.0,0.0,0.0
NBaIoT_MixedDevice_9Sources_Balanced,Scaling,NonIID_Dirichlet,Adaptive_FixedCircuitBreaker,F1_Mean_Over_Rounds,10,0.9972642263522621,0.0009582265524511356,0.9965787523704648,0.9979497003340594,0.0013709479635946042
NBaIoT_MixedDevice_9Sources_Balanced,Scaling,NonIID_Dirichlet,Adaptive_FixedCircuitBreaker,ASR_Mean_Over_Rounds,10,0.001888888888888889,0.0011224483331677237,0.0010859377221422565,0.0026918400556355214,0.0016059023334932649
NBaIoT_MixedDevice_9Sources_Balanced,Scaling,NonIID_Dirichlet,Adaptive_FixedCircuitBreaker,F1_Final_Round,10,0.9974999947016215,0.0009533052881699099,0.996818041180214,0.9981819482230291,0.0013639070428150823
NBaIoT_MixedDevice_9Sources_Balanced,Scaling,NonIID_Dirichlet,Adaptive_FixedCircuitBreaker,ASR_Final_Round,10,0.0017777777777777779,0.001073435314532551,0.0010098884123951515,0.0025456671431604043,0.0015357787307652528
NBaIoT_MixedDevice_9Sources_Balanced,Scaling,NonIID_Dirichlet,Adaptive_FixedCircuitBreaker,Time_Mean_Over_Rounds,10,0.652753408918963,0.009912447270355128,0.6456624713088692,0.6598443465290569,0.014181875220187656
NBaIoT_MixedDevice_9Sources_Balanced,Scaling,NonIID_Dirichlet,Adaptive_FixedCircuitBreaker,Circuit_Breaker_Rate,10,0.611,0.20501761441940108,0.46433923367582675,0.7576607663241732,0.2933215326483465
NBaIoT_MixedDevice_9Sources_Balanced,Scaling,NonIID_Dirichlet,Adaptive_NoAdaptiveWeighting,F1_Mean_Over_Rounds,10,0.9971350966470423,0.0012918797526818362,0.9962109415442548,0.9980592517498297,0.0018483102055748546
NBaIoT_MixedDevice_9Sources_Balanced,Scaling,NonIID_Dirichlet,Adaptive_NoAdaptiveWeighting,ASR_Mean_Over_Rounds,10,0.0018322222222222223,0.0011304180612239391,0.0010235698554717273,0.0026408745889727175,0.0016173047335009902
NBaIoT_MixedDevice_9Sources_Balanced,Scaling,NonIID_Dirichlet,Adaptive_NoAdaptiveWeighting,F1_Final_Round,10,0.9977222182955968,0.0012682187866901624,0.9968149892282339,0.9986294473629598,0.0018144581347259159
NBaIoT_MixedDevice_9Sources_Balanced,Scaling,NonIID_Dirichlet,Adaptive_NoAdaptiveWeighting,ASR_Final_Round,10,0.0017777777777777779,0.001073435314532551,0.0010098884123951515,0.0025456671431604043,0.0015357787307652528
NBaIoT_MixedDevice_9Sources_Balanced,Scaling,NonIID_Dirichlet,Adaptive_NoAdaptiveWeighting,Time_Mean_Over_Rounds,10,0.6488855266529318,0.004971704115894744,0.6453289837790958,0.6524420695267678,0.007113085747671999
NBaIoT_MixedDevice_9Sources_Balanced,Scaling,NonIID_Dirichlet,Adaptive_NoAdaptiveWeighting,Circuit_Breaker_Rate,10,0.16699999999999998,0.17320828822868473,0.04309425484119146,0.2909057451588085,0.24781149031761707
NBaIoT_MixedDevice_9Sources_Balanced,Scaling,NonIID_Dirichlet,Adaptive_NoCircuitBreaker,F1_Mean_Over_Rounds,10,0.9971314486741063,0.0009590702837566958,0.9964453711232928,0.9978175262249198,0.0013721551016270261
NBaIoT_MixedDevice_9Sources_Balanced,Scaling,NonIID_Dirichlet,Adaptive_NoCircuitBreaker,ASR_Mean_Over_Rounds,10,0.0021422222222222224,0.001104185825596652,0.0013523352663872207,0.002932109178057224,0.0015797739116700032
NBaIoT_MixedDevice_9Sources_Balanced,Scaling,NonIID_Dirichlet,Adaptive_NoCircuitBreaker,F1_Final_Round,10,0.9969999914265373,0.0013658732084636368,0.9960229045941583,0.9979770782589162,0.001954173664757919
NBaIoT_MixedDevice_9Sources_Balanced,Scaling,NonIID_Dirichlet,Adaptive_NoCircuitBreaker,ASR_Final_Round,10,0.003111111111111111,0.0023306863292670036,0.0014438385497773458,0.0047783836724448765,0.0033345451226675306
NBaIoT_MixedDevice_9Sources_Balanced,Scaling,NonIID_Dirichlet,Adaptive_NoCircuitBreaker,Time_Mean_Over_Rounds,10,0.6597253245420325,0.018122024310273703,0.6467616093011896,0.6726890397828753,0.025927430481685665
NBaIoT_MixedDevice_9Sources_Balanced,Scaling,NonIID_Dirichlet,Adaptive_NoCircuitBreaker,Circuit_Breaker_Rate,10,0.0,0.0,0.0,0.0,0.0
NBaIoT_MixedDevice_9Sources_Balanced,Scaling,NonIID_Dirichlet,Adaptive_NoTemporalMemory,F1_Mean_Over_Rounds,10,0.9972788671355358,0.0010595977164776867,0.996520876591484,0.9980368576795876,0.0015159810881035796
NBaIoT_MixedDevice_9Sources_Balanced,Scaling,NonIID_Dirichlet,Adaptive_NoTemporalMemory,ASR_Mean_Over_Rounds,10,0.0019388888888888893,0.0012049309982577487,0.0010769331780457842,0.0028008445997319944,0.00172391142168621
NBaIoT_MixedDevice_9Sources_Balanced,Scaling,NonIID_Dirichlet,Adaptive_NoTemporalMemory,F1_Final_Round,10,0.9973888846193276,0.001112657081621008,0.9965929376919932,0.998184831546662,0.0015918938546688466
NBaIoT_MixedDevice_9Sources_Balanced,Scaling,NonIID_Dirichlet,Adaptive_NoTemporalMemory,ASR_Final_Round,10,0.0017777777777777779,0.0011944085553034888,0.0009233493691698711,0.0026322061863856844,0.0017088568172158134
NBaIoT_MixedDevice_9Sources_Balanced,Scaling,NonIID_Dirichlet,Adaptive_NoTemporalMemory,Time_Mean_Over_Rounds,10,0.6548223642889444,0.015649283737278266,0.6436275410937113,0.6660171874841774,0.022389646390466034
NBaIoT_MixedDevice_9Sources_Balanced,Scaling,NonIID_Dirichlet,Adaptive_NoTemporalMemory,Circuit_Breaker_Rate,10,0.11499999999999999,0.15094148976783464,0.007022962894411122,0.22297703710558886,0.21595407421117774
NBaIoT_MixedDevice_9Sources_Balanced,Scaling,NonIID_Dirichlet,Adaptive_Ultimate,F1_Mean_Over_Rounds,10,0.9972392270976389,0.001060454977278549,0.996480623306153,0.9979978308891249,0.0015172075829719134
NBaIoT_MixedDevice_9Sources_Balanced,Scaling,NonIID_Dirichlet,Adaptive_Ultimate,ASR_Mean_Over_Rounds,10,0.001956666666666667,0.0012032244059997353,0.001095931778381038,0.0028174015549522957,0.0017214697765712576
NBaIoT_MixedDevice_9Sources_Balanced,Scaling,NonIID_Dirichlet,Adaptive_Ultimate,F1_Final_Round,10,0.9974444402606173,0.001054096867143181,0.9966903847871258,0.9981984957341088,0.001508110946982999
NBaIoT_MixedDevice_9Sources_Balanced,Scaling,NonIID_Dirichlet,Adaptive_Ultimate,ASR_Final_Round,10,0.001888888888888889,0.0011770554505237559,0.0010468741436255034,0.0027309036341522748,0.0016840294905267714
NBaIoT_MixedDevice_9Sources_Balanced,Scaling,NonIID_Dirichlet,Adaptive_Ultimate,Time_Mean_Over_Rounds,10,0.6541584678699873,0.012510226631948078,0.645209190853344,0.6631077448866306,0.01789855403328655
NBaIoT_MixedDevice_9Sources_Balanced,Scaling,NonIID_Dirichlet,Adaptive_Ultimate,Circuit_Breaker_Rate,10,0.12,0.17688665548562135,-0.0065370905788195155,0.2465370905788195,0.253074181157639
NBaIoT_MixedDevice_9Sources_Balanced,Scaling,NonIID_Dirichlet,FLAME,F1_Mean_Over_Rounds,10,0.7407617684116887,0.0686978281062675,0.6916183026494704,0.789905234173907,0.09828693152443657
NBaIoT_MixedDevice_9Sources_Balanced,Scaling,NonIID_Dirichlet,FLAME,ASR_Mean_Over_Rounds,10,0.2776733333333333,0.14182989349433545,0.17621433954656973,0.3791323271200969,0.2029179875735272
NBaIoT_MixedDevice_9Sources_Balanced,Scaling,NonIID_Dirichlet,FLAME,F1_Final_Round,10,0.6368943815275537,0.2155724731151309,0.4826831241436591,0.7911056389114484,0.30842251476778926
NBaIoT_MixedDevice_9Sources_Balanced,Scaling,NonIID_Dirichlet,FLAME,ASR_Final_Round,10,0.446,0.36697674879531345,0.1834806484121243,0.7085193515878757,0.5250387031757514
NBaIoT_MixedDevice_9Sources_Balanced,Scaling,NonIID_Dirichlet,FLAME,Time_Mean_Over_Rounds,10,0.6552541996690306,0.008444894913946586,0.6492130857719931,0.6612953135660682,0.012082227794075084
NBaIoT_MixedDevice_9Sources_Balanced,Scaling,NonIID_Dirichlet,FLAME,Circuit_Breaker_Rate,10,0.0,0.0,0.0,0.0,0.0
NBaIoT_MixedDevice_9Sources_Balanced,Scaling,NonIID_Dirichlet,FLTrust,F1_Mean_Over_Rounds,10,0.9972160890931804,0.0009660104713812911,0.9965250468312207,0.9979071313551401,0.0013820845239194135
NBaIoT_MixedDevice_9Sources_Balanced,Scaling,NonIID_Dirichlet,FLTrust,ASR_Mean_Over_Rounds,10,0.002118888888888889,0.001089619936004418,0.0013394217427655554,0.0028983560350122227,0.0015589342922466673
NBaIoT_MixedDevice_9Sources_Balanced,Scaling,NonIID_Dirichlet,FLTrust,F1_Final_Round,10,0.9969444355451923,0.001367127728258053,0.9959664512834148,0.9979224198069698,0.001955968523555063
NBaIoT_MixedDevice_9Sources_Balanced,Scaling,NonIID_Dirichlet,FLTrust,ASR_Final_Round,10,0.0032222222222222222,0.002368633623010294,0.0015278038022456262,0.004916640642198818,0.003388836839953192
NBaIoT_MixedDevice_9Sources_Balanced,Scaling,NonIID_Dirichlet,FLTrust,Time_Mean_Over_Rounds,10,0.6620722837949706,0.021389416327675985,0.6467712171099078,0.6773733504800334,0.030602133370125628
NBaIoT_MixedDevice_9Sources_Balanced,Scaling,NonIID_Dirichlet,FLTrust,Circuit_Breaker_Rate,10,0.0,0.0,0.0,0.0,0.0
NBaIoT_MixedDevice_9Sources_Balanced,Scaling,NonIID_Dirichlet,FedAvg,F1_Mean_Over_Rounds,10,0.7031647983661032,0.050202262560013755,0.6672522631475575,0.739077333584649,0.07182507043709152
NBaIoT_MixedDevice_9Sources_Balanced,Scaling,NonIID_Dirichlet,FedAvg,ASR_Mean_Over_Rounds,10,0.4503966666666666,0.07509413243157935,0.3966775604325333,0.5041157729007999,0.10743821246826657
NBaIoT_MixedDevice_9Sources_Balanced,Scaling,NonIID_Dirichlet,FedAvg,F1_Final_Round,10,0.6412459507206926,0.1799918254146785,0.5124875553888547,0.7700043460525304,0.2575167906636757
NBaIoT_MixedDevice_9Sources_Balanced,Scaling,NonIID_Dirichlet,FedAvg,ASR_Final_Round,10,0.6773333333333333,0.2498554863523246,0.4985974856721225,0.8560691809945442,0.35747169532242173
NBaIoT_MixedDevice_9Sources_Balanced,Scaling,NonIID_Dirichlet,FedAvg,Time_Mean_Over_Rounds,10,0.6474384801810283,0.0053022137433564424,0.643645504962692,0.6512314553993647,0.0075859504366726505
NBaIoT_MixedDevice_9Sources_Balanced,Scaling,NonIID_Dirichlet,FedAvg,Circuit_Breaker_Rate,10,0.0,0.0,0.0,0.0,0.0
NBaIoT_MixedDevice_9Sources_Balanced,Scaling,NonIID_Dirichlet,Krum,F1_Mean_Over_Rounds,10,0.8879961189461347,0.14250106986333813,0.7860569945086688,0.9899352433836006,0.20387824887493178
NBaIoT_MixedDevice_9Sources_Balanced,Scaling,NonIID_Dirichlet,Krum,ASR_Mean_Over_Rounds,10,0.09191333333333332,0.04734948162494381,0.05804155465796176,0.12578511200870487,0.06774355735074311
NBaIoT_MixedDevice_9Sources_Balanced,Scaling,NonIID_Dirichlet,Krum,F1_Final_Round,10,0.7750019492737577,0.19629241091823357,0.6345828175302982,0.9154210810172171,0.28083826348691887
NBaIoT_MixedDevice_9Sources_Balanced,Scaling,NonIID_Dirichlet,Krum,ASR_Final_Round,10,0.253,0.2498274026974342,0.07428424217526039,0.4317157578247396,0.35743151564947917
NBaIoT_MixedDevice_9Sources_Balanced,Scaling,NonIID_Dirichlet,Krum,Time_Mean_Over_Rounds,10,0.6601749196569562,0.01864734347270875,0.6468354137254174,0.673514425588495,0.02667901186307753
NBaIoT_MixedDevice_9Sources_Balanced,Scaling,NonIID_Dirichlet,Krum,Circuit_Breaker_Rate,10,0.0,0.0,0.0,0.0,0.0
NBaIoT_MixedDevice_9Sources_Balanced,Sybil,IID,Adaptive_FixedCircuitBreaker,F1_Mean_Over_Rounds,10,0.9977160977000917,0.0010754896186726808,0.9969467387740555,0.998485456626128,0.001538717852072491
NBaIoT_MixedDevice_9Sources_Balanced,Sybil,IID,Adaptive_FixedCircuitBreaker,ASR_Mean_Over_Rounds,10,0.0015811111111111113,0.001305386645233056,0.0006472937594586935,0.002514928462763529,0.0018676347033048353
NBaIoT_MixedDevice_9Sources_Balanced,Sybil,IID,Adaptive_FixedCircuitBreaker,F1_Final_Round,10,0.9978888872427948,0.001073435563016666,0.9971209976996573,0.9986567767859322,0.001535779086274891
NBaIoT_MixedDevice_9Sources_Balanced,Sybil,IID,Adaptive_FixedCircuitBreaker,ASR_Final_Round,10,0.0015555555555555555,0.0013042086564191858,0.0006225808863363168,0.0024885302247747943,0.0018659493384384775
NBaIoT_MixedDevice_9Sources_Balanced,Sybil,IID,Adaptive_FixedCircuitBreaker,Time_Mean_Over_Rounds,10,0.6608115623109624,0.011329664406905193,0.6527068086349525,0.6689163159869723,0.01620950735201987
NBaIoT_MixedDevice_9Sources_Balanced,Sybil,IID,Adaptive_FixedCircuitBreaker,Circuit_Breaker_Rate,10,0.539,0.16927623709323303,0.41790707477563616,0.6600929252243639,0.24218585044872776
NBaIoT_MixedDevice_9Sources_Balanced,Sybil,IID,Adaptive_NoAdaptiveWeighting,F1_Mean_Over_Rounds,10,0.9976644304804383,0.0011134698170397084,0.9968679021572093,0.9984609588036673,0.0015930566464579243
NBaIoT_MixedDevice_9Sources_Balanced,Sybil,IID,Adaptive_NoAdaptiveWeighting,ASR_Mean_Over_Rounds,10,0.001567777777777778,0.0013325043719382566,0.0006145615730520905,0.0025209939825034653,0.0019064324094513747
NBaIoT_MixedDevice_9Sources_Balanced,Sybil,IID,Adaptive_NoAdaptiveWeighting,F1_Final_Round,10,0.9977222193587014,0.0010940043646603976,0.9969396157812602,0.9985048229361426,0.0015652071548823976
NBaIoT_MixedDevice_9Sources_Balanced,Sybil,IID,Adaptive_NoAdaptiveWeighting,ASR_Final_Round,10,0.0015555555555555555,0.0013042086564191858,0.0006225808863363168,0.0024885302247747943,0.0018659493384384775
NBaIoT_MixedDevice_9Sources_Balanced,Sybil,IID,Adaptive_NoAdaptiveWeighting,Time_Mean_Over_Rounds,10,0.654189815526992,0.010595274464669825,0.6466104127678485,0.6617692182861354,0.015158805518286966
NBaIoT_MixedDevice_9Sources_Balanced,Sybil,IID,Adaptive_NoAdaptiveWeighting,Circuit_Breaker_Rate,10,0.126,0.20699973161549964,-0.022078687548880593,0.2740786875488806,0.2961573750977612
NBaIoT_MixedDevice_9Sources_Balanced,Sybil,IID,Adaptive_NoCircuitBreaker,F1_Mean_Over_Rounds,10,0.9976038742803304,0.0008864612215927984,0.9969697381235731,0.9982380104370876,0.0012682723135144514
NBaIoT_MixedDevice_9Sources_Balanced,Sybil,IID,Adaptive_NoCircuitBreaker,ASR_Mean_Over_Rounds,10,0.001636666666666667,0.0012764947933603156,0.0007235173007782061,0.0025498160325551278,0.0018262987317769217
NBaIoT_MixedDevice_9Sources_Balanced,Sybil,IID,Adaptive_NoCircuitBreaker,F1_Final_Round,10,0.9977222159978959,0.0007612966951918114,0.9971776171494844,0.9982668148463074,0.00108919769682303
NBaIoT_MixedDevice_9Sources_Balanced,Sybil,IID,Adaptive_NoCircuitBreaker,ASR_Final_Round,10,0.0017777777777777779,0.0016728281171312911,0.0005811086316564371,0.0029744469238991186,0.0023933382922426815
NBaIoT_MixedDevice_9Sources_Balanced,Sybil,IID,Adaptive_NoCircuitBreaker,Time_Mean_Over_Rounds,10,0.6558302439999897,0.013688198857530517,0.6460382964167135,0.6656221915832659,0.019583895166552345
NBaIoT_MixedDevice_9Sources_Balanced,Sybil,IID,Adaptive_NoCircuitBreaker,Circuit_Breaker_Rate,10,0.0,0.0,0.0,0.0,0.0
NBaIoT_MixedDevice_9Sources_Balanced,Sybil,IID,Adaptive_NoTemporalMemory,F1_Mean_Over_Rounds,10,0.9975994298862995,0.0009710925533469255,0.9969047521219089,0.99829410765069,0.0013893555287811665
NBaIoT_MixedDevice_9Sources_Balanced,Sybil,IID,Adaptive_NoTemporalMemory,ASR_Mean_Over_Rounds,10,0.0015811111111111113,0.0013044510694512818,0.0006479630300552611,0.0025142591921669616,0.0018662961621117005
NBaIoT_MixedDevice_9Sources_Balanced,Sybil,IID,Adaptive_NoTemporalMemory,F1_Final_Round,10,0.9976111072187773,0.0009460781268155828,0.9969343236971553,0.9982878907403994,0.001353567043244075
NBaIoT_MixedDevice_9Sources_Balanced,Sybil,IID,Adaptive_NoTemporalMemory,ASR_Final_Round,10,0.0015555555555555555,0.0013042086564191858,0.0006225808863363168,0.0024885302247747943,0.0018659493384384775
NBaIoT_MixedDevice_9Sources_Balanced,Sybil,IID,Adaptive_NoTemporalMemory,Time_Mean_Over_Rounds,10,0.6615053499559653,0.01842794242008171,0.6483227940826044,0.6746879058293263,0.026365111746721848
NBaIoT_MixedDevice_9Sources_Balanced,Sybil,IID,Adaptive_NoTemporalMemory,Circuit_Breaker_Rate,10,0.08099999999999999,0.1876432785899884,-0.05323191520164222,0.2152319152016422,0.2684638304032844
NBaIoT_MixedDevice_9Sources_Balanced,Sybil,IID,Adaptive_Ultimate,F1_Mean_Over_Rounds,10,0.9975905409305378,0.0009701835185324511,0.9968965134504796,0.998284568410596,0.0013880549601164027
NBaIoT_MixedDevice_9Sources_Balanced,Sybil,IID,Adaptive_Ultimate,ASR_Mean_Over_Rounds,10,0.0015811111111111113,0.001305386645233056,0.0006472937594586935,0.002514928462763529,0.0018676347033048353
NBaIoT_MixedDevice_9Sources_Balanced,Sybil,IID,Adaptive_Ultimate,F1_Final_Round,10,0.9976111068072531,0.0009460784937738468,0.9969343230231249,0.9982878905913812,0.0013535675682563308
NBaIoT_MixedDevice_9Sources_Balanced,Sybil,IID,Adaptive_Ultimate,ASR_Final_Round,10,0.0015555555555555555,0.0013042086564191858,0.0006225808863363168,0.0024885302247747943,0.0018659493384384775
NBaIoT_MixedDevice_9Sources_Balanced,Sybil,IID,Adaptive_Ultimate,Time_Mean_Over_Rounds,10,0.6612140656389529,0.013914956919986237,0.6512599051097105,0.6711682261681953,0.019908321058484724
NBaIoT_MixedDevice_9Sources_Balanced,Sybil,IID,Adaptive_Ultimate,Circuit_Breaker_Rate,10,0.094,0.16971872154964063,-0.027409459536047523,0.2154094595360475,0.24281891907209502
NBaIoT_MixedDevice_9Sources_Balanced,Sybil,IID,FLAME,F1_Mean_Over_Rounds,10,0.9602433030781665,0.022833843136198875,0.9439089557004322,0.9765776504559008,0.03266869475546863
NBaIoT_MixedDevice_9Sources_Balanced,Sybil,IID,FLAME,ASR_Mean_Over_Rounds,10,0.19209333333333337,0.03470409193822129,0.1672675214992725,0.21691914516739425,0.04965162366812176
NBaIoT_MixedDevice_9Sources_Balanced,Sybil,IID,FLAME,F1_Final_Round,10,0.9176369008723991,0.1484057425408865,0.8114738280574484,1.0237999736873498,0.21232614562990137
NBaIoT_MixedDevice_9Sources_Balanced,Sybil,IID,FLAME,ASR_Final_Round,10,0.8402222222222221,0.2008622018764635,0.6965340589578698,0.9839103854865744,0.2873763265287046
NBaIoT_MixedDevice_9Sources_Balanced,Sybil,IID,FLAME,Time_Mean_Over_Rounds,10,0.6619640468609868,0.01638937659733682,0.6502397931272382,0.6736883005947353,0.02344850746749705
NBaIoT_MixedDevice_9Sources_Balanced,Sybil,IID,FLAME,Circuit_Breaker_Rate,10,0.0,0.0,0.0,0.0,0.0
NBaIoT_MixedDevice_9Sources_Balanced,Sybil,IID,FLTrust,F1_Mean_Over_Rounds,10,0.9975838741592741,0.0008919764398842302,0.996945792653024,0.9982219556655242,0.00127616301250022
NBaIoT_MixedDevice_9Sources_Balanced,Sybil,IID,FLTrust,ASR_Mean_Over_Rounds,10,0.0016977777777777779,0.001317871251863527,0.0007550294765537049,0.002640526079001851,0.001885496602448146
NBaIoT_MixedDevice_9Sources_Balanced,Sybil,IID,FLTrust,F1_Final_Round,10,0.9977777713648359,0.0007856817186855599,0.9972157285214654,0.9983398142082064,0.0011240856867409388
NBaIoT_MixedDevice_9Sources_Balanced,Sybil,IID,FLTrust,ASR_Final_Round,10,0.001888888888888889,0.001741134707191579,0.0006433561518434066,0.0031344216259343713,0.0024910654740909646
NBaIoT_MixedDevice_9Sources_Balanced,Sybil,IID,FLTrust,Time_Mean_Over_Rounds,10,0.6567387719130274,0.012020345824937658,0.6481399345147901,0.6653376093112647,0.017197674796474605
NBaIoT_MixedDevice_9Sources_Balanced,Sybil,IID,FLTrust,Circuit_Breaker_Rate,10,0.0,0.0,0.0,0.0,0.0
NBaIoT_MixedDevice_9Sources_Balanced,Sybil,IID,FedAvg,F1_Mean_Over_Rounds,10,0.9964738601755881,0.00132660636617222,0.9955248631500188,0.9974228572011575,0.0018979940511387738
NBaIoT_MixedDevice_9Sources_Balanced,Sybil,IID,FedAvg,ASR_Mean_Over_Rounds,10,0.01769888888888889,0.011976964000391197,0.00913108497843531,0.02626669279934247,0.01713560782090716
NBaIoT_MixedDevice_9Sources_Balanced,Sybil,IID,FedAvg,F1_Final_Round,10,0.994722185681858,0.002210639877223869,0.9931407891790327,0.9963035821846833,0.003162793005650588
NBaIoT_MixedDevice_9Sources_Balanced,Sybil,IID,FedAvg,ASR_Final_Round,10,0.19222222222222224,0.2034078659863731,0.0467130005565195,0.337731443887925,0.2910184433314055
NBaIoT_MixedDevice_9Sources_Balanced,Sybil,IID,FedAvg,Time_Mean_Over_Rounds,10,0.653473655146041,0.006537558070622998,0.6487969678319211,0.658150342460161,0.00935337462823993
NBaIoT_MixedDevice_9Sources_Balanced,Sybil,IID,FedAvg,Circuit_Breaker_Rate,10,0.0,0.0,0.0,0.0,0.0
NBaIoT_MixedDevice_9Sources_Balanced,Sybil,IID,Krum,F1_Mean_Over_Rounds,10,0.9491213093563629,0.026572711900747444,0.9301123363873246,0.9681302823254011,0.0380179459380765
NBaIoT_MixedDevice_9Sources_Balanced,Sybil,IID,Krum,ASR_Mean_Over_Rounds,10,0.2600033333333333,0.058687532075602136,0.2180208019676391,0.3019858646990275,0.0839650627313884
NBaIoT_MixedDevice_9Sources_Balanced,Sybil,IID,Krum,F1_Final_Round,10,0.909771994436792,0.15942314196867066,0.7957275488551439,1.0238164400184402,0.22808889116329634
NBaIoT_MixedDevice_9Sources_Balanced,Sybil,IID,Krum,ASR_Final_Round,10,0.9176666666666667,0.13245332019310926,0.8229152693454411,1.0124180639878924,0.18950279464245123
NBaIoT_MixedDevice_9Sources_Balanced,Sybil,IID,Krum,Time_Mean_Over_Rounds,10,0.6577142934279582,0.015556329183943928,0.6465859659143959,0.6688426209415205,0.022256655027124594
NBaIoT_MixedDevice_9Sources_Balanced,Sybil,IID,Krum,Circuit_Breaker_Rate,10,0.0,0.0,0.0,0.0,0.0
NBaIoT_MixedDevice_9Sources_Balanced,Sybil,NonIID_Dirichlet,Adaptive_FixedCircuitBreaker,F1_Mean_Over_Rounds,10,0.9973147818548351,0.0009456583210934522,0.9966382986441356,0.9979912650655347,0.0013529664213991488
NBaIoT_MixedDevice_9Sources_Balanced,Sybil,NonIID_Dirichlet,Adaptive_FixedCircuitBreaker,ASR_Mean_Over_Rounds,10,0.001917777777777778,0.0011148603411400523,0.001120254733530725,0.002715300822024831,0.0015950460884941058
NBaIoT_MixedDevice_9Sources_Balanced,Sybil,NonIID_Dirichlet,Adaptive_FixedCircuitBreaker,F1_Final_Round,10,0.9975555498285071,0.0008764631042754257,0.9969285658940197,0.9981825337629946,0.0012539678689749145
NBaIoT_MixedDevice_9Sources_Balanced,Sybil,NonIID_Dirichlet,Adaptive_FixedCircuitBreaker,ASR_Final_Round,10,0.0017777777777777779,0.001073435314532551,0.0010098884123951515,0.0025456671431604043,0.0015357787307652528
NBaIoT_MixedDevice_9Sources_Balanced,Sybil,NonIID_Dirichlet,Adaptive_FixedCircuitBreaker,Time_Mean_Over_Rounds,10,0.6480715375200635,0.010250061220848424,0.6407390854389263,0.6554039896012007,0.014664904162274395
NBaIoT_MixedDevice_9Sources_Balanced,Sybil,NonIID_Dirichlet,Adaptive_FixedCircuitBreaker,Circuit_Breaker_Rate,10,0.654,0.20023319738078732,0.5107617994455275,0.7972382005544726,0.2864764011089451
NBaIoT_MixedDevice_9Sources_Balanced,Sybil,NonIID_Dirichlet,Adaptive_NoAdaptiveWeighting,F1_Mean_Over_Rounds,10,0.9970245395714127,0.0011903085893048696,0.9961730441017962,0.9978760350410292,0.0017029909392329845
NBaIoT_MixedDevice_9Sources_Balanced,Sybil,NonIID_Dirichlet,Adaptive_NoAdaptiveWeighting,ASR_Mean_Over_Rounds,10,0.0017966666666666665,0.001117402558331712,0.0009973250297950374,0.0025960083035382955,0.0015986832737432581
NBaIoT_MixedDevice_9Sources_Balanced,Sybil,NonIID_Dirichlet,Adaptive_NoAdaptiveWeighting,F1_Final_Round,10,0.997333325823001,0.0010734453879463729,0.9965654292515322,0.9981012223944699,0.0015357931429376137
NBaIoT_MixedDevice_9Sources_Balanced,Sybil,NonIID_Dirichlet,Adaptive_NoAdaptiveWeighting,ASR_Final_Round,10,0.0017777777777777779,0.001073435314532551,0.0010098884123951515,0.0025456671431604043,0.0015357787307652528
NBaIoT_MixedDevice_9Sources_Balanced,Sybil,NonIID_Dirichlet,Adaptive_NoAdaptiveWeighting,Time_Mean_Over_Rounds,10,0.6482052293919368,0.010654068218949991,0.64058376811464,0.6558266906692336,0.015242922554593585
NBaIoT_MixedDevice_9Sources_Balanced,Sybil,NonIID_Dirichlet,Adaptive_NoAdaptiveWeighting,Circuit_Breaker_Rate,10,0.185,0.13794121131039042,0.0863228018687153,0.28367719813128467,0.19735439626256937
NBaIoT_MixedDevice_9Sources_Balanced,Sybil,NonIID_Dirichlet,Adaptive_NoCircuitBreaker,F1_Mean_Over_Rounds,10,0.99705922281463,0.0009925126793533824,0.9963492220151736,0.9977692236140864,0.0014200015989127568
NBaIoT_MixedDevice_9Sources_Balanced,Sybil,NonIID_Dirichlet,Adaptive_NoCircuitBreaker,ASR_Mean_Over_Rounds,10,0.002095555555555556,0.0010950593622533484,0.0013121972783004358,0.0028789138328106758,0.00156671655451024
NBaIoT_MixedDevice_9Sources_Balanced,Sybil,NonIID_Dirichlet,Adaptive_NoCircuitBreaker,F1_Final_Round,10,0.9967777576814543,0.001588747662047697,0.9956412360695356,0.997914279293373,0.0022730432238373677
NBaIoT_MixedDevice_9Sources_Balanced,Sybil,NonIID_Dirichlet,Adaptive_NoCircuitBreaker,ASR_Final_Round,10,0.0026666666666666666,0.001829494671885699,0.0013579250186643596,0.003975408314668974,0.0026174832960046144
NBaIoT_MixedDevice_9Sources_Balanced,Sybil,NonIID_Dirichlet,Adaptive_NoCircuitBreaker,Time_Mean_Over_Rounds,10,0.6447450875789692,0.009027995797230135,0.638286848438187,0.6512033267197515,0.012916478281564503
NBaIoT_MixedDevice_9Sources_Balanced,Sybil,NonIID_Dirichlet,Adaptive_NoCircuitBreaker,Circuit_Breaker_Rate,10,0.0,0.0,0.0,0.0,0.0
NBaIoT_MixedDevice_9Sources_Balanced,Sybil,NonIID_Dirichlet,Adaptive_NoTemporalMemory,F1_Mean_Over_Rounds,10,0.9972305324861767,0.0010444156160287984,0.9964834025625284,0.9979776624098249,0.001494259847296453
NBaIoT_MixedDevice_9Sources_Balanced,Sybil,NonIID_Dirichlet,Adaptive_NoTemporalMemory,ASR_Mean_Over_Rounds,10,0.0019422222222222224,0.0011358698316041424,0.0011296698938803862,0.0027547745505640585,0.0016251046566836723
NBaIoT_MixedDevice_9Sources_Balanced,Sybil,NonIID_Dirichlet,Adaptive_NoTemporalMemory,F1_Final_Round,10,0.9972222167695225,0.0010475699262427348,0.996472830388279,0.9979716031507659,0.0014987727624868885
NBaIoT_MixedDevice_9Sources_Balanced,Sybil,NonIID_Dirichlet,Adaptive_NoTemporalMemory,ASR_Final_Round,10,0.001888888888888889,0.0011770554505237559,0.0010468741436255034,0.0027309036341522748,0.0016840294905267714
NBaIoT_MixedDevice_9Sources_Balanced,Sybil,NonIID_Dirichlet,Adaptive_NoTemporalMemory,Time_Mean_Over_Rounds,10,0.6499315160058832,0.013439471711287026,0.640317497104379,0.6595455349073873,0.019228037803008302
NBaIoT_MixedDevice_9Sources_Balanced,Sybil,NonIID_Dirichlet,Adaptive_NoTemporalMemory,Circuit_Breaker_Rate,10,0.13599999999999998,0.1550770417853297,0.025064567198622018,0.24693543280137795,0.22187086560275593
NBaIoT_MixedDevice_9Sources_Balanced,Sybil,NonIID_Dirichlet,Adaptive_Ultimate,F1_Mean_Over_Rounds,10,0.9971425590959131,0.0010175553796986187,0.9964146438278201,0.9978704743640061,0.0014558305361860313
NBaIoT_MixedDevice_9Sources_Balanced,Sybil,NonIID_Dirichlet,Adaptive_Ultimate,ASR_Mean_Over_Rounds,10,0.0019822222222222225,0.0011718602799715649,0.001143923878091134,0.002820520566353311,0.001676596688262177
NBaIoT_MixedDevice_9Sources_Balanced,Sybil,NonIID_Dirichlet,Adaptive_Ultimate,F1_Final_Round,10,0.9972222167695225,0.0010475699262427348,0.996472830388279,0.9979716031507659,0.0014987727624868885
NBaIoT_MixedDevice_9Sources_Balanced,Sybil,NonIID_Dirichlet,Adaptive_Ultimate,ASR_Final_Round,10,0.001888888888888889,0.0011770554505237559,0.0010468741436255034,0.0027309036341522748,0.0016840294905267714
NBaIoT_MixedDevice_9Sources_Balanced,Sybil,NonIID_Dirichlet,Adaptive_Ultimate,Time_Mean_Over_Rounds,10,0.6558097687939953,0.017390519558747958,0.6433693405289197,0.668250197059071,0.024880856530151263
NBaIoT_MixedDevice_9Sources_Balanced,Sybil,NonIID_Dirichlet,Adaptive_Ultimate,Circuit_Breaker_Rate,10,0.13799999999999998,0.15640403518522858,0.026115293305803394,0.24988470669419657,0.22376941338839318
NBaIoT_MixedDevice_9Sources_Balanced,Sybil,NonIID_Dirichlet,FLAME,F1_Mean_Over_Rounds,10,0.9699739195469496,0.036139381521867874,0.9441213633971339,0.9958264756967652,0.05170511229963126
NBaIoT_MixedDevice_9Sources_Balanced,Sybil,NonIID_Dirichlet,FLAME,ASR_Mean_Over_Rounds,10,0.1517633333333333,0.05780295416575234,0.11041359088433489,0.19311307578233172,0.08269948489799683
NBaIoT_MixedDevice_9Sources_Balanced,Sybil,NonIID_Dirichlet,FLAME,F1_Final_Round,10,0.9076815857286109,0.15197147194520214,0.7989677437593973,1.0163954276978244,0.21742768393842715
NBaIoT_MixedDevice_9Sources_Balanced,Sybil,NonIID_Dirichlet,FLAME,ASR_Final_Round,10,0.6835555555555556,0.20229736766875253,0.5388407365304512,0.82827037458066,0.2894296380502088
NBaIoT_MixedDevice_9Sources_Balanced,Sybil,NonIID_Dirichlet,FLAME,Time_Mean_Over_Rounds,10,0.652487387845904,0.011405733132023938,0.6443282178820506,0.6606465578097573,0.016318339927706704
NBaIoT_MixedDevice_9Sources_Balanced,Sybil,NonIID_Dirichlet,FLAME,Circuit_Breaker_Rate,10,0.0,0.0,0.0,0.0,0.0
NBaIoT_MixedDevice_9Sources_Balanced,Sybil,NonIID_Dirichlet,FLTrust,F1_Mean_Over_Rounds,10,0.9972449759885642,0.0010040848967716196,0.9965266969234601,0.9979632550536683,0.0014365581302082653
NBaIoT_MixedDevice_9Sources_Balanced,Sybil,NonIID_Dirichlet,FLTrust,ASR_Mean_Over_Rounds,10,0.0020044444444444445,0.0010977242951934185,0.0012191797890066494,0.0027897090998822397,0.0015705293108755902
NBaIoT_MixedDevice_9Sources_Balanced,Sybil,NonIID_Dirichlet,FLTrust,F1_Final_Round,10,0.997222208744707,0.0013354100645918813,0.9962669139326749,0.9981775035567392,0.0019105896240643183
NBaIoT_MixedDevice_9Sources_Balanced,Sybil,NonIID_Dirichlet,FLTrust,ASR_Final_Round,10,0.002333333333333333,0.0016101529717988266,0.0011814992852593935,0.003485167381407273,0.0023036680961478796
NBaIoT_MixedDevice_9Sources_Balanced,Sybil,NonIID_Dirichlet,FLTrust,Time_Mean_Over_Rounds,10,0.6486376859770424,0.007077499367012413,0.643574747927722,0.6537006240263629,0.010125876098640907
NBaIoT_MixedDevice_9Sources_Balanced,Sybil,NonIID_Dirichlet,FLTrust,Circuit_Breaker_Rate,10,0.0,0.0,0.0,0.0,0.0
NBaIoT_MixedDevice_9Sources_Balanced,Sybil,NonIID_Dirichlet,FedAvg,F1_Mean_Over_Rounds,10,0.9961031825223851,0.001283434853541872,0.9951850685365178,0.9970212965082523,0.0018362279717345498
NBaIoT_MixedDevice_9Sources_Balanced,Sybil,NonIID_Dirichlet,FedAvg,ASR_Mean_Over_Rounds,10,0.1284311111111111,0.1781281510914215,0.0010059080769282691,0.255856314145294,0.25485040606836573
NBaIoT_MixedDevice_9Sources_Balanced,Sybil,NonIID_Dirichlet,FedAvg,F1_Final_Round,10,0.9949999299360897,0.0031427751744122286,0.9927517240111051,0.9972481358610742,0.004496411849969073
NBaIoT_MixedDevice_9Sources_Balanced,Sybil,NonIID_Dirichlet,FedAvg,ASR_Final_Round,10,0.40311111111111114,0.4448062724686275,0.0849158722737472,0.7213063499484751,0.6363904776747279
NBaIoT_MixedDevice_9Sources_Balanced,Sybil,NonIID_Dirichlet,FedAvg,Time_Mean_Over_Rounds,10,0.6588248802859925,0.01873964881812043,0.6454193430881539,0.6722304174838312,0.026811074395677315
NBaIoT_MixedDevice_9Sources_Balanced,Sybil,NonIID_Dirichlet,FedAvg,Circuit_Breaker_Rate,10,0.0,0.0,0.0,0.0,0.0
NBaIoT_MixedDevice_9Sources_Balanced,Sybil,NonIID_Dirichlet,Krum,F1_Mean_Over_Rounds,10,0.9013023947091181,0.06963214269097902,0.8514905605563607,0.9511142288618755,0.09962366830551472
NBaIoT_MixedDevice_9Sources_Balanced,Sybil,NonIID_Dirichlet,Krum,ASR_Mean_Over_Rounds,10,0.16451444444444446,0.055925437341500815,0.12450779662178367,0.20452109226710524,0.08001329564532157
NBaIoT_MixedDevice_9Sources_Balanced,Sybil,NonIID_Dirichlet,Krum,F1_Final_Round,10,0.7703837595633394,0.14406301508171643,0.6673272868271312,0.8734402322995476,0.20611294547241643
NBaIoT_MixedDevice_9Sources_Balanced,Sybil,NonIID_Dirichlet,Krum,ASR_Final_Round,10,0.6358888888888888,0.1368527790275814,0.5379903083078122,0.7337874694699654,0.19579716116215318
NBaIoT_MixedDevice_9Sources_Balanced,Sybil,NonIID_Dirichlet,Krum,Time_Mean_Over_Rounds,10,0.6464598396059846,0.004784540626702165,0.6430371854266914,0.6498824937852778,0.006845308358586433
NBaIoT_MixedDevice_9Sources_Balanced,Sybil,NonIID_Dirichlet,Krum,Circuit_Breaker_Rate,10,0.0,0.0,0.0,0.0,0.0
