Dataset,Attack,Partition_Mode,Strategy,Metric,N_Seeds,Mean,Std,CI95_Low,CI95_High,CI95_Width,Mean_CI95
NBaIoT_MixedDevice_9Sources_Balanced,Cumulative,IID,Adaptive_FixedCircuitBreaker,F1_Mean_Over_Rounds,10,0.997507186713071,0.0012791780023031734,0.9965921178951351,0.9984222555310069,0.0018301376358718091,"0.9975 [0.9966, 0.9984]"
NBaIoT_MixedDevice_9Sources_Balanced,Cumulative,IID,Adaptive_FixedCircuitBreaker,ASR_Mean_Over_Rounds,10,0.0016488888888888894,0.0010286326108047393,0.0009130494470249028,0.002384728330752876,0.0014716788837279733,"0.0016 [0.0009, 0.0024]"
NBaIoT_MixedDevice_9Sources_Balanced,Cumulative,IID,Adaptive_FixedCircuitBreaker,F1_Final_Round,10,0.9978888849451056,0.0014054610757379994,0.9968834786584787,0.9988942912317326,0.0020108125732538618,"0.9979 [0.9969, 0.9989]"
NBaIoT_MixedDevice_9Sources_Balanced,Cumulative,IID,Adaptive_FixedCircuitBreaker,ASR_Final_Round,10,0.0015555555555555555,0.0011944085553034888,0.0007011271469476487,0.0024099839641634623,0.0017088568172158136,"0.0016 [0.0007, 0.0024]"
NBaIoT_MixedDevice_9Sources_Balanced,Cumulative,IID,Adaptive_NoAdaptiveWeighting,F1_Mean_Over_Rounds,10,0.9975305200326835,0.001145754656979435,0.996710896526245,0.998350143539122,0.0016392470128769876,"0.9975 [0.9967, 0.9984]"
NBaIoT_MixedDevice_9Sources_Balanced,Cumulative,IID,Adaptive_NoAdaptiveWeighting,ASR_Mean_Over_Rounds,10,0.0016333333333333334,0.0010067127234442712,0.0009131744342711442,0.0023534922323955225,0.0014403177981243782,"0.0016 [0.0009, 0.0024]"
NBaIoT_MixedDevice_9Sources_Balanced,Cumulative,IID,Adaptive_NoAdaptiveWeighting,F1_Final_Round,10,0.9979444413408676,0.001143061742705823,0.9971267442292518,0.9987621384524833,0.0016353942232314456,"0.9979 [0.9971, 0.9988]"
NBaIoT_MixedDevice_9Sources_Balanced,Cumulative,IID,Adaptive_NoAdaptiveWeighting,ASR_Final_Round,10,0.0014444444444444444,0.0011770554505237557,0.0006024296991810589,0.00228645918970783,0.0016840294905267712,"0.0014 [0.0006, 0.0023]"
NBaIoT_MixedDevice_9Sources_Balanced,Cumulative,IID,Adaptive_NoCircuitBreaker,F1_Mean_Over_Rounds,10,0.9974866310369732,0.0012858013080597355,0.9965668241915239,0.9984064378824226,0.0018396136908986893,"0.9975 [0.9966, 0.9984]"
NBaIoT_MixedDevice_9Sources_Balanced,Cumulative,IID,Adaptive_NoCircuitBreaker,ASR_Mean_Over_Rounds,10,0.0016488888888888894,0.0010286326108047393,0.0009130494470249028,0.002384728330752876,0.0014716788837279733,"0.0016 [0.0009, 0.0024]"
NBaIoT_MixedDevice_9Sources_Balanced,Cumulative,IID,Adaptive_NoCircuitBreaker,F1_Final_Round,10,0.9978888849451056,0.0014054610757379994,0.9968834786584787,0.9988942912317326,0.0020108125732538618,"0.9979 [0.9969, 0.9989]"
NBaIoT_MixedDevice_9Sources_Balanced,Cumulative,IID,Adaptive_NoCircuitBreaker,ASR_Final_Round,10,0.0015555555555555555,0.0011944085553034888,0.0007011271469476487,0.0024099839641634623,0.0017088568172158136,"0.0016 [0.0007, 0.0024]"
NBaIoT_MixedDevice_9Sources_Balanced,Cumulative,IID,Adaptive_NoTemporalMemory,F1_Mean_Over_Rounds,10,0.9975027422970909,0.0012788481144182543,0.9965879094667316,0.9984175751274502,0.0018296656607186268,"0.9975 [0.9966, 0.9984]"
NBaIoT_MixedDevice_9Sources_Balanced,Cumulative,IID,Adaptive_NoTemporalMemory,ASR_Mean_Over_Rounds,10,0.0016622222222222225,0.001015412097817956,0.0009358401656240398,0.002388604278820405,0.001452764113196365,"0.0017 [0.0009, 0.0024]"
NBaIoT_MixedDevice_9Sources_Balanced,Cumulative,IID,Adaptive_NoTemporalMemory,F1_Final_Round,10,0.9978888859739268,0.0013808429804530499,0.9969010904117742,0.9988766815360793,0.0019755911243051205,"0.9979 [0.9969, 0.9989]"
NBaIoT_MixedDevice_9Sources_Balanced,Cumulative,IID,Adaptive_NoTemporalMemory,ASR_Final_Round,10,0.0015555555555555555,0.0011944085553034888,0.0007011271469476487,0.0024099839641634623,0.0017088568172158136,"0.0016 [0.0007, 0.0024]"
NBaIoT_MixedDevice_9Sources_Balanced,Cumulative,IID,Adaptive_Ultimate,F1_Mean_Over_Rounds,10,0.9974838532429059,0.0012869455785004251,0.9965632278356945,0.9984044786501173,0.001841250814422768,"0.9975 [0.9966, 0.9984]"
NBaIoT_MixedDevice_9Sources_Balanced,Cumulative,IID,Adaptive_Ultimate,ASR_Mean_Over_Rounds,10,0.0016488888888888894,0.0010286326108047393,0.0009130494470249028,0.002384728330752876,0.0014716788837279733,"0.0016 [0.0009, 0.0024]"
NBaIoT_MixedDevice_9Sources_Balanced,Cumulative,IID,Adaptive_Ultimate,F1_Final_Round,10,0.9978333290637609,0.0014451608987547239,0.9967995232345723,0.9988671348929494,0.0020676116583771,"0.9978 [0.9968, 0.9989]"
NBaIoT_MixedDevice_9Sources_Balanced,Cumulative,IID,Adaptive_Ultimate,ASR_Final_Round,10,0.0015555555555555555,0.0011944085553034888,0.0007011271469476487,0.0024099839641634623,0.0017088568172158136,"0.0016 [0.0007, 0.0024]"
NBaIoT_MixedDevice_9Sources_Balanced,Cumulative,IID,FLAME,F1_Mean_Over_Rounds,10,0.9970700480373512,0.0015488951193788276,0.995962035217052,0.9981780608576505,0.002216025640598529,"0.9971 [0.9960, 0.9982]"
NBaIoT_MixedDevice_9Sources_Balanced,Cumulative,IID,FLAME,ASR_Mean_Over_Rounds,10,0.0022566666666666664,0.0016239332258701548,0.0010949748186765286,0.003418358514656804,0.002323383695980275,"0.0023 [0.0011, 0.0034]"
NBaIoT_MixedDevice_9Sources_Balanced,Cumulative,IID,FLAME,F1_Final_Round,10,0.9976111051268564,0.0012015704277757915,0.9967515534233156,0.9984706568303972,0.0017191034070815903,"0.9976 [0.9968, 0.9985]"
NBaIoT_MixedDevice_9Sources_Balanced,Cumulative,IID,FLAME,ASR_Final_Round,10,0.0015555555555555555,0.0014998856838012286,0.00048260197345530295,0.002628509137655808,0.002145907164200505,"0.0016 [0.0005, 0.0026]"
NBaIoT_MixedDevice_9Sources_Balanced,Cumulative,IID,FLTrust,F1_Mean_Over_Rounds,10,0.997509408949011,0.0012795849466924678,0.9965940490205958,0.9984247688774261,0.001830719856830365,"0.9975 [0.9966, 0.9984]"
NBaIoT_MixedDevice_9Sources_Balanced,Cumulative,IID,FLTrust,ASR_Mean_Over_Rounds,10,0.001671111111111111,0.001007818543555959,0.0009501611559952452,0.002392061066226977,0.001441899910231732,"0.0017 [0.0010, 0.0024]"
NBaIoT_MixedDevice_9Sources_Balanced,Cumulative,IID,FLTrust,F1_Final_Round,10,0.9979444418552716,0.0013366746914531518,0.9969882423836808,0.9989006413268625,0.0019123989431817368,"0.9979 [0.9970, 0.9989]"
NBaIoT_MixedDevice_9Sources_Balanced,Cumulative,IID,FLTrust,ASR_Final_Round,10,0.0015555555555555555,0.0011944085553034888,0.0007011271469476487,0.0024099839641634623,0.0017088568172158136,"0.0016 [0.0007, 0.0024]"
NBaIoT_MixedDevice_9Sources_Balanced,Cumulative,IID,FedAvg,F1_Mean_Over_Rounds,10,0.9971667295345845,0.0015124378169394637,0.9960847966973589,0.9982486623718101,0.0021638656744511486,"0.9972 [0.9961, 0.9982]"
NBaIoT_MixedDevice_9Sources_Balanced,Cumulative,IID,FedAvg,ASR_Mean_Over_Rounds,10,0.00221,0.0015159096831119385,0.001125583539331279,0.0032944164606687216,0.002168832921337443,"0.0022 [0.0011, 0.0033]"
NBaIoT_MixedDevice_9Sources_Balanced,Cumulative,IID,FedAvg,F1_Final_Round,10,0.9979444416838034,0.0007878563918958058,0.9973808431729336,0.9985080401946731,0.0011271970217394678,"0.9979 [0.9974, 0.9985]"
NBaIoT_MixedDevice_9Sources_Balanced,Cumulative,IID,FedAvg,ASR_Final_Round,10,0.0013333333333333333,0.000876456264162906,0.0007063542919676576,0.001960312374699009,0.0012539580827313512,"0.0013 [0.0007, 0.0020]"
NBaIoT_MixedDevice_9Sources_Balanced,Cumulative,IID,Krum,F1_Mean_Over_Rounds,10,0.9967390570507548,0.0013657553677865798,0.995762054516518,0.9977160595849917,0.001954005068473652,"0.9967 [0.9958, 0.9977]"
NBaIoT_MixedDevice_9Sources_Balanced,Cumulative,IID,Krum,ASR_Mean_Over_Rounds,10,0.002321111111111111,0.001138555506760785,0.0015066375664987293,0.0031355846557234927,0.0016289470892247634,"0.0023 [0.0015, 0.0031]"
NBaIoT_MixedDevice_9Sources_Balanced,Cumulative,IID,Krum,F1_Final_Round,10,0.9969999913579766,0.0011770591769885526,0.9961579739469608,0.9978420087689923,0.0016840348220314993,"0.9970 [0.9962, 0.9978]"
NBaIoT_MixedDevice_9Sources_Balanced,Cumulative,IID,Krum,ASR_Final_Round,10,0.001888888888888889,0.001288335343031562,0.0009672693040224041,0.0028105084737553737,0.0018432391697329694,"0.0019 [0.0010, 0.0028]"
NBaIoT_MixedDevice_9Sources_Balanced,Cumulative,NonIID_Dirichlet,Adaptive_FixedCircuitBreaker,F1_Mean_Over_Rounds,10,0.9958720646722806,0.0017602646781636122,0.9946128471783889,0.9971312821661723,0.002518434987783369,"0.9959 [0.9946, 0.9971]"
NBaIoT_MixedDevice_9Sources_Balanced,Cumulative,NonIID_Dirichlet,Adaptive_FixedCircuitBreaker,ASR_Mean_Over_Rounds,10,0.003256666666666667,0.0020692367531872087,0.0017764238651493069,0.004736909468184027,0.0029604856030347204,"0.0033 [0.0018, 0.0047]"
NBaIoT_MixedDevice_9Sources_Balanced,Cumulative,NonIID_Dirichlet,Adaptive_FixedCircuitBreaker,F1_Final_Round,10,0.9968888765430772,0.0013405328637987343,0.9959299171012544,0.9978478359849,0.001917918883645564,"0.9969 [0.9959, 0.9978]"
NBaIoT_MixedDevice_9Sources_Balanced,Cumulative,NonIID_Dirichlet,Adaptive_FixedCircuitBreaker,ASR_Final_Round,10,0.0021111111111111113,0.0012227832606829022,0.0012363846610546564,0.0029858375611675663,0.0017494529001129099,"0.0021 [0.0012, 0.0030]"
NBaIoT_MixedDevice_9Sources_Balanced,Cumulative,NonIID_Dirichlet,Adaptive_NoAdaptiveWeighting,F1_Mean_Over_Rounds,10,0.9958017245011463,0.0020669632621218427,0.9943231080571633,0.9972803409451294,0.0029572328879661214,"0.9958 [0.9943, 0.9973]"
NBaIoT_MixedDevice_9Sources_Balanced,Cumulative,NonIID_Dirichlet,Adaptive_NoAdaptiveWeighting,ASR_Mean_Over_Rounds,10,0.0032199999999999998,0.002140079354450916,0.0016890794544304683,0.004750920545569531,0.0030618410911390625,"0.0032 [0.0017, 0.0048]"
NBaIoT_MixedDevice_9Sources_Balanced,Cumulative,NonIID_Dirichlet,Adaptive_NoAdaptiveWeighting,F1_Final_Round,10,0.9973888844135658,0.00120156885976316,0.9965293338317136,0.9982484349954179,0.0017191011637043285,"0.9974 [0.9965, 0.9982]"
NBaIoT_MixedDevice_9Sources_Balanced,Cumulative,NonIID_Dirichlet,Adaptive_NoAdaptiveWeighting,ASR_Final_Round,10,0.001888888888888889,0.0011770554505237559,0.0010468741436255034,0.0027309036341522748,0.0016840294905267714,"0.0019 [0.0010, 0.0027]"
NBaIoT_MixedDevice_9Sources_Balanced,Cumulative,NonIID_Dirichlet,Adaptive_NoCircuitBreaker,F1_Mean_Over_Rounds,10,0.9958726202269789,0.0017597338753165398,0.9946137824465695,0.9971314580073882,0.002517675560818722,"0.9959 [0.9946, 0.9971]"
NBaIoT_MixedDevice_9Sources_Balanced,Cumulative,NonIID_Dirichlet,Adaptive_NoCircuitBreaker,ASR_Mean_Over_Rounds,10,0.003255555555555556,0.0020694525229770235,0.0017751584016289482,0.004735952709482164,0.0029607943078532157,"0.0033 [0.0018, 0.0047]"
NBaIoT_MixedDevice_9Sources_Balanced,Cumulative,NonIID_Dirichlet,Adaptive_NoCircuitBreaker,F1_Final_Round,10,0.996944432012899,0.0013418119039028799,0.9959845576009047,0.9979043064248933,0.0019197488239885985,"0.9969 [0.9960, 0.9979]"
NBaIoT_MixedDevice_9Sources_Balanced,Cumulative,NonIID_Dirichlet,Adaptive_NoCircuitBreaker,ASR_Final_Round,10,0.002,0.0011475506210984938,0.0011790917382259835,0.0028209082617740165,0.001641816523548033,"0.0020 [0.0012, 0.0028]"
NBaIoT_MixedDevice_9Sources_Balanced,Cumulative,NonIID_Dirichlet,Adaptive_NoTemporalMemory,F1_Mean_Over_Rounds,10,0.9960019817566949,0.001663967699032313,0.9948116509718505,0.9971923125415392,0.0023806615696886357,"0.9960 [0.9948, 0.9972]"
NBaIoT_MixedDevice_9Sources_Balanced,Cumulative,NonIID_Dirichlet,Adaptive_NoTemporalMemory,ASR_Mean_Over_Rounds,10,0.003158888888888889,0.0019400482932062713,0.001771061944392891,0.004546715833384887,0.002775653888991996,"0.0032 [0.0018, 0.0045]"
NBaIoT_MixedDevice_9Sources_Balanced,Cumulative,NonIID_Dirichlet,Adaptive_NoTemporalMemory,F1_Final_Round,10,0.9968333210732556,0.001336689508823884,0.9958771110019563,0.9977895311445549,0.0019124201425986254,"0.9968 [0.9959, 0.9978]"
NBaIoT_MixedDevice_9Sources_Balanced,Cumulative,NonIID_Dirichlet,Adaptive_NoTemporalMemory,ASR_Final_Round,10,0.0021111111111111113,0.0012227832606829022,0.0012363846610546564,0.0029858375611675663,0.0017494529001129099,"0.0021 [0.0012, 0.0030]"
NBaIoT_MixedDevice_9Sources_Balanced,Cumulative,NonIID_Dirichlet,Adaptive_Ultimate,F1_Mean_Over_Rounds,10,0.9958720646722806,0.0017602646781636122,0.9946128471783889,0.9971312821661723,0.002518434987783369,"0.9959 [0.9946, 0.9971]"
NBaIoT_MixedDevice_9Sources_Balanced,Cumulative,NonIID_Dirichlet,Adaptive_Ultimate,ASR_Mean_Over_Rounds,10,0.003256666666666667,0.0020692367531872087,0.0017764238651493069,0.004736909468184027,0.0029604856030347204,"0.0033 [0.0018, 0.0047]"
NBaIoT_MixedDevice_9Sources_Balanced,Cumulative,NonIID_Dirichlet,Adaptive_Ultimate,F1_Final_Round,10,0.9968888765430772,0.0013405328637987343,0.9959299171012544,0.9978478359849,0.001917918883645564,"0.9969 [0.9959, 0.9978]"
NBaIoT_MixedDevice_9Sources_Balanced,Cumulative,NonIID_Dirichlet,Adaptive_Ultimate,ASR_Final_Round,10,0.0021111111111111113,0.0012227832606829022,0.0012363846610546564,0.0029858375611675663,0.0017494529001129099,"0.0021 [0.0012, 0.0030]"
NBaIoT_MixedDevice_9Sources_Balanced,Cumulative,NonIID_Dirichlet,FLAME,F1_Mean_Over_Rounds,10,0.9818346176834722,0.043588461354253476,0.9506533108323012,1.0130159245346433,0.062362613702342085,"0.9818 [0.9507, 1.0130]"
NBaIoT_MixedDevice_9Sources_Balanced,Cumulative,NonIID_Dirichlet,FLAME,ASR_Mean_Over_Rounds,10,0.0043077777777777776,0.003098395752873834,0.0020913189784745384,0.006524236577081017,0.004432917598606478,"0.0043 [0.0021, 0.0065]"
NBaIoT_MixedDevice_9Sources_Balanced,Cumulative,NonIID_Dirichlet,FLAME,F1_Final_Round,10,0.996944439489013,0.0012896673991016528,0.9960218670086376,0.9978670119693884,0.001845144960750833,"0.9969 [0.9960, 0.9979]"
NBaIoT_MixedDevice_9Sources_Balanced,Cumulative,NonIID_Dirichlet,FLAME,ASR_Final_Round,10,0.0023333333333333335,0.0016932043630611053,0.0011220878989679833,0.0035445787676986838,0.0024224908687307005,"0.0023 [0.0011, 0.0035]"
NBaIoT_MixedDevice_9Sources_Balanced,Cumulative,NonIID_Dirichlet,FLTrust,F1_Mean_Over_Rounds,10,0.9960275380283135,0.0016354094526673535,0.9948576365822293,0.9971974394743977,0.0023398028921683967,"0.9960 [0.9949, 0.9972]"
NBaIoT_MixedDevice_9Sources_Balanced,Cumulative,NonIID_Dirichlet,FLTrust,ASR_Mean_Over_Rounds,10,0.003163333333333333,0.0019475639879008983,0.0017701299847342337,0.004556536681932432,0.0027864066971981984,"0.0032 [0.0018, 0.0046]"
NBaIoT_MixedDevice_9Sources_Balanced,Cumulative,NonIID_Dirichlet,FLTrust,F1_Final_Round,10,0.9969444361624881,0.0011490530355265927,0.9961224531381773,0.9977664191867989,0.0016439660486216034,"0.9969 [0.9961, 0.9978]"
NBaIoT_MixedDevice_9Sources_Balanced,Cumulative,NonIID_Dirichlet,FLTrust,ASR_Final_Round,10,0.0021111111111111113,0.0012227832606829022,0.0012363846610546564,0.0029858375611675663,0.0017494529001129099,"0.0021 [0.0012, 0.0030]"
NBaIoT_MixedDevice_9Sources_Balanced,Cumulative,NonIID_Dirichlet,FedAvg,F1_Mean_Over_Rounds,10,0.9975477616527201,0.0010604423691167792,0.9967891668805697,0.9983063564248704,0.00151718954430069,"0.9975 [0.9968, 0.9983]"
NBaIoT_MixedDevice_9Sources_Balanced,Cumulative,NonIID_Dirichlet,FedAvg,ASR_Mean_Over_Rounds,10,0.0017022222222222224,0.0007919485095010661,0.0011356963867634622,0.0022687480576809825,0.0011330516709175203,"0.0017 [0.0011, 0.0023]"
NBaIoT_MixedDevice_9Sources_Balanced,Cumulative,NonIID_Dirichlet,FedAvg,F1_Final_Round,10,0.9981111085733791,0.0009868852973389138,0.9974051333605094,0.9988170837862489,0.0014119504257394944,"0.9981 [0.9974, 0.9988]"
NBaIoT_MixedDevice_9Sources_Balanced,Cumulative,NonIID_Dirichlet,FedAvg,ASR_Final_Round,10,0.0014444444444444444,0.0009147473359428495,0.0007900736204432909,0.0020988152684455978,0.0013087416480023067,"0.0014 [0.0008, 0.0021]"
NBaIoT_MixedDevice_9Sources_Balanced,Cumulative,NonIID_Dirichlet,Krum,F1_Mean_Over_Rounds,10,0.9253125685458514,0.1448340547541745,0.8217045272551593,1.0289206098365435,0.20721608258138424,"0.9253 [0.8217, 1.0289]"
NBaIoT_MixedDevice_9Sources_Balanced,Cumulative,NonIID_Dirichlet,Krum,ASR_Mean_Over_Rounds,10,0.013235555555555556,0.017833032803898242,0.0004785723845703374,0.025992538726540775,0.025513966341970437,"0.0132 [0.0005, 0.0260]"
NBaIoT_MixedDevice_9Sources_Balanced,Cumulative,NonIID_Dirichlet,Krum,F1_Final_Round,10,0.9362770540203451,0.15472347847386747,0.8255945451755258,1.0469595628651645,0.22136501768963868,"0.9363 [0.8256, 1.0470]"
NBaIoT_MixedDevice_9Sources_Balanced,Cumulative,NonIID_Dirichlet,Krum,ASR_Final_Round,10,0.009222222222222222,0.011898634519530184,0.0007104518468450498,0.017733992597599394,0.017023540750754344,"0.0092 [0.0007, 0.0177]"
NBaIoT_MixedDevice_9Sources_Balanced,OnOff,IID,Adaptive_FixedCircuitBreaker,F1_Mean_Over_Rounds,10,0.997723875250846,0.001147208457633399,0.9969032117580697,0.9985445387436224,0.001641326985552638,"0.9977 [0.9969, 0.9985]"
NBaIoT_MixedDevice_9Sources_Balanced,OnOff,IID,Adaptive_FixedCircuitBreaker,ASR_Mean_Over_Rounds,10,0.001631111111111111,0.0011923717301812922,0.000778139759420658,0.002484082462801564,0.0017059427033809058,"0.0016 [0.0008, 0.0025]"
NBaIoT_MixedDevice_9Sources_Balanced,OnOff,IID,Adaptive_FixedCircuitBreaker,F1_Final_Round,10,0.9978333317043868,0.0011549981921264477,0.9970070957712451,0.9986595676375285,0.001652471866283367,"0.9978 [0.9970, 0.9987]"
NBaIoT_MixedDevice_9Sources_Balanced,OnOff,IID,Adaptive_FixedCircuitBreaker,ASR_Final_Round,10,0.0016666666666666666,0.001200137166371826,0.0008081402565693035,0.0025251930767640294,0.0017170528201947259,"0.0017 [0.0008, 0.0025]"
NBaIoT_MixedDevice_9Sources_Balanced,OnOff,IID,Adaptive_NoAdaptiveWeighting,F1_Mean_Over_Rounds,10,0.997721653035825,0.0011754414006526885,0.9968807929122836,0.9985625131593665,0.0016817202470829073,"0.9977 [0.9969, 0.9986]"
NBaIoT_MixedDevice_9Sources_Balanced,OnOff,IID,Adaptive_NoAdaptiveWeighting,ASR_Mean_Over_Rounds,10,0.0015799999999999998,0.0012508521101120397,0.0006851943046612647,0.002474805695338735,0.0017896113906774704,"0.0016 [0.0007, 0.0025]"
NBaIoT_MixedDevice_9Sources_Balanced,OnOff,IID,Adaptive_NoAdaptiveWeighting,F1_Final_Round,10,0.9979444430898466,0.0012015658506350977,0.997084894660595,0.9988039915190983,0.001719096858503244,"0.9979 [0.9971, 0.9988]"
NBaIoT_MixedDevice_9Sources_Balanced,OnOff,IID,Adaptive_NoAdaptiveWeighting,ASR_Final_Round,10,0.0015555555555555555,0.0011944085553034888,0.0007011271469476487,0.0024099839641634623,0.0017088568172158136,"0.0016 [0.0007, 0.0024]"
NBaIoT_MixedDevice_9Sources_Balanced,OnOff,IID,Adaptive_NoCircuitBreaker,F1_Mean_Over_Rounds,10,0.997795542037025,0.0010089907026689336,0.9970737535697928,0.9985173305042573,0.0014435769344645077,"0.9978 [0.9971, 0.9985]"
NBaIoT_MixedDevice_9Sources_Balanced,OnOff,IID,Adaptive_NoCircuitBreaker,ASR_Mean_Over_Rounds,10,0.0016277777777777777,0.0011218034911259333,0.0008252879032390118,0.0024302676523165435,0.0016049797490775316,"0.0016 [0.0008, 0.0024]"
NBaIoT_MixedDevice_9Sources_Balanced,OnOff,IID,Adaptive_NoCircuitBreaker,F1_Final_Round,10,0.9978333305726924,0.0007612921959940094,0.9972887349428131,0.9983779262025717,0.0010891912597585929,"0.9978 [0.9973, 0.9984]"
NBaIoT_MixedDevice_9Sources_Balanced,OnOff,IID,Adaptive_NoCircuitBreaker,ASR_Final_Round,10,0.0016666666666666666,0.0009442628728875528,0.0009911816994781655,0.002342151633855168,0.0013509699343770022,"0.0017 [0.0010, 0.0023]"
NBaIoT_MixedDevice_9Sources_Balanced,OnOff,IID,Adaptive_NoTemporalMemory,F1_Mean_Over_Rounds,10,0.9977405422765674,0.0011125481130931233,0.996944673300622,0.9985364112525128,0.001591737951890826,"0.9977 [0.9969, 0.9985]"
NBaIoT_MixedDevice_9Sources_Balanced,OnOff,IID,Adaptive_NoTemporalMemory,ASR_Mean_Over_Rounds,10,0.001618888888888889,0.0011913502846291142,0.0007666482353282776,0.0024711295424495,0.0017044813071212224,"0.0016 [0.0008, 0.0025]"
NBaIoT_MixedDevice_9Sources_Balanced,OnOff,IID,Adaptive_NoTemporalMemory,F1_Final_Round,10,0.9978333319101482,0.0009955322100264011,0.997121171068572,0.9985454927517244,0.0014243216831524297,"0.9978 [0.9971, 0.9985]"
NBaIoT_MixedDevice_9Sources_Balanced,OnOff,IID,Adaptive_NoTemporalMemory,ASR_Final_Round,10,0.0016666666666666666,0.001200137166371826,0.0008081402565693035,0.0025251930767640294,0.0017170528201947259,"0.0017 [0.0008, 0.0025]"
NBaIoT_MixedDevice_9Sources_Balanced,OnOff,IID,Adaptive_Ultimate,F1_Mean_Over_Rounds,10,0.9977310976570536,0.0011334199599823817,0.9969202978612952,0.998541897452812,0.0016215995915167536,"0.9977 [0.9969, 0.9985]"
NBaIoT_MixedDevice_9Sources_Balanced,OnOff,IID,Adaptive_Ultimate,ASR_Mean_Over_Rounds,10,0.0015977777777777778,0.0011800095324066857,0.0007536498096385833,0.0024419057459169726,0.0016882559362783893,"0.0016 [0.0008, 0.0024]"
NBaIoT_MixedDevice_9Sources_Balanced,OnOff,IID,Adaptive_Ultimate,F1_Final_Round,10,0.9978888874828508,0.001165343894883633,0.9970552506797944,0.9987225242859071,0.0016672736061127402,"0.9979 [0.9971, 0.9987]"
NBaIoT_MixedDevice_9Sources_Balanced,OnOff,IID,Adaptive_Ultimate,ASR_Final_Round,10,0.0015555555555555555,0.0011944085553034888,0.0007011271469476487,0.0024099839641634623,0.0017088568172158136,"0.0016 [0.0007, 0.0024]"
NBaIoT_MixedDevice_9Sources_Balanced,OnOff,IID,FLAME,F1_Mean_Over_Rounds,10,0.9506669559908595,0.02595035491652218,0.9321031903884769,0.9692307215932421,0.037127531204765196,"0.9507 [0.9321, 0.9692]"
NBaIoT_MixedDevice_9Sources_Balanced,OnOff,IID,FLAME,ASR_Mean_Over_Rounds,10,0.22396555555555558,0.038635413597028344,0.19632744562320553,0.25160366548790564,0.055276219864700105,"0.2240 [0.1963, 0.2516]"
NBaIoT_MixedDevice_9Sources_Balanced,OnOff,IID,FLAME,F1_Final_Round,10,0.908059341787647,0.1800619477519273,0.7792507839575942,1.0368678996176999,0.2576171156601057,"0.9081 [0.7793, 1.0369]"
NBaIoT_MixedDevice_9Sources_Balanced,OnOff,IID,FLAME,ASR_Final_Round,10,0.8126666666666666,0.1754423763941946,0.6871627511100739,0.9381705822232594,0.2510078311131856,"0.8127 [0.6872, 0.9382]"
NBaIoT_MixedDevice_9Sources_Balanced,OnOff,IID,FLTrust,F1_Mean_Over_Rounds,10,0.9978127645341118,0.0009789982467906053,0.9971124313773196,0.998513097690904,0.0014006663135843755,"0.9978 [0.9971, 0.9985]"
NBaIoT_MixedDevice_9Sources_Balanced,OnOff,IID,FLTrust,ASR_Mean_Over_Rounds,10,0.0016688888888888888,0.0011692188427886209,0.0008324801150883536,0.0025052976626894242,0.0016728175476010707,"0.0017 [0.0008, 0.0025]"
NBaIoT_MixedDevice_9Sources_Balanced,OnOff,IID,FLTrust,F1_Final_Round,10,0.9981111092935491,0.0006521054903696748,0.9976446211275802,0.9985775974595179,0.0009329763319376738,"0.9981 [0.9976, 0.9986]"
NBaIoT_MixedDevice_9Sources_Balanced,OnOff,IID,FLTrust,ASR_Final_Round,10,0.0017777777777777779,0.001073435314532551,0.0010098884123951515,0.0025456671431604043,0.0015357787307652528,"0.0018 [0.0010, 0.0025]"
NBaIoT_MixedDevice_9Sources_Balanced,OnOff,IID,FedAvg,F1_Mean_Over_Rounds,10,0.9966004846839474,0.0013177048047990267,0.9956578554517803,0.9975431139161144,0.001885258464334072,"0.9966 [0.9957, 0.9975]"
NBaIoT_MixedDevice_9Sources_Balanced,OnOff,IID,FedAvg,ASR_Mean_Over_Rounds,10,0.010842222222222222,0.00523953212080937,0.007094086735453506,0.014590357708990937,0.007496270973537431,"0.0108 [0.0071, 0.0146]"
NBaIoT_MixedDevice_9Sources_Balanced,OnOff,IID,FedAvg,F1_Final_Round,10,0.9958333019027863,0.0014872826210001642,0.9947693640086974,0.9968972397968752,0.0021278757881777466,"0.9958 [0.9948, 0.9969]"
NBaIoT_MixedDevice_9Sources_Balanced,OnOff,IID,FedAvg,ASR_Final_Round,10,0.019555555555555555,0.011026840927957568,0.011667428746506234,0.027443682364604878,0.015776253618098646,"0.0196 [0.0117, 0.0274]"
NBaIoT_MixedDevice_9Sources_Balanced,OnOff,IID,Krum,F1_Mean_Over_Rounds,10,0.9552371049926267,0.021067104715685632,0.9401666061450815,0.9703076038401719,0.030140997695090377,"0.9552 [0.9402, 0.9703]"
NBaIoT_MixedDevice_9Sources_Balanced,OnOff,IID,Krum,ASR_Mean_Over_Rounds,10,0.17815,0.031696313282780456,0.15547582339879307,0.20082417660120694,0.04534835320241387,"0.1782 [0.1555, 0.2008]"
NBaIoT_MixedDevice_9Sources_Balanced,OnOff,IID,Krum,F1_Final_Round,10,0.9166173024180972,0.13734746911078852,0.8183648418696745,1.01486976296652,0.19650492109684548,"0.9166 [0.8184, 1.0149]"
NBaIoT_MixedDevice_9Sources_Balanced,OnOff,IID,Krum,ASR_Final_Round,10,0.8706666666666667,0.14504263599074596,0.7669094153479337,0.9744239179853997,0.20751450263746607,"0.8707 [0.7669, 0.9744]"
NBaIoT_MixedDevice_9Sources_Balanced,OnOff,NonIID_Dirichlet,Adaptive_FixedCircuitBreaker,F1_Mean_Over_Rounds,10,0.9972470044340549,0.0010194244765064134,0.9965177520946524,0.9979762567734574,0.0014585046788049283,"0.9972 [0.9965, 0.9980]"
NBaIoT_MixedDevice_9Sources_Balanced,OnOff,NonIID_Dirichlet,Adaptive_FixedCircuitBreaker,ASR_Mean_Over_Rounds,10,0.001957777777777778,0.001194762231627472,0.001103096364369025,0.002812459191186531,0.0017093628268175058,"0.0020 [0.0011, 0.0028]"
NBaIoT_MixedDevice_9Sources_Balanced,OnOff,NonIID_Dirichlet,Adaptive_FixedCircuitBreaker,F1_Final_Round,10,0.9974444399519715,0.001086143506813578,0.996667459693478,0.998221420210465,0.0015539605169869741,"0.9974 [0.9967, 0.9982]"
NBaIoT_MixedDevice_9Sources_Balanced,OnOff,NonIID_Dirichlet,Adaptive_FixedCircuitBreaker,ASR_Final_Round,10,0.001888888888888889,0.0011770554505237559,0.0010468741436255034,0.0027309036341522748,0.0016840294905267714,"0.0019 [0.0010, 0.0027]"
NBaIoT_MixedDevice_9Sources_Balanced,OnOff,NonIID_Dirichlet,Adaptive_NoAdaptiveWeighting,F1_Mean_Over_Rounds,10,0.9970756519706001,0.0012321583142368751,0.9961942190112398,0.9979570849299604,0.0017628659187205464,"0.9971 [0.9962, 0.9980]"
NBaIoT_MixedDevice_9Sources_Balanced,OnOff,NonIID_Dirichlet,Adaptive_NoAdaptiveWeighting,ASR_Mean_Over_Rounds,10,0.00189,0.0011665014580263084,0.0010555351261554123,0.0027244648738445876,0.0016689297476891753,"0.0019 [0.0011, 0.0027]"
NBaIoT_MixedDevice_9Sources_Balanced,OnOff,NonIID_Dirichlet,Adaptive_NoAdaptiveWeighting,F1_Final_Round,10,0.9975555516460771,0.001147555092673008,0.9967346401855314,0.9983764631066229,0.0016418229210914959,"0.9976 [0.9967, 0.9984]"
NBaIoT_MixedDevice_9Sources_Balanced,OnOff,NonIID_Dirichlet,Adaptive_NoAdaptiveWeighting,ASR_Final_Round,10,0.001888888888888889,0.0011770554505237559,0.0010468741436255034,0.0027309036341522748,0.0016840294905267714,"0.0019 [0.0010, 0.0027]"
NBaIoT_MixedDevice_9Sources_Balanced,OnOff,NonIID_Dirichlet,Adaptive_NoCircuitBreaker,F1_Mean_Over_Rounds,10,0.9971958931648451,0.0010317372189468403,0.9964578328201064,0.9979339535095839,0.0014761206894775558,"0.9972 [0.9965, 0.9979]"
NBaIoT_MixedDevice_9Sources_Balanced,OnOff,NonIID_Dirichlet,Adaptive_NoCircuitBreaker,ASR_Mean_Over_Rounds,10,0.002013333333333333,0.0010950794047037457,0.0012299607185729082,0.002796705948093758,0.0015667452295208498,"0.0020 [0.0012, 0.0028]"
NBaIoT_MixedDevice_9Sources_Balanced,OnOff,NonIID_Dirichlet,Adaptive_NoCircuitBreaker,F1_Final_Round,10,0.9971111071330494,0.0010734393533407907,0.9963432148784774,0.9978789993876214,0.0015357845091439337,"0.9971 [0.9963, 0.9979]"
NBaIoT_MixedDevice_9Sources_Balanced,OnOff,NonIID_Dirichlet,Adaptive_NoCircuitBreaker,ASR_Final_Round,10,0.0025555555555555553,0.0015757072137913073,0.001428362518354298,0.003682748592756813,0.002254386074402515,"0.0026 [0.0014, 0.0037]"
NBaIoT_MixedDevice_9Sources_Balanced,OnOff,NonIID_Dirichlet,Adaptive_NoTemporalMemory,F1_Mean_Over_Rounds,10,0.997319422520137,0.0010651061170420277,0.9965574915037005,0.9980813535365733,0.0015238620328728025,"0.9973 [0.9966, 0.9981]"
NBaIoT_MixedDevice_9Sources_Balanced,OnOff,NonIID_Dirichlet,Adaptive_NoTemporalMemory,ASR_Mean_Over_Rounds,10,0.0018977777777777773,0.0011748017373519022,0.001057375241795994,0.0027381803137595606,0.0016808050719635667,"0.0019 [0.0011, 0.0027]"
NBaIoT_MixedDevice_9Sources_Balanced,OnOff,NonIID_Dirichlet,Adaptive_NoTemporalMemory,F1_Final_Round,10,0.9976111070130178,0.0011430638354112971,0.9967934084043708,0.9984288056216648,0.001635397217293999,"0.9976 [0.9968, 0.9984]"
NBaIoT_MixedDevice_9Sources_Balanced,OnOff,NonIID_Dirichlet,Adaptive_NoTemporalMemory,ASR_Final_Round,10,0.0016666666666666666,0.0010798059064528335,0.0008942200543586327,0.0024391132789747007,0.001544893224616068,"0.0017 [0.0009, 0.0024]"
NBaIoT_MixedDevice_9Sources_Balanced,OnOff,NonIID_Dirichlet,Adaptive_Ultimate,F1_Mean_Over_Rounds,10,0.9972497826118699,0.001080151882813569,0.9964770885029829,0.998022476720757,0.0015453882177740574,"0.9972 [0.9965, 0.9980]"
NBaIoT_MixedDevice_9Sources_Balanced,OnOff,NonIID_Dirichlet,Adaptive_Ultimate,ASR_Mean_Over_Rounds,10,0.0019455555555555556,0.0012196994165230492,0.0010730351547158436,0.0028180759563952674,0.0017450408016794238,"0.0019 [0.0011, 0.0028]"
NBaIoT_MixedDevice_9Sources_Balanced,OnOff,NonIID_Dirichlet,Adaptive_Ultimate,F1_Final_Round,10,0.9974999961762554,0.0011785154288561236,0.9966569370254094,0.9983430553271014,0.0016861183016920744,"0.9975 [0.9967, 0.9983]"
NBaIoT_MixedDevice_9Sources_Balanced,OnOff,NonIID_Dirichlet,Adaptive_Ultimate,ASR_Final_Round,10,0.0017777777777777779,0.0011944085553034888,0.0009233493691698711,0.0026322061863856844,0.0017088568172158134,"0.0018 [0.0009, 0.0026]"
NBaIoT_MixedDevice_9Sources_Balanced,OnOff,NonIID_Dirichlet,FLAME,F1_Mean_Over_Rounds,10,0.9675465440584696,0.02098461903299218,0.9525350519136843,0.982558036203255,0.03002298428957073,"0.9675 [0.9525, 0.9826]"
NBaIoT_MixedDevice_9Sources_Balanced,OnOff,NonIID_Dirichlet,FLAME,ASR_Mean_Over_Rounds,10,0.12804555555555555,0.03655256224376565,0.10189742772290913,0.15419368338820197,0.052296255665292835,"0.1280 [0.1019, 0.1542]"
NBaIoT_MixedDevice_9Sources_Balanced,OnOff,NonIID_Dirichlet,FLAME,F1_Final_Round,10,0.9283540234009106,0.10934148684939664,0.8501358356721614,1.0065722111296598,0.15643637545749833,"0.9284 [0.8501, 1.0066]"
NBaIoT_MixedDevice_9Sources_Balanced,OnOff,NonIID_Dirichlet,FLAME,ASR_Final_Round,10,0.579888888888889,0.36061274252109715,0.32192207313902704,0.8378557046387509,0.5159336314997238,"0.5799 [0.3219, 0.8379]"
NBaIoT_MixedDevice_9Sources_Balanced,OnOff,NonIID_Dirichlet,FLTrust,F1_Mean_Over_Rounds,10,0.9972883116627992,0.0010488548310359888,0.9965380061160384,0.99803861720956,0.00150061109352162,"0.9973 [0.9965, 0.9980]"
NBaIoT_MixedDevice_9Sources_Balanced,OnOff,NonIID_Dirichlet,FLTrust,ASR_Mean_Over_Rounds,10,0.001988888888888889,0.0011417744234388878,0.0011721126700010255,0.0028056651077767525,0.001633552437775727,"0.0020 [0.0012, 0.0028]"
NBaIoT_MixedDevice_9Sources_Balanced,OnOff,NonIID_Dirichlet,FLTrust,F1_Final_Round,10,0.9972222194101457,0.0010475690168662674,0.996472833679431,0.9979716051408604,0.0014987714614294045,"0.9972 [0.9965, 0.9980]"
NBaIoT_MixedDevice_9Sources_Balanced,OnOff,NonIID_Dirichlet,FLTrust,ASR_Final_Round,10,0.0025555555555555553,0.0011770554505237559,0.0017135408102921697,0.003397570300818941,0.0016840294905267712,"0.0026 [0.0017, 0.0034]"
NBaIoT_MixedDevice_9Sources_Balanced,OnOff,NonIID_Dirichlet,FedAvg,F1_Mean_Over_Rounds,10,0.9959622950111964,0.0018301829608075538,0.9946530609909605,0.9972715290314322,0.002618468040471722,"0.9960 [0.9947, 0.9973]"
NBaIoT_MixedDevice_9Sources_Balanced,OnOff,NonIID_Dirichlet,FedAvg,ASR_Mean_Over_Rounds,10,0.07233555555555556,0.09915121867435142,0.0014070465396982118,0.14326406457141289,0.1418570180317147,"0.0723 [0.0014, 0.1433]"
NBaIoT_MixedDevice_9Sources_Balanced,OnOff,NonIID_Dirichlet,FedAvg,F1_Final_Round,10,0.9946102030096757,0.005539966737460274,0.9906471495450878,0.9985732564742636,0.007926106929175836,"0.9946 [0.9906, 0.9986]"
NBaIoT_MixedDevice_9Sources_Balanced,OnOff,NonIID_Dirichlet,FedAvg,ASR_Final_Round,10,0.33111111111111113,0.43463179945488767,0.020194251808917985,0.6420279704133043,0.6218337186043863,"0.3311 [0.0202, 0.6420]"
NBaIoT_MixedDevice_9Sources_Balanced,OnOff,NonIID_Dirichlet,Krum,F1_Mean_Over_Rounds,10,0.9094025197036137,0.15286408417810957,0.8000501414092202,1.0187548979980074,0.2187047565887873,"0.9094 [0.8001, 1.0188]"
NBaIoT_MixedDevice_9Sources_Balanced,OnOff,NonIID_Dirichlet,Krum,ASR_Mean_Over_Rounds,10,0.06915444444444445,0.03749986975743272,0.04232865363980166,0.09598023524908725,0.05365158160928559,"0.0692 [0.0423, 0.0960]"
NBaIoT_MixedDevice_9Sources_Balanced,OnOff,NonIID_Dirichlet,Krum,F1_Final_Round,10,0.7497513716602402,0.1431220675968947,0.6473680122054716,0.8521347311150088,0.20476671890953724,"0.7498 [0.6474, 0.8521]"
NBaIoT_MixedDevice_9Sources_Balanced,OnOff,NonIID_Dirichlet,Krum,ASR_Final_Round,10,0.510888888888889,0.21748519019948062,0.3553093561295028,0.666468421648275,0.3111590655187722,"0.5109 [0.3553, 0.6665]"
NBaIoT_MixedDevice_9Sources_Balanced,Scaling,IID,Adaptive_FixedCircuitBreaker,F1_Mean_Over_Rounds,10,0.9976516527285542,0.0011968840590051426,0.9967954534512775,0.9985078520058308,0.001712398554553296,"0.9977 [0.9968, 0.9985]"
NBaIoT_MixedDevice_9Sources_Balanced,Scaling,IID,Adaptive_FixedCircuitBreaker,ASR_Mean_Over_Rounds,10,0.0016344444444444442,0.001195722256495061,0.0007790762706167411,0.002489812618272147,0.001710736347655406,"0.0016 [0.0008, 0.0025]"
NBaIoT_MixedDevice_9Sources_Balanced,Scaling,IID,Adaptive_FixedCircuitBreaker,F1_Final_Round,10,0.9977777752057555,0.00130945905530534,0.9968410446274338,0.9987145057840772,0.0018734611566433301,"0.9978 [0.9968, 0.9987]"
NBaIoT_MixedDevice_9Sources_Balanced,Scaling,IID,Adaptive_FixedCircuitBreaker,ASR_Final_Round,10,0.0015555555555555555,0.0011944085553034888,0.0007011271469476487,0.0024099839641634623,0.0017088568172158136,"0.0016 [0.0007, 0.0024]"
NBaIoT_MixedDevice_9Sources_Balanced,Scaling,IID,Adaptive_NoAdaptiveWeighting,F1_Mean_Over_Rounds,10,0.9977038749929574,0.0012143151922761218,0.9968352062341161,0.9985725437517987,0.001737337517682569,"0.9977 [0.9968, 0.9986]"
NBaIoT_MixedDevice_9Sources_Balanced,Scaling,IID,Adaptive_NoAdaptiveWeighting,ASR_Mean_Over_Rounds,10,0.0015866666666666668,0.001258973823859431,0.0006860510473102748,0.002487282286023059,0.0018012312387127843,"0.0016 [0.0007, 0.0025]"
NBaIoT_MixedDevice_9Sources_Balanced,Scaling,IID,Adaptive_NoAdaptiveWeighting,F1_Final_Round,10,0.9978888869684466,0.0013042097309275465,0.9969559115305704,0.9988218624063228,0.0018659508757523646,"0.9979 [0.9970, 0.9988]"
NBaIoT_MixedDevice_9Sources_Balanced,Scaling,IID,Adaptive_NoAdaptiveWeighting,ASR_Final_Round,10,0.0016666666666666666,0.001200137166371826,0.0008081402565693035,0.0025251930767640294,0.0017170528201947259,"0.0017 [0.0008, 0.0025]"
NBaIoT_MixedDevice_9Sources_Balanced,Scaling,IID,Adaptive_NoCircuitBreaker,F1_Mean_Over_Rounds,10,0.9977166525891465,0.0010331578210531526,0.9969775760068803,0.9984557291714128,0.0014781531645324808,"0.9977 [0.9970, 0.9985]"
NBaIoT_MixedDevice_9Sources_Balanced,Scaling,IID,Adaptive_NoCircuitBreaker,ASR_Mean_Over_Rounds,10,0.0016799999999999999,0.0011186877478062888,0.0008797389939622287,0.002480261006037771,0.0016005220120755424,"0.0017 [0.0009, 0.0025]"
NBaIoT_MixedDevice_9Sources_Balanced,Scaling,IID,Adaptive_NoCircuitBreaker,F1_Final_Round,10,0.9976666606309446,0.0010410090097208002,0.9969219676466446,0.9984113536152445,0.0014893859685998212,"0.9977 [0.9969, 0.9984]"
NBaIoT_MixedDevice_9Sources_Balanced,Scaling,IID,Adaptive_NoCircuitBreaker,ASR_Final_Round,10,0.0021111111111111113,0.001330243333042072,0.0011595123561745177,0.003062709866047705,0.0019031975098731874,"0.0021 [0.0012, 0.0031]"
NBaIoT_MixedDevice_9Sources_Balanced,Scaling,IID,Adaptive_NoTemporalMemory,F1_Mean_Over_Rounds,10,0.9977449865371979,0.0011708728418229517,0.9969073945637656,0.9985825785106301,0.0016751839468645002,"0.9977 [0.9969, 0.9986]"
NBaIoT_MixedDevice_9Sources_Balanced,Scaling,IID,Adaptive_NoTemporalMemory,ASR_Mean_Over_Rounds,10,0.0016122222222222221,0.0011845189099423336,0.0007648684397211932,0.002459576004723251,0.0016947075650020579,"0.0016 [0.0008, 0.0025]"
NBaIoT_MixedDevice_9Sources_Balanced,Scaling,IID,Adaptive_NoTemporalMemory,F1_Final_Round,10,0.99794444274691,0.001229775357407171,0.9970647144521745,0.9988241710416454,0.0017594565894709646,"0.9979 [0.9971, 0.9988]"
NBaIoT_MixedDevice_9Sources_Balanced,Scaling,IID,Adaptive_NoTemporalMemory,ASR_Final_Round,10,0.0015555555555555555,0.0011944085553034888,0.0007011271469476487,0.0024099839641634623,0.0017088568172158136,"0.0016 [0.0007, 0.0024]"
NBaIoT_MixedDevice_9Sources_Balanced,Scaling,IID,Adaptive_Ultimate,F1_Mean_Over_Rounds,10,0.9977166531316761,0.0011767551035660514,0.9968748532416831,0.9985584530216691,0.0016835997799860003,"0.9977 [0.9969, 0.9986]"
NBaIoT_MixedDevice_9Sources_Balanced,Scaling,IID,Adaptive_Ultimate,ASR_Mean_Over_Rounds,10,0.001621111111111111,0.0011907329646655836,0.0007693120616496156,0.0024729101605726065,0.0017035980989229909,"0.0016 [0.0008, 0.0025]"
NBaIoT_MixedDevice_9Sources_Balanced,Scaling,IID,Adaptive_Ultimate,F1_Final_Round,10,0.99794444274691,0.001229775357407171,0.9970647144521745,0.9988241710416454,0.0017594565894709646,"0.9979 [0.9971, 0.9988]"
NBaIoT_MixedDevice_9Sources_Balanced,Scaling,IID,Adaptive_Ultimate,ASR_Final_Round,10,0.0015555555555555555,0.0011944085553034888,0.0007011271469476487,0.0024099839641634623,0.0017088568172158136,"0.0016 [0.0007, 0.0024]"
NBaIoT_MixedDevice_9Sources_Balanced,Scaling,IID,FLAME,F1_Mean_Over_Rounds,10,0.7845310552835171,0.058336960492923126,0.7427993077205356,0.8262628028464986,0.08346349512596296,"0.7845 [0.7428, 0.8263]"
NBaIoT_MixedDevice_9Sources_Balanced,Scaling,IID,FLAME,ASR_Mean_Over_Rounds,10,0.33469444444444446,0.08908408217434244,0.2709675310473958,0.39842135784149313,0.12745382679409734,"0.3347 [0.2710, 0.3984]"
NBaIoT_MixedDevice_9Sources_Balanced,Scaling,IID,FLAME,F1_Final_Round,10,0.678082978505105,0.10571584364572431,0.6024584196807525,0.7537075373294575,0.15124911764870497,"0.6781 [0.6025, 0.7537]"
NBaIoT_MixedDevice_9Sources_Balanced,Scaling,IID,FLAME,ASR_Final_Round,10,0.5771111111111111,0.14820850622306542,0.4710891326582254,0.6831330895639969,0.2120439569057715,"0.5771 [0.4711, 0.6831]"
NBaIoT_MixedDevice_9Sources_Balanced,Scaling,IID,FLTrust,F1_Mean_Over_Rounds,10,0.9977299860010138,0.0010292943977573087,0.996993673145283,0.9984662988567446,0.0014726257114616725,"0.9977 [0.9970, 0.9985]"
NBaIoT_MixedDevice_9Sources_Balanced,Scaling,IID,FLTrust,ASR_Mean_Over_Rounds,10,0.0016933333333333331,0.0011335535975741898,0.0008824379390007088,0.0025042287276659577,0.001621790788665249,"0.0017 [0.0009, 0.0025]"
NBaIoT_MixedDevice_9Sources_Balanced,Scaling,IID,FLTrust,F1_Final_Round,10,0.9975555502743203,0.0010210470008444634,0.9968251372509276,0.998285963297713,0.001460826046785435,"0.9976 [0.9968, 0.9983]"
NBaIoT_MixedDevice_9Sources_Balanced,Scaling,IID,FLTrust,ASR_Final_Round,10,0.0021111111111111113,0.001330243333042072,0.0011595123561745177,0.003062709866047705,0.0019031975098731874,"0.0021 [0.0012, 0.0031]"
NBaIoT_MixedDevice_9Sources_Balanced,Scaling,IID,FedAvg,F1_Mean_Over_Rounds,10,0.6756696176038343,0.0197365859351052,0.6615509145545244,0.6897883206531441,0.02823740609861969,"0.6757 [0.6616, 0.6898]"
NBaIoT_MixedDevice_9Sources_Balanced,Scaling,IID,FedAvg,ASR_Mean_Over_Rounds,10,0.5103833333333333,0.026859989699164658,0.4911688542072602,0.5295978124594064,0.038428958252146206,"0.5104 [0.4912, 0.5296]"
NBaIoT_MixedDevice_9Sources_Balanced,Scaling,IID,FedAvg,F1_Final_Round,10,0.619453731414385,0.19592381242458862,0.47929827914889134,0.7596091836798786,0.2803109045309873,"0.6195 [0.4793, 0.7596]"
NBaIoT_MixedDevice_9Sources_Balanced,Scaling,IID,FedAvg,ASR_Final_Round,10,0.6505555555555556,0.24548390105873,0.47494695162423467,0.8261641594868765,0.3512172078626418,"0.6506 [0.4749, 0.8262]"
NBaIoT_MixedDevice_9Sources_Balanced,Scaling,IID,Krum,F1_Mean_Over_Rounds,10,0.8931822572433262,0.007105071503062897,0.8880995952760692,0.8982649192105833,0.010165323934514081,"0.8932 [0.8881, 0.8983]"
NBaIoT_MixedDevice_9Sources_Balanced,Scaling,IID,Krum,ASR_Mean_Over_Rounds,10,0.1429855555555556,0.0063579595945367,0.13843734525160895,0.14753376585950223,0.009096420607893285,"0.1430 [0.1384, 0.1475]"
NBaIoT_MixedDevice_9Sources_Balanced,Scaling,IID,Krum,F1_Final_Round,10,0.563507623146097,0.2506148287139629,0.38422857468247873,0.7427866716097153,0.3585580969272366,"0.5635 [0.3842, 0.7428]"
NBaIoT_MixedDevice_9Sources_Balanced,Scaling,IID,Krum,ASR_Final_Round,10,0.6963333333333332,0.34758506473823203,0.4476859568544347,0.9449807098122318,0.4972947529577971,"0.6963 [0.4477, 0.9450]"
NBaIoT_MixedDevice_9Sources_Balanced,Scaling,NonIID_Dirichlet,Adaptive_FixedCircuitBreaker,F1_Mean_Over_Rounds,10,0.9972642263522621,0.0009582265524511356,0.9965787523704648,0.9979497003340594,0.0013709479635946042,"0.9973 [0.9966, 0.9979]"
NBaIoT_MixedDevice_9Sources_Balanced,Scaling,NonIID_Dirichlet,Adaptive_FixedCircuitBreaker,ASR_Mean_Over_Rounds,10,0.001888888888888889,0.0011224483331677237,0.0010859377221422565,0.0026918400556355214,0.0016059023334932649,"0.0019 [0.0011, 0.0027]"
NBaIoT_MixedDevice_9Sources_Balanced,Scaling,NonIID_Dirichlet,Adaptive_FixedCircuitBreaker,F1_Final_Round,10,0.9974999947016215,0.0009533052881699099,0.996818041180214,0.9981819482230291,0.0013639070428150823,"0.9975 [0.9968, 0.9982]"
NBaIoT_MixedDevice_9Sources_Balanced,Scaling,NonIID_Dirichlet,Adaptive_FixedCircuitBreaker,ASR_Final_Round,10,0.0017777777777777779,0.001073435314532551,0.0010098884123951515,0.0025456671431604043,0.0015357787307652528,"0.0018 [0.0010, 0.0025]"
NBaIoT_MixedDevice_9Sources_Balanced,Scaling,NonIID_Dirichlet,Adaptive_NoAdaptiveWeighting,F1_Mean_Over_Rounds,10,0.9971350966470423,0.0012918797526818362,0.9962109415442548,0.9980592517498297,0.0018483102055748546,"0.9971 [0.9962, 0.9981]"
NBaIoT_MixedDevice_9Sources_Balanced,Scaling,NonIID_Dirichlet,Adaptive_NoAdaptiveWeighting,ASR_Mean_Over_Rounds,10,0.0018322222222222223,0.0011304180612239391,0.0010235698554717273,0.0026408745889727175,0.0016173047335009902,"0.0018 [0.0010, 0.0026]"
NBaIoT_MixedDevice_9Sources_Balanced,Scaling,NonIID_Dirichlet,Adaptive_NoAdaptiveWeighting,F1_Final_Round,10,0.9977222182955968,0.0012682187866901624,0.9968149892282339,0.9986294473629598,0.0018144581347259159,"0.9977 [0.9968, 0.9986]"
NBaIoT_MixedDevice_9Sources_Balanced,Scaling,NonIID_Dirichlet,Adaptive_NoAdaptiveWeighting,ASR_Final_Round,10,0.0017777777777777779,0.001073435314532551,0.0010098884123951515,0.0025456671431604043,0.0015357787307652528,"0.0018 [0.0010, 0.0025]"
NBaIoT_MixedDevice_9Sources_Balanced,Scaling,NonIID_Dirichlet,Adaptive_NoCircuitBreaker,F1_Mean_Over_Rounds,10,0.9971314486741063,0.0009590702837566958,0.9964453711232928,0.9978175262249198,0.0013721551016270261,"0.9971 [0.9964, 0.9978]"
NBaIoT_MixedDevice_9Sources_Balanced,Scaling,NonIID_Dirichlet,Adaptive_NoCircuitBreaker,ASR_Mean_Over_Rounds,10,0.0021422222222222224,0.001104185825596652,0.0013523352663872207,0.002932109178057224,0.0015797739116700032,"0.0021 [0.0014, 0.0029]"
NBaIoT_MixedDevice_9Sources_Balanced,Scaling,NonIID_Dirichlet,Adaptive_NoCircuitBreaker,F1_Final_Round,10,0.9969999914265373,0.0013658732084636368,0.9960229045941583,0.9979770782589162,0.001954173664757919,"0.9970 [0.9960, 0.9980]"
NBaIoT_MixedDevice_9Sources_Balanced,Scaling,NonIID_Dirichlet,Adaptive_NoCircuitBreaker,ASR_Final_Round,10,0.003111111111111111,0.0023306863292670036,0.0014438385497773458,0.0047783836724448765,0.0033345451226675306,"0.0031 [0.0014, 0.0048]"
NBaIoT_MixedDevice_9Sources_Balanced,Scaling,NonIID_Dirichlet,Adaptive_NoTemporalMemory,F1_Mean_Over_Rounds,10,0.9972788671355358,0.0010595977164776867,0.996520876591484,0.9980368576795876,0.0015159810881035796,"0.9973 [0.9965, 0.9980]"
NBaIoT_MixedDevice_9Sources_Balanced,Scaling,NonIID_Dirichlet,Adaptive_NoTemporalMemory,ASR_Mean_Over_Rounds,10,0.0019388888888888893,0.0012049309982577487,0.0010769331780457842,0.0028008445997319944,0.00172391142168621,"0.0019 [0.0011, 0.0028]"
NBaIoT_MixedDevice_9Sources_Balanced,Scaling,NonIID_Dirichlet,Adaptive_NoTemporalMemory,F1_Final_Round,10,0.9973888846193276,0.001112657081621008,0.9965929376919932,0.998184831546662,0.0015918938546688466,"0.9974 [0.9966, 0.9982]"
NBaIoT_MixedDevice_9Sources_Balanced,Scaling,NonIID_Dirichlet,Adaptive_NoTemporalMemory,ASR_Final_Round,10,0.0017777777777777779,0.0011944085553034888,0.0009233493691698711,0.0026322061863856844,0.0017088568172158134,"0.0018 [0.0009, 0.0026]"
NBaIoT_MixedDevice_9Sources_Balanced,Scaling,NonIID_Dirichlet,Adaptive_Ultimate,F1_Mean_Over_Rounds,10,0.9972392270976389,0.001060454977278549,0.996480623306153,0.9979978308891249,0.0015172075829719134,"0.9972 [0.9965, 0.9980]"
NBaIoT_MixedDevice_9Sources_Balanced,Scaling,NonIID_Dirichlet,Adaptive_Ultimate,ASR_Mean_Over_Rounds,10,0.001956666666666667,0.0012032244059997353,0.001095931778381038,0.0028174015549522957,0.0017214697765712576,"0.0020 [0.0011, 0.0028]"
NBaIoT_MixedDevice_9Sources_Balanced,Scaling,NonIID_Dirichlet,Adaptive_Ultimate,F1_Final_Round,10,0.9974444402606173,0.001054096867143181,0.9966903847871258,0.9981984957341088,0.001508110946982999,"0.9974 [0.9967, 0.9982]"
NBaIoT_MixedDevice_9Sources_Balanced,Scaling,NonIID_Dirichlet,Adaptive_Ultimate,ASR_Final_Round,10,0.001888888888888889,0.0011770554505237559,0.0010468741436255034,0.0027309036341522748,0.0016840294905267714,"0.0019 [0.0010, 0.0027]"
NBaIoT_MixedDevice_9Sources_Balanced,Scaling,NonIID_Dirichlet,FLAME,F1_Mean_Over_Rounds,10,0.7407617684116887,0.0686978281062675,0.6916183026494704,0.789905234173907,0.09828693152443657,"0.7408 [0.6916, 0.7899]"
NBaIoT_MixedDevice_9Sources_Balanced,Scaling,NonIID_Dirichlet,FLAME,ASR_Mean_Over_Rounds,10,0.2776733333333333,0.14182989349433545,0.17621433954656973,0.3791323271200969,0.2029179875735272,"0.2777 [0.1762, 0.3791]"
NBaIoT_MixedDevice_9Sources_Balanced,Scaling,NonIID_Dirichlet,FLAME,F1_Final_Round,10,0.6368943815275537,0.2155724731151309,0.4826831241436591,0.7911056389114484,0.30842251476778926,"0.6369 [0.4827, 0.7911]"
NBaIoT_MixedDevice_9Sources_Balanced,Scaling,NonIID_Dirichlet,FLAME,ASR_Final_Round,10,0.446,0.36697674879531345,0.1834806484121243,0.7085193515878757,0.5250387031757514,"0.4460 [0.1835, 0.7085]"
NBaIoT_MixedDevice_9Sources_Balanced,Scaling,NonIID_Dirichlet,FLTrust,F1_Mean_Over_Rounds,10,0.9972160890931804,0.0009660104713812911,0.9965250468312207,0.9979071313551401,0.0013820845239194135,"0.9972 [0.9965, 0.9979]"
NBaIoT_MixedDevice_9Sources_Balanced,Scaling,NonIID_Dirichlet,FLTrust,ASR_Mean_Over_Rounds,10,0.002118888888888889,0.001089619936004418,0.0013394217427655554,0.0028983560350122227,0.0015589342922466673,"0.0021 [0.0013, 0.0029]"
NBaIoT_MixedDevice_9Sources_Balanced,Scaling,NonIID_Dirichlet,FLTrust,F1_Final_Round,10,0.9969444355451923,0.001367127728258053,0.9959664512834148,0.9979224198069698,0.001955968523555063,"0.9969 [0.9960, 0.9979]"
NBaIoT_MixedDevice_9Sources_Balanced,Scaling,NonIID_Dirichlet,FLTrust,ASR_Final_Round,10,0.0032222222222222222,0.002368633623010294,0.0015278038022456262,0.004916640642198818,0.003388836839953192,"0.0032 [0.0015, 0.0049]"
NBaIoT_MixedDevice_9Sources_Balanced,Scaling,NonIID_Dirichlet,FedAvg,F1_Mean_Over_Rounds,10,0.7031647983661032,0.050202262560013755,0.6672522631475575,0.739077333584649,0.07182507043709152,"0.7032 [0.6673, 0.7391]"
NBaIoT_MixedDevice_9Sources_Balanced,Scaling,NonIID_Dirichlet,FedAvg,ASR_Mean_Over_Rounds,10,0.4503966666666666,0.07509413243157935,0.3966775604325333,0.5041157729007999,0.10743821246826657,"0.4504 [0.3967, 0.5041]"
NBaIoT_MixedDevice_9Sources_Balanced,Scaling,NonIID_Dirichlet,FedAvg,F1_Final_Round,10,0.6412459507206926,0.1799918254146785,0.5124875553888547,0.7700043460525304,0.2575167906636757,"0.6412 [0.5125, 0.7700]"
NBaIoT_MixedDevice_9Sources_Balanced,Scaling,NonIID_Dirichlet,FedAvg,ASR_Final_Round,10,0.6773333333333333,0.2498554863523246,0.4985974856721225,0.8560691809945442,0.35747169532242173,"0.6773 [0.4986, 0.8561]"
NBaIoT_MixedDevice_9Sources_Balanced,Scaling,NonIID_Dirichlet,Krum,F1_Mean_Over_Rounds,10,0.8879961189461347,0.14250106986333813,0.7860569945086688,0.9899352433836006,0.20387824887493178,"0.8880 [0.7861, 0.9899]"
NBaIoT_MixedDevice_9Sources_Balanced,Scaling,NonIID_Dirichlet,Krum,ASR_Mean_Over_Rounds,10,0.09191333333333332,0.04734948162494381,0.05804155465796176,0.12578511200870487,0.06774355735074311,"0.0919 [0.0580, 0.1258]"
NBaIoT_MixedDevice_9Sources_Balanced,Scaling,NonIID_Dirichlet,Krum,F1_Final_Round,10,0.7750019492737577,0.19629241091823357,0.6345828175302982,0.9154210810172171,0.28083826348691887,"0.7750 [0.6346, 0.9154]"
NBaIoT_MixedDevice_9Sources_Balanced,Scaling,NonIID_Dirichlet,Krum,ASR_Final_Round,10,0.253,0.2498274026974342,0.07428424217526039,0.4317157578247396,0.35743151564947917,"0.2530 [0.0743, 0.4317]"
NBaIoT_MixedDevice_9Sources_Balanced,Sybil,IID,Adaptive_FixedCircuitBreaker,F1_Mean_Over_Rounds,10,0.9977160977000917,0.0010754896186726808,0.9969467387740555,0.998485456626128,0.001538717852072491,"0.9977 [0.9969, 0.9985]"
NBaIoT_MixedDevice_9Sources_Balanced,Sybil,IID,Adaptive_FixedCircuitBreaker,ASR_Mean_Over_Rounds,10,0.0015811111111111113,0.001305386645233056,0.0006472937594586935,0.002514928462763529,0.0018676347033048353,"0.0016 [0.0006, 0.0025]"
NBaIoT_MixedDevice_9Sources_Balanced,Sybil,IID,Adaptive_FixedCircuitBreaker,F1_Final_Round,10,0.9978888872427948,0.001073435563016666,0.9971209976996573,0.9986567767859322,0.001535779086274891,"0.9979 [0.9971, 0.9987]"
NBaIoT_MixedDevice_9Sources_Balanced,Sybil,IID,Adaptive_FixedCircuitBreaker,ASR_Final_Round,10,0.0015555555555555555,0.0013042086564191858,0.0006225808863363168,0.0024885302247747943,0.0018659493384384775,"0.0016 [0.0006, 0.0025]"
NBaIoT_MixedDevice_9Sources_Balanced,Sybil,IID,Adaptive_NoAdaptiveWeighting,F1_Mean_Over_Rounds,10,0.9976644304804383,0.0011134698170397084,0.9968679021572093,0.9984609588036673,0.0015930566464579243,"0.9977 [0.9969, 0.9985]"
NBaIoT_MixedDevice_9Sources_Balanced,Sybil,IID,Adaptive_NoAdaptiveWeighting,ASR_Mean_Over_Rounds,10,0.001567777777777778,0.0013325043719382566,0.0006145615730520905,0.0025209939825034653,0.0019064324094513747,"0.0016 [0.0006, 0.0025]"
NBaIoT_MixedDevice_9Sources_Balanced,Sybil,IID,Adaptive_NoAdaptiveWeighting,F1_Final_Round,10,0.9977222193587014,0.0010940043646603976,0.9969396157812602,0.9985048229361426,0.0015652071548823976,"0.9977 [0.9969, 0.9985]"
NBaIoT_MixedDevice_9Sources_Balanced,Sybil,IID,Adaptive_NoAdaptiveWeighting,ASR_Final_Round,10,0.0015555555555555555,0.0013042086564191858,0.0006225808863363168,0.0024885302247747943,0.0018659493384384775,"0.0016 [0.0006, 0.0025]"
NBaIoT_MixedDevice_9Sources_Balanced,Sybil,IID,Adaptive_NoCircuitBreaker,F1_Mean_Over_Rounds,10,0.9976038742803304,0.0008864612215927984,0.9969697381235731,0.9982380104370876,0.0012682723135144514,"0.9976 [0.9970, 0.9982]"
NBaIoT_MixedDevice_9Sources_Balanced,Sybil,IID,Adaptive_NoCircuitBreaker,ASR_Mean_Over_Rounds,10,0.001636666666666667,0.0012764947933603156,0.0007235173007782061,0.0025498160325551278,0.0018262987317769217,"0.0016 [0.0007, 0.0025]"
NBaIoT_MixedDevice_9Sources_Balanced,Sybil,IID,Adaptive_NoCircuitBreaker,F1_Final_Round,10,0.9977222159978959,0.0007612966951918114,0.9971776171494844,0.9982668148463074,0.00108919769682303,"0.9977 [0.9972, 0.9983]"
NBaIoT_MixedDevice_9Sources_Balanced,Sybil,IID,Adaptive_NoCircuitBreaker,ASR_Final_Round,10,0.0017777777777777779,0.0016728281171312911,0.0005811086316564371,0.0029744469238991186,0.0023933382922426815,"0.0018 [0.0006, 0.0030]"
NBaIoT_MixedDevice_9Sources_Balanced,Sybil,IID,Adaptive_NoTemporalMemory,F1_Mean_Over_Rounds,10,0.9975994298862995,0.0009710925533469255,0.9969047521219089,0.99829410765069,0.0013893555287811665,"0.9976 [0.9969, 0.9983]"
NBaIoT_MixedDevice_9Sources_Balanced,Sybil,IID,Adaptive_NoTemporalMemory,ASR_Mean_Over_Rounds,10,0.0015811111111111113,0.0013044510694512818,0.0006479630300552611,0.0025142591921669616,0.0018662961621117005,"0.0016 [0.0006, 0.0025]"
NBaIoT_MixedDevice_9Sources_Balanced,Sybil,IID,Adaptive_NoTemporalMemory,F1_Final_Round,10,0.9976111072187773,0.0009460781268155828,0.9969343236971553,0.9982878907403994,0.001353567043244075,"0.9976 [0.9969, 0.9983]"
NBaIoT_MixedDevice_9Sources_Balanced,Sybil,IID,Adaptive_NoTemporalMemory,ASR_Final_Round,10,0.0015555555555555555,0.0013042086564191858,0.0006225808863363168,0.0024885302247747943,0.0018659493384384775,"0.0016 [0.0006, 0.0025]"
NBaIoT_MixedDevice_9Sources_Balanced,Sybil,IID,Adaptive_Ultimate,F1_Mean_Over_Rounds,10,0.9975905409305378,0.0009701835185324511,0.9968965134504796,0.998284568410596,0.0013880549601164027,"0.9976 [0.9969, 0.9983]"
NBaIoT_MixedDevice_9Sources_Balanced,Sybil,IID,Adaptive_Ultimate,ASR_Mean_Over_Rounds,10,0.0015811111111111113,0.001305386645233056,0.0006472937594586935,0.002514928462763529,0.0018676347033048353,"0.0016 [0.0006, 0.0025]"
NBaIoT_MixedDevice_9Sources_Balanced,Sybil,IID,Adaptive_Ultimate,F1_Final_Round,10,0.9976111068072531,0.0009460784937738468,0.9969343230231249,0.9982878905913812,0.0013535675682563308,"0.9976 [0.9969, 0.9983]"
NBaIoT_MixedDevice_9Sources_Balanced,Sybil,IID,Adaptive_Ultimate,ASR_Final_Round,10,0.0015555555555555555,0.0013042086564191858,0.0006225808863363168,0.0024885302247747943,0.0018659493384384775,"0.0016 [0.0006, 0.0025]"
NBaIoT_MixedDevice_9Sources_Balanced,Sybil,IID,FLAME,F1_Mean_Over_Rounds,10,0.9602433030781665,0.022833843136198875,0.9439089557004322,0.9765776504559008,0.03266869475546863,"0.9602 [0.9439, 0.9766]"
NBaIoT_MixedDevice_9Sources_Balanced,Sybil,IID,FLAME,ASR_Mean_Over_Rounds,10,0.19209333333333337,0.03470409193822129,0.1672675214992725,0.21691914516739425,0.04965162366812176,"0.1921 [0.1673, 0.2169]"
NBaIoT_MixedDevice_9Sources_Balanced,Sybil,IID,FLAME,F1_Final_Round,10,0.9176369008723991,0.1484057425408865,0.8114738280574484,1.0237999736873498,0.21232614562990137,"0.9176 [0.8115, 1.0238]"
NBaIoT_MixedDevice_9Sources_Balanced,Sybil,IID,FLAME,ASR_Final_Round,10,0.8402222222222221,0.2008622018764635,0.6965340589578698,0.9839103854865744,0.2873763265287046,"0.8402 [0.6965, 0.9839]"
NBaIoT_MixedDevice_9Sources_Balanced,Sybil,IID,FLTrust,F1_Mean_Over_Rounds,10,0.9975838741592741,0.0008919764398842302,0.996945792653024,0.9982219556655242,0.00127616301250022,"0.9976 [0.9969, 0.9982]"
NBaIoT_MixedDevice_9Sources_Balanced,Sybil,IID,FLTrust,ASR_Mean_Over_Rounds,10,0.0016977777777777779,0.001317871251863527,0.0007550294765537049,0.002640526079001851,0.001885496602448146,"0.0017 [0.0008, 0.0026]"
NBaIoT_MixedDevice_9Sources_Balanced,Sybil,IID,FLTrust,F1_Final_Round,10,0.9977777713648359,0.0007856817186855599,0.9972157285214654,0.9983398142082064,0.0011240856867409388,"0.9978 [0.9972, 0.9983]"
NBaIoT_MixedDevice_9Sources_Balanced,Sybil,IID,FLTrust,ASR_Final_Round,10,0.001888888888888889,0.001741134707191579,0.0006433561518434066,0.0031344216259343713,0.0024910654740909646,"0.0019 [0.0006, 0.0031]"
NBaIoT_MixedDevice_9Sources_Balanced,Sybil,IID,FedAvg,F1_Mean_Over_Rounds,10,0.9964738601755881,0.00132660636617222,0.9955248631500188,0.9974228572011575,0.0018979940511387738,"0.9965 [0.9955, 0.9974]"
NBaIoT_MixedDevice_9Sources_Balanced,Sybil,IID,FedAvg,ASR_Mean_Over_Rounds,10,0.01769888888888889,0.011976964000391197,0.00913108497843531,0.02626669279934247,0.01713560782090716,"0.0177 [0.0091, 0.0263]"
NBaIoT_MixedDevice_9Sources_Balanced,Sybil,IID,FedAvg,F1_Final_Round,10,0.994722185681858,0.002210639877223869,0.9931407891790327,0.9963035821846833,0.003162793005650588,"0.9947 [0.9931, 0.9963]"
NBaIoT_MixedDevice_9Sources_Balanced,Sybil,IID,FedAvg,ASR_Final_Round,10,0.19222222222222224,0.2034078659863731,0.0467130005565195,0.337731443887925,0.2910184433314055,"0.1922 [0.0467, 0.3377]"
NBaIoT_MixedDevice_9Sources_Balanced,Sybil,IID,Krum,F1_Mean_Over_Rounds,10,0.9491213093563629,0.026572711900747444,0.9301123363873246,0.9681302823254011,0.0380179459380765,"0.9491 [0.9301, 0.9681]"
NBaIoT_MixedDevice_9Sources_Balanced,Sybil,IID,Krum,ASR_Mean_Over_Rounds,10,0.2600033333333333,0.058687532075602136,0.2180208019676391,0.3019858646990275,0.0839650627313884,"0.2600 [0.2180, 0.3020]"
NBaIoT_MixedDevice_9Sources_Balanced,Sybil,IID,Krum,F1_Final_Round,10,0.909771994436792,0.15942314196867066,0.7957275488551439,1.0238164400184402,0.22808889116329634,"0.9098 [0.7957, 1.0238]"
NBaIoT_MixedDevice_9Sources_Balanced,Sybil,IID,Krum,ASR_Final_Round,10,0.9176666666666667,0.13245332019310926,0.8229152693454411,1.0124180639878924,0.18950279464245123,"0.9177 [0.8229, 1.0124]"
NBaIoT_MixedDevice_9Sources_Balanced,Sybil,NonIID_Dirichlet,Adaptive_FixedCircuitBreaker,F1_Mean_Over_Rounds,10,0.9973147818548351,0.0009456583210934522,0.9966382986441356,0.9979912650655347,0.0013529664213991488,"0.9973 [0.9966, 0.9980]"
NBaIoT_MixedDevice_9Sources_Balanced,Sybil,NonIID_Dirichlet,Adaptive_FixedCircuitBreaker,ASR_Mean_Over_Rounds,10,0.001917777777777778,0.0011148603411400523,0.001120254733530725,0.002715300822024831,0.0015950460884941058,"0.0019 [0.0011, 0.0027]"
NBaIoT_MixedDevice_9Sources_Balanced,Sybil,NonIID_Dirichlet,Adaptive_FixedCircuitBreaker,F1_Final_Round,10,0.9975555498285071,0.0008764631042754257,0.9969285658940197,0.9981825337629946,0.0012539678689749145,"0.9976 [0.9969, 0.9982]"
NBaIoT_MixedDevice_9Sources_Balanced,Sybil,NonIID_Dirichlet,Adaptive_FixedCircuitBreaker,ASR_Final_Round,10,0.0017777777777777779,0.001073435314532551,0.0010098884123951515,0.0025456671431604043,0.0015357787307652528,"0.0018 [0.0010, 0.0025]"
NBaIoT_MixedDevice_9Sources_Balanced,Sybil,NonIID_Dirichlet,Adaptive_NoAdaptiveWeighting,F1_Mean_Over_Rounds,10,0.9970245395714127,0.0011903085893048696,0.9961730441017962,0.9978760350410292,0.0017029909392329845,"0.9970 [0.9962, 0.9979]"
NBaIoT_MixedDevice_9Sources_Balanced,Sybil,NonIID_Dirichlet,Adaptive_NoAdaptiveWeighting,ASR_Mean_Over_Rounds,10,0.0017966666666666665,0.001117402558331712,0.0009973250297950374,0.0025960083035382955,0.0015986832737432581,"0.0018 [0.0010, 0.0026]"
NBaIoT_MixedDevice_9Sources_Balanced,Sybil,NonIID_Dirichlet,Adaptive_NoAdaptiveWeighting,F1_Final_Round,10,0.997333325823001,0.0010734453879463729,0.9965654292515322,0.9981012223944699,0.0015357931429376137,"0.9973 [0.9966, 0.9981]"
NBaIoT_MixedDevice_9Sources_Balanced,Sybil,NonIID_Dirichlet,Adaptive_NoAdaptiveWeighting,ASR_Final_Round,10,0.0017777777777777779,0.001073435314532551,0.0010098884123951515,0.0025456671431604043,0.0015357787307652528,"0.0018 [0.0010, 0.0025]"
NBaIoT_MixedDevice_9Sources_Balanced,Sybil,NonIID_Dirichlet,Adaptive_NoCircuitBreaker,F1_Mean_Over_Rounds,10,0.99705922281463,0.0009925126793533824,0.9963492220151736,0.9977692236140864,0.0014200015989127568,"0.9971 [0.9963, 0.9978]"
NBaIoT_MixedDevice_9Sources_Balanced,Sybil,NonIID_Dirichlet,Adaptive_NoCircuitBreaker,ASR_Mean_Over_Rounds,10,0.002095555555555556,0.0010950593622533484,0.0013121972783004358,0.0028789138328106758,0.00156671655451024,"0.0021 [0.0013, 0.0029]"
NBaIoT_MixedDevice_9Sources_Balanced,Sybil,NonIID_Dirichlet,Adaptive_NoCircuitBreaker,F1_Final_Round,10,0.9967777576814543,0.001588747662047697,0.9956412360695356,0.997914279293373,0.0022730432238373677,"0.9968 [0.9956, 0.9979]"
NBaIoT_MixedDevice_9Sources_Balanced,Sybil,NonIID_Dirichlet,Adaptive_NoCircuitBreaker,ASR_Final_Round,10,0.0026666666666666666,0.001829494671885699,0.0013579250186643596,0.003975408314668974,0.0026174832960046144,"0.0027 [0.0014, 0.0040]"
NBaIoT_MixedDevice_9Sources_Balanced,Sybil,NonIID_Dirichlet,Adaptive_NoTemporalMemory,F1_Mean_Over_Rounds,10,0.9972305324861767,0.0010444156160287984,0.9964834025625284,0.9979776624098249,0.001494259847296453,"0.9972 [0.9965, 0.9980]"
NBaIoT_MixedDevice_9Sources_Balanced,Sybil,NonIID_Dirichlet,Adaptive_NoTemporalMemory,ASR_Mean_Over_Rounds,10,0.0019422222222222224,0.0011358698316041424,0.0011296698938803862,0.0027547745505640585,0.0016251046566836723,"0.0019 [0.0011, 0.0028]"
NBaIoT_MixedDevice_9Sources_Balanced,Sybil,NonIID_Dirichlet,Adaptive_NoTemporalMemory,F1_Final_Round,10,0.9972222167695225,0.0010475699262427348,0.996472830388279,0.9979716031507659,0.0014987727624868885,"0.9972 [0.9965, 0.9980]"
NBaIoT_MixedDevice_9Sources_Balanced,Sybil,NonIID_Dirichlet,Adaptive_NoTemporalMemory,ASR_Final_Round,10,0.001888888888888889,0.0011770554505237559,0.0010468741436255034,0.0027309036341522748,0.0016840294905267714,"0.0019 [0.0010, 0.0027]"
NBaIoT_MixedDevice_9Sources_Balanced,Sybil,NonIID_Dirichlet,Adaptive_Ultimate,F1_Mean_Over_Rounds,10,0.9971425590959131,0.0010175553796986187,0.9964146438278201,0.9978704743640061,0.0014558305361860313,"0.9971 [0.9964, 0.9979]"
NBaIoT_MixedDevice_9Sources_Balanced,Sybil,NonIID_Dirichlet,Adaptive_Ultimate,ASR_Mean_Over_Rounds,10,0.0019822222222222225,0.0011718602799715649,0.001143923878091134,0.002820520566353311,0.001676596688262177,"0.0020 [0.0011, 0.0028]"
NBaIoT_MixedDevice_9Sources_Balanced,Sybil,NonIID_Dirichlet,Adaptive_Ultimate,F1_Final_Round,10,0.9972222167695225,0.0010475699262427348,0.996472830388279,0.9979716031507659,0.0014987727624868885,"0.9972 [0.9965, 0.9980]"
NBaIoT_MixedDevice_9Sources_Balanced,Sybil,NonIID_Dirichlet,Adaptive_Ultimate,ASR_Final_Round,10,0.001888888888888889,0.0011770554505237559,0.0010468741436255034,0.0027309036341522748,0.0016840294905267714,"0.0019 [0.0010, 0.0027]"
NBaIoT_MixedDevice_9Sources_Balanced,Sybil,NonIID_Dirichlet,FLAME,F1_Mean_Over_Rounds,10,0.9699739195469496,0.036139381521867874,0.9441213633971339,0.9958264756967652,0.05170511229963126,"0.9700 [0.9441, 0.9958]"
NBaIoT_MixedDevice_9Sources_Balanced,Sybil,NonIID_Dirichlet,FLAME,ASR_Mean_Over_Rounds,10,0.1517633333333333,0.05780295416575234,0.11041359088433489,0.19311307578233172,0.08269948489799683,"0.1518 [0.1104, 0.1931]"
NBaIoT_MixedDevice_9Sources_Balanced,Sybil,NonIID_Dirichlet,FLAME,F1_Final_Round,10,0.9076815857286109,0.15197147194520214,0.7989677437593973,1.0163954276978244,0.21742768393842715,"0.9077 [0.7990, 1.0164]"
NBaIoT_MixedDevice_9Sources_Balanced,Sybil,NonIID_Dirichlet,FLAME,ASR_Final_Round,10,0.6835555555555556,0.20229736766875253,0.5388407365304512,0.82827037458066,0.2894296380502088,"0.6836 [0.5388, 0.8283]"
NBaIoT_MixedDevice_9Sources_Balanced,Sybil,NonIID_Dirichlet,FLTrust,F1_Mean_Over_Rounds,10,0.9972449759885642,0.0010040848967716196,0.9965266969234601,0.9979632550536683,0.0014365581302082653,"0.9972 [0.9965, 0.9980]"
NBaIoT_MixedDevice_9Sources_Balanced,Sybil,NonIID_Dirichlet,FLTrust,ASR_Mean_Over_Rounds,10,0.0020044444444444445,0.0010977242951934185,0.0012191797890066494,0.0027897090998822397,0.0015705293108755902,"0.0020 [0.0012, 0.0028]"
NBaIoT_MixedDevice_9Sources_Balanced,Sybil,NonIID_Dirichlet,FLTrust,F1_Final_Round,10,0.997222208744707,0.0013354100645918813,0.9962669139326749,0.9981775035567392,0.0019105896240643183,"0.9972 [0.9963, 0.9982]"
NBaIoT_MixedDevice_9Sources_Balanced,Sybil,NonIID_Dirichlet,FLTrust,ASR_Final_Round,10,0.002333333333333333,0.0016101529717988266,0.0011814992852593935,0.003485167381407273,0.0023036680961478796,"0.0023 [0.0012, 0.0035]"
NBaIoT_MixedDevice_9Sources_Balanced,Sybil,NonIID_Dirichlet,FedAvg,F1_Mean_Over_Rounds,10,0.9961031825223851,0.001283434853541872,0.9951850685365178,0.9970212965082523,0.0018362279717345498,"0.9961 [0.9952, 0.9970]"
NBaIoT_MixedDevice_9Sources_Balanced,Sybil,NonIID_Dirichlet,FedAvg,ASR_Mean_Over_Rounds,10,0.1284311111111111,0.1781281510914215,0.0010059080769282691,0.255856314145294,0.25485040606836573,"0.1284 [0.0010, 0.2559]"
NBaIoT_MixedDevice_9Sources_Balanced,Sybil,NonIID_Dirichlet,FedAvg,F1_Final_Round,10,0.9949999299360897,0.0031427751744122286,0.9927517240111051,0.9972481358610742,0.004496411849969073,"0.9950 [0.9928, 0.9972]"
NBaIoT_MixedDevice_9Sources_Balanced,Sybil,NonIID_Dirichlet,FedAvg,ASR_Final_Round,10,0.40311111111111114,0.4448062724686275,0.0849158722737472,0.7213063499484751,0.6363904776747279,"0.4031 [0.0849, 0.7213]"
NBaIoT_MixedDevice_9Sources_Balanced,Sybil,NonIID_Dirichlet,Krum,F1_Mean_Over_Rounds,10,0.9013023947091181,0.06963214269097902,0.8514905605563607,0.9511142288618755,0.09962366830551472,"0.9013 [0.8515, 0.9511]"
NBaIoT_MixedDevice_9Sources_Balanced,Sybil,NonIID_Dirichlet,Krum,ASR_Mean_Over_Rounds,10,0.16451444444444446,0.055925437341500815,0.12450779662178367,0.20452109226710524,0.08001329564532157,"0.1645 [0.1245, 0.2045]"
NBaIoT_MixedDevice_9Sources_Balanced,Sybil,NonIID_Dirichlet,Krum,F1_Final_Round,10,0.7703837595633394,0.14406301508171643,0.6673272868271312,0.8734402322995476,0.20611294547241643,"0.7704 [0.6673, 0.8734]"
NBaIoT_MixedDevice_9Sources_Balanced,Sybil,NonIID_Dirichlet,Krum,ASR_Final_Round,10,0.6358888888888888,0.1368527790275814,0.5379903083078122,0.7337874694699654,0.19579716116215318,"0.6359 [0.5380, 0.7338]"
