Dataset,Attack,Partition_Mode,Metric,N_Seeds_Paired,N_Methods,Friedman_Statistic,P_Value,Significant_0_05,Status
Dataset_A_CPS-NetFlow-IDS,Cumulative,IID,F1_Mean_Over_Rounds,10,9,56.56649395509503,2.1877593444161745e-09,True,ok
Dataset_A_CPS-NetFlow-IDS,Cumulative,IID,ASR_Mean_Over_Rounds,10,9,18.4582593250444,0.01804136633431737,True,ok
Dataset_A_CPS-NetFlow-IDS,Cumulative,IID,F1_Final_Round,10,9,16.94642857142869,0.030671773982566146,True,ok
Dataset_A_CPS-NetFlow-IDS,Cumulative,IID,ASR_Final_Round,10,9,8.08528784648194,0.42518363210551885,False,ok
Dataset_A_CPS-NetFlow-IDS,Cumulative,NonIID_Dirichlet,F1_Mean_Over_Rounds,10,9,16.72852233676978,0.03306342552870874,True,ok
Dataset_A_CPS-NetFlow-IDS,Cumulative,NonIID_Dirichlet,ASR_Mean_Over_Rounds,10,9,30.79101899827292,0.0001530571069820899,True,ok
Dataset_A_CPS-NetFlow-IDS,Cumulative,NonIID_Dirichlet,F1_Final_Round,10,9,29.271557271557338,0.0002841126850824299,True,ok
Dataset_A_CPS-NetFlow-IDS,Cumulative,NonIID_Dirichlet,ASR_Final_Round,10,9,23.365967365967418,0.002924828703223142,True,ok
Dataset_A_CPS-NetFlow-IDS,OnOff,IID,F1_Mean_Over_Rounds,10,9,60.68326180257513,3.4226549648383064e-10,True,ok
Dataset_A_CPS-NetFlow-IDS,OnOff,IID,ASR_Mean_Over_Rounds,10,9,59.31810193321616,6.341275380604068e-10,True,ok
Dataset_A_CPS-NetFlow-IDS,OnOff,IID,F1_Final_Round,10,9,66.9090909090909,2.02106907259704e-11,True,ok
Dataset_A_CPS-NetFlow-IDS,OnOff,IID,ASR_Final_Round,10,9,71.46274921301153,2.511907035125784e-12,True,ok
Dataset_A_CPS-NetFlow-IDS,OnOff,NonIID_Dirichlet,F1_Mean_Over_Rounds,10,9,39.565365025466924,3.859631632761599e-06,True,ok
Dataset_A_CPS-NetFlow-IDS,OnOff,NonIID_Dirichlet,ASR_Mean_Over_Rounds,10,9,52.808219178082226,1.1746546995192609e-08,True,ok
Dataset_A_CPS-NetFlow-IDS,OnOff,NonIID_Dirichlet,F1_Final_Round,10,9,67.10647181628399,1.8468882268218283e-11,True,ok
Dataset_A_CPS-NetFlow-IDS,OnOff,NonIID_Dirichlet,ASR_Final_Round,10,9,70.86073298429324,3.3115035622900438e-12,True,ok
Dataset_A_CPS-NetFlow-IDS,Scaling,IID,F1_Mean_Over_Rounds,10,9,62.949356223175975,1.2259231605341581e-10,True,ok
Dataset_A_CPS-NetFlow-IDS,Scaling,IID,ASR_Mean_Over_Rounds,10,9,58.36123348017626,9.761392269772792e-10,True,ok
Dataset_A_CPS-NetFlow-IDS,Scaling,IID,F1_Final_Round,10,9,61.66371681415935,2.19603639387388e-10,True,ok
Dataset_A_CPS-NetFlow-IDS,Scaling,IID,ASR_Final_Round,10,9,49.1769911504425,5.879927220302291e-08,True,ok
Dataset_A_CPS-NetFlow-IDS,Scaling,NonIID_Dirichlet,F1_Mean_Over_Rounds,10,9,63.24553950722178,1.0716779450729303e-10,True,ok
Dataset_A_CPS-NetFlow-IDS,Scaling,NonIID_Dirichlet,ASR_Mean_Over_Rounds,10,9,62.47684391080622,1.5190547826525248e-10,True,ok
Dataset_A_CPS-NetFlow-IDS,Scaling,NonIID_Dirichlet,F1_Final_Round,10,9,68.15450643776825,1.1440371764606432e-11,True,ok
Dataset_A_CPS-NetFlow-IDS,Scaling,NonIID_Dirichlet,ASR_Final_Round,10,9,49.804713804713835,4.4555132199830345e-08,True,ok
Dataset_A_CPS-NetFlow-IDS,Sybil,IID,F1_Mean_Over_Rounds,10,9,61.64146134239596,2.218286481855663e-10,True,ok
Dataset_A_CPS-NetFlow-IDS,Sybil,IID,ASR_Mean_Over_Rounds,10,9,66.27979274611403,2.693390968037937e-11,True,ok
Dataset_A_CPS-NetFlow-IDS,Sybil,IID,F1_Final_Round,10,9,71.7777777777778,2.1735154098207838e-12,True,ok
Dataset_A_CPS-NetFlow-IDS,Sybil,IID,ASR_Final_Round,10,9,72.18163869693979,1.805374666017239e-12,True,ok
Dataset_A_CPS-NetFlow-IDS,Sybil,NonIID_Dirichlet,F1_Mean_Over_Rounds,10,9,45.39644970414201,3.0950028747168654e-07,True,ok
Dataset_A_CPS-NetFlow-IDS,Sybil,NonIID_Dirichlet,ASR_Mean_Over_Rounds,10,9,42.19420783645659,1.24520010601043e-06,True,ok
Dataset_A_CPS-NetFlow-IDS,Sybil,NonIID_Dirichlet,F1_Final_Round,10,9,47.74864572047674,1.1035008628627059e-07,True,ok
Dataset_A_CPS-NetFlow-IDS,Sybil,NonIID_Dirichlet,ASR_Final_Round,10,9,51.11777301927198,2.4904870835591437e-08,True,ok
