Attack,Partition,Variant,Metric,n,Delta,Low,High,Dz,P_Holm,P_Raw,Status
Scaling,IID,Adaptive_NoTemporalMemory,F1,10,0,0,0,0,1,1,identical_values
Scaling,IID,Adaptive_NoTemporalMemory,ASR,10,0,0,0,0,1,1,identical_values
Scaling,IID,Adaptive_NoAdaptiveWeighting,F1,10,0.00005555577846333426,-0.00017003965816867828,0.0002811512150953468,0.17616584086381215,1,1,ok
Scaling,IID,Adaptive_NoAdaptiveWeighting,ASR,10,-0.00011111111111111112,-0.0003624619069712211,0.00014023968474899891,-0.31622776601683794,1,1,ok
Scaling,IID,Adaptive_NoCircuitBreaker,F1,10,0.00027778211596536374,-0.000625570863354553,0.0011811350952852806,0.2199730997240317,1,0.578125,ok
Scaling,IID,Adaptive_NoCircuitBreaker,ASR,10,-0.0005555555555555556,-0.0014140819656099923,0.0003029708544988811,-0.46291004988627577,1,0.125,ok
Scaling,IID,Adaptive_FixedCircuitBreaker,F1,10,0.0001666675411544194,-0.0001605200510811044,0.0004938551333899433,0.36439883232834774,1,0.625,ok
Scaling,IID,Adaptive_FixedCircuitBreaker,ASR,10,0,-0.0003746916438279194,0.0003746916438279194,0,1,1,ok
Scaling,NonIID_Dirichlet,Adaptive_NoTemporalMemory,F1,10,0.000055555641289706247,-0.00017003885416399037,0.00028115013674340287,0.17616614085059676,1,0.75,ok
Scaling,NonIID_Dirichlet,Adaptive_NoTemporalMemory,ASR,10,0.00011111111111111112,-0.00014023968474899902,0.00036246190697122123,0.31622776601683794,1,1,ok
Scaling,NonIID_Dirichlet,Adaptive_NoAdaptiveWeighting,F1,10,-0.0002777780349796255,-0.000664001193861343,0.00010844512390209207,-0.5144964279717523,1,0.125,ok
Scaling,NonIID_Dirichlet,Adaptive_NoAdaptiveWeighting,ASR,10,0.00011111111111111116,-0.00034007737559259364,0.0005622995978148159,0.1761660658544111,1,0.75,ok
Scaling,NonIID_Dirichlet,Adaptive_NoCircuitBreaker,F1,10,0.0004444488340801356,-0.0005433581072376726,0.0014322557753979437,0.32186405005176305,1,0.9375,ok
Scaling,NonIID_Dirichlet,Adaptive_NoCircuitBreaker,ASR,10,-0.0012222222222222222,-0.00274191905707153,0.0002974746126270856,-0.5753286360973855,1,0.125,ok
Scaling,NonIID_Dirichlet,Adaptive_FixedCircuitBreaker,F1,10,-0.00005555444100433515,-0.0003487969161214143,0.00023768803411274402,-0.13552352200314405,1,1,ok
Scaling,NonIID_Dirichlet,Adaptive_FixedCircuitBreaker,ASR,10,0.00011111111111111116,-0.00034007737559259364,0.0005622995978148159,0.1761660658544111,1,0.75,ok
Sybil,IID,Adaptive_NoTemporalMemory,F1,10,-4.115244256475137e-10,-0.00018734721642985416,0.00018734639338100287,-0.0000015713470000394155,1,1,ok
Sybil,IID,Adaptive_NoTemporalMemory,ASR,10,0,0,0,0,1,1,identical_values
Sybil,IID,Adaptive_NoAdaptiveWeighting,F1,10,-0.00011111255144852228,-0.0005996533366064989,0.0003774282337094543,-0.1626990692107891,1,0.4375,ok
Sybil,IID,Adaptive_NoAdaptiveWeighting,ASR,10,0,0,0,0,1,1,identical_values
Sybil,IID,Adaptive_NoCircuitBreaker,F1,10,-0.00011110919064301061,-0.00047631459298009936,0.0002540962116940781,-0.21763842027702288,1,0.5625,ok
Sybil,IID,Adaptive_NoCircuitBreaker,ASR,10,-0.00022222222222222226,-0.0007249238139424426,0.000280479369497998,-0.316227766016838,1,0.375,ok
Sybil,IID,Adaptive_FixedCircuitBreaker,F1,10,-0.00027778043554177456,-0.0007822277148850792,0.0002266668438015301,-0.3939205563007646,1,0.15625,ok
Sybil,IID,Adaptive_FixedCircuitBreaker,ASR,10,0,0,0,0,1,1,identical_values
Sybil,NonIID_Dirichlet,Adaptive_NoTemporalMemory,F1,10,0,0,0,0,1,1,identical_values
Sybil,NonIID_Dirichlet,Adaptive_NoTemporalMemory,ASR,10,0,0,0,0,1,1,identical_values
Sybil,NonIID_Dirichlet,Adaptive_NoAdaptiveWeighting,F1,10,-0.00011110905347861965,-0.0004763151320962671,0.00025409702513902774,-0.21763774858467946,1,1,ok
Sybil,NonIID_Dirichlet,Adaptive_NoAdaptiveWeighting,ASR,10,0.00011111111111111113,-0.000140239684748999,0.0003624619069712213,0.316227766016838,1,1,ok
Sybil,NonIID_Dirichlet,Adaptive_NoCircuitBreaker,F1,10,0.0004444590880681054,-0.0005952940693790606,0.0014842122455152715,0.3057907309880498,1,0.375,ok
Sybil,NonIID_Dirichlet,Adaptive_NoCircuitBreaker,ASR,10,-0.0007777777777777777,-0.0016197925229990626,0.0000642369674435071,-0.6607826143039303,1,0.09375,ok
Sybil,NonIID_Dirichlet,Adaptive_FixedCircuitBreaker,F1,10,-0.00033333305898469723,-0.0007605471567700001,0.00009388103880060561,-0.5581559854020403,1,0.1875,ok
Sybil,NonIID_Dirichlet,Adaptive_FixedCircuitBreaker,ASR,10,0.00011111111111111116,-0.00047537407922914595,0.0006975963014513683,0.13552618543578773,1,1,ok
OnOff,IID,Adaptive_NoTemporalMemory,F1,10,0.00005555557270259248,-0.0001700391244317373,0.00028115026983692226,0.17616576587030955,1,0.75,ok
OnOff,IID,Adaptive_NoTemporalMemory,ASR,10,-0.00011111111111111112,-0.0003624619069712211,0.00014023968474899891,-0.31622776601683794,1,1,ok
OnOff,IID,Adaptive_NoAdaptiveWeighting,F1,10,-0.00005555560699590512,-0.00018123112129211542,0.0000701199073003052,-0.31622776601683794,1,1,ok
OnOff,IID,Adaptive_NoAdaptiveWeighting,ASR,10,0,-0.0003746916438279194,0.0003746916438279194,0,1,1,ok
OnOff,IID,Adaptive_NoCircuitBreaker,F1,10,0.000055556910158427454,-0.0006566047664832636,0.0007677185868001185,0.05580617528119748,1,0.6875,ok
OnOff,IID,Adaptive_NoCircuitBreaker,ASR,10,-0.00011111111111111113,-0.0005622995978148158,0.0003400773755925936,-0.1761660658544111,1,0.5,ok
OnOff,IID,Adaptive_FixedCircuitBreaker,F1,10,0.00005555577846396709,-0.00007012012371994777,0.00018123168064788193,0.31622776601683794,1,1,ok
OnOff,IID,Adaptive_FixedCircuitBreaker,ASR,10,-0.00011111111111111112,-0.0003624619069712211,0.00014023968474899891,-0.31622776601683794,1,1,ok
OnOff,NonIID_Dirichlet,Adaptive_NoTemporalMemory,F1,10,-0.00011111083676235145,-0.0002786776202558402,0.000056455946731137293,-0.4743416490250027,1,0.5,ok
OnOff,NonIID_Dirichlet,Adaptive_NoTemporalMemory,ASR,10,0.00011111111111111113,-0.000140239684748999,0.0003624619069712213,0.316227766016838,1,1,ok
OnOff,NonIID_Dirichlet,Adaptive_NoAdaptiveWeighting,F1,10,-0.000055555469821644275,-0.000450761962068933,0.0003396510224256445,-0.10056006108190542,1,1,ok
OnOff,NonIID_Dirichlet,Adaptive_NoAdaptiveWeighting,ASR,10,-0.00011111111111111112,-0.00036246190697122123,0.00014023968474899902,-0.31622776601683794,1,1,ok
OnOff,NonIID_Dirichlet,Adaptive_NoCircuitBreaker,F1,10,0.00038888904320611984,-0.0003616668743896578,0.0011394449608018976,0.37065121489936953,1,0.5625,ok
OnOff,NonIID_Dirichlet,Adaptive_NoCircuitBreaker,ASR,10,-0.0007777777777777777,-0.0019049708149226755,0.0003494152593671202,-0.4936055194583818,1,0.3125,ok
OnOff,NonIID_Dirichlet,Adaptive_FixedCircuitBreaker,F1,10,0.00005555622428398133,-0.00017003862171791534,0.000281151070285878,0.17616771577246895,1,0.5,ok
OnOff,NonIID_Dirichlet,Adaptive_FixedCircuitBreaker,ASR,10,-0.00011111111111111112,-0.00036246190697122123,0.00014023968474899902,-0.31622776601683794,1,1,ok
Cumulative,IID,Adaptive_NoTemporalMemory,F1,10,-0.00005555691016592146,-0.00018123537243751848,0.00007012155210567558,-0.31622776601683794,1,1,ok
Cumulative,IID,Adaptive_NoTemporalMemory,ASR,10,0,0,0,0,1,1,identical_values
Cumulative,IID,Adaptive_NoAdaptiveWeighting,F1,10,-0.00011111227710662863,-0.00042460322149474265,0.0002023786672814854,-0.2535477856289757,1,0.5,ok
Cumulative,IID,Adaptive_NoAdaptiveWeighting,ASR,10,0.00011111111111111112,-0.00014023968474899897,0.00036246190697122123,0.31622776601683794,1,1,ok
Cumulative,IID,Adaptive_NoCircuitBreaker,F1,10,-0.000055555881344793166,-0.0001812320162613057,0.00007012025357171935,-0.3162277660168379,1,1,ok
Cumulative,IID,Adaptive_NoCircuitBreaker,ASR,10,0,0,0,0,1,1,identical_values
Cumulative,IID,Adaptive_FixedCircuitBreaker,F1,10,-0.000055555881344793166,-0.0001812320162613057,0.00007012025357171935,-0.3162277660168379,1,1,ok
Cumulative,IID,Adaptive_FixedCircuitBreaker,ASR,10,0,0,0,0,1,1,identical_values
Cumulative,NonIID_Dirichlet,Adaptive_NoTemporalMemory,F1,10,0.000055555469821644275,-0.0000701197341648293,0.00018123067380811786,0.31622776601683794,1,1,ok
Cumulative,NonIID_Dirichlet,Adaptive_NoTemporalMemory,ASR,10,0,0,0,0,1,1,identical_values
Cumulative,NonIID_Dirichlet,Adaptive_NoAdaptiveWeighting,F1,10,-0.0005000078704884947,-0.000895224428192344,-0.00010479131278464537,-0.9050331424945262,0.71875,0.03125,ok
Cumulative,NonIID_Dirichlet,Adaptive_NoAdaptiveWeighting,ASR,10,0.00022222222222222226,-0.000280479369497998,0.0007249238139424426,0.316227766016838,1,1,ok
Cumulative,NonIID_Dirichlet,Adaptive_NoCircuitBreaker,F1,10,-0.000055555469821644275,-0.00018123067380811786,0.0000701197341648293,-0.31622776601683794,1,1,ok
Cumulative,NonIID_Dirichlet,Adaptive_NoCircuitBreaker,ASR,10,0.00011111111111111113,-0.000140239684748999,0.0003624619069712213,0.316227766016838,1,1,ok
Cumulative,NonIID_Dirichlet,Adaptive_FixedCircuitBreaker,F1,10,0,0,0,0,1,1,identical_values
Cumulative,NonIID_Dirichlet,Adaptive_FixedCircuitBreaker,ASR,10,0,0,0,0,1,1,identical_values
